[0.109s] DEBUG:colcon:Command line arguments: ['/usr/bin/colcon', 'build', '--symlink-install', '--cmake-args', '-DCMAKE_BUILD_TYPE=Release']
[0.109s] DEBUG:colcon:Parsed command line arguments: Namespace(log_base=None, log_level=None, verb_name='build', build_base='build', install_base='install', merge_install=False, symlink_install=True, test_result_base=None, continue_on_error=False, executor='parallel', parallel_workers=14, event_handlers=None, ignore_user_meta=False, metas=['./colcon.meta'], base_paths=['.'], packages_ignore=None, packages_ignore_regex=None, paths=None, packages_up_to=None, packages_up_to_regex=None, packages_above=None, packages_above_and_dependencies=None, packages_above_depth=None, packages_select_by_dep=None, packages_skip_by_dep=None, packages_skip_up_to=None, packages_select_build_failed=False, packages_skip_build_finished=False, packages_select_test_failures=False, packages_skip_test_passed=False, packages_select=None, packages_skip=None, packages_select_regex=None, packages_skip_regex=None, packages_start=None, packages_end=None, allow_overriding=[], cmake_args=['-DCMAKE_BUILD_TYPE=Release'], cmake_target=None, cmake_target_skip_unavailable=False, cmake_clean_cache=False, cmake_clean_first=False, cmake_force_configure=False, ament_cmake_args=None, catkin_cmake_args=None, catkin_skip_building_tests=False, mixin_files=None, mixin=None, verb_parser=<colcon_mixin.mixin.mixin_argument.MixinArgumentDecorator object at 0x7d57d686f2f0>, verb_extension=<colcon_core.verb.build.BuildVerb object at 0x7d57d686c9b0>, main=<bound method BuildVerb.main of <colcon_core.verb.build.BuildVerb object at 0x7d57d686c9b0>>, mixin_verb=('build',))
[0.138s] Level 1:colcon.colcon_core.package_discovery:discover_packages(colcon_meta) check parameters
[0.139s] Level 1:colcon.colcon_core.package_discovery:discover_packages(recursive) check parameters
[0.139s] Level 1:colcon.colcon_core.package_discovery:discover_packages(ignore) check parameters
[0.139s] Level 1:colcon.colcon_core.package_discovery:discover_packages(path) check parameters
[0.139s] Level 1:colcon.colcon_core.package_discovery:discover_packages(colcon_meta) discover
[0.139s] Level 1:colcon.colcon_core.package_discovery:discover_packages(recursive) discover
[0.139s] INFO:colcon.colcon_core.package_discovery:Crawling recursively for packages in '/home/youn/ROS/open_manipulator_ws'
[0.139s] Level 1:colcon.colcon_core.package_identification:_identify(.) by extensions ['ignore', 'ignore_ament_install']
[0.139s] Level 1:colcon.colcon_core.package_identification:_identify(.) by extension 'ignore'
[0.139s] Level 1:colcon.colcon_core.package_identification:_identify(.) by extension 'ignore_ament_install'
[0.139s] Level 1:colcon.colcon_core.package_identification:_identify(.) by extensions ['colcon_pkg']
[0.139s] Level 1:colcon.colcon_core.package_identification:_identify(.) by extension 'colcon_pkg'
[0.139s] Level 1:colcon.colcon_core.package_identification:_identify(.) by extensions ['colcon_meta']
[0.139s] Level 1:colcon.colcon_core.package_identification:_identify(.) by extension 'colcon_meta'
[0.139s] Level 1:colcon.colcon_core.package_identification:_identify(.) by extensions ['ros']
[0.139s] Level 1:colcon.colcon_core.package_identification:_identify(.) by extension 'ros'
[0.163s] Level 1:colcon.colcon_core.package_identification:_identify(.) by extensions ['cmake', 'python']
[0.163s] Level 1:colcon.colcon_core.package_identification:_identify(.) by extension 'cmake'
[0.163s] Level 1:colcon.colcon_core.package_identification:_identify(.) by extension 'python'
[0.163s] Level 1:colcon.colcon_core.package_identification:_identify(.) by extensions ['python_setup_py']
[0.163s] Level 1:colcon.colcon_core.package_identification:_identify(.) by extension 'python_setup_py'
[0.163s] Level 1:colcon.colcon_core.package_identification:_identify(build) by extensions ['ignore', 'ignore_ament_install']
[0.163s] Level 1:colcon.colcon_core.package_identification:_identify(build) by extension 'ignore'
[0.163s] Level 1:colcon.colcon_core.package_identification:_identify(build) ignored
[0.163s] Level 1:colcon.colcon_core.package_identification:_identify(install) by extensions ['ignore', 'ignore_ament_install']
[0.163s] Level 1:colcon.colcon_core.package_identification:_identify(install) by extension 'ignore'
[0.163s] Level 1:colcon.colcon_core.package_identification:_identify(install) ignored
[0.163s] Level 1:colcon.colcon_core.package_identification:_identify(log) by extensions ['ignore', 'ignore_ament_install']
[0.163s] Level 1:colcon.colcon_core.package_identification:_identify(log) by extension 'ignore'
[0.163s] Level 1:colcon.colcon_core.package_identification:_identify(log) ignored
[0.163s] Level 1:colcon.colcon_core.package_identification:_identify(src) by extensions ['ignore', 'ignore_ament_install']
[0.163s] Level 1:colcon.colcon_core.package_identification:_identify(src) by extension 'ignore'
[0.163s] Level 1:colcon.colcon_core.package_identification:_identify(src) by extension 'ignore_ament_install'
[0.164s] Level 1:colcon.colcon_core.package_identification:_identify(src) by extensions ['colcon_pkg']
[0.164s] Level 1:colcon.colcon_core.package_identification:_identify(src) by extension 'colcon_pkg'
[0.164s] Level 1:colcon.colcon_core.package_identification:_identify(src) by extensions ['colcon_meta']
[0.164s] Level 1:colcon.colcon_core.package_identification:_identify(src) by extension 'colcon_meta'
[0.164s] Level 1:colcon.colcon_core.package_identification:_identify(src) by extensions ['ros']
[0.164s] Level 1:colcon.colcon_core.package_identification:_identify(src) by extension 'ros'
[0.164s] Level 1:colcon.colcon_core.package_identification:_identify(src) by extensions ['cmake', 'python']
[0.164s] Level 1:colcon.colcon_core.package_identification:_identify(src) by extension 'cmake'
[0.164s] Level 1:colcon.colcon_core.package_identification:_identify(src) by extension 'python'
[0.164s] Level 1:colcon.colcon_core.package_identification:_identify(src) by extensions ['python_setup_py']
[0.164s] Level 1:colcon.colcon_core.package_identification:_identify(src) by extension 'python_setup_py'
[0.164s] Level 1:colcon.colcon_core.package_identification:_identify(src/DynamixelSDK) by extensions ['ignore', 'ignore_ament_install']
[0.164s] Level 1:colcon.colcon_core.package_identification:_identify(src/DynamixelSDK) by extension 'ignore'
[0.164s] Level 1:colcon.colcon_core.package_identification:_identify(src/DynamixelSDK) by extension 'ignore_ament_install'
[0.164s] Level 1:colcon.colcon_core.package_identification:_identify(src/DynamixelSDK) by extensions ['colcon_pkg']
[0.164s] Level 1:colcon.colcon_core.package_identification:_identify(src/DynamixelSDK) by extension 'colcon_pkg'
[0.164s] Level 1:colcon.colcon_core.package_identification:_identify(src/DynamixelSDK) by extensions ['colcon_meta']
[0.164s] Level 1:colcon.colcon_core.package_identification:_identify(src/DynamixelSDK) by extension 'colcon_meta'
[0.164s] Level 1:colcon.colcon_core.package_identification:_identify(src/DynamixelSDK) by extensions ['ros']
[0.164s] Level 1:colcon.colcon_core.package_identification:_identify(src/DynamixelSDK) by extension 'ros'
[0.164s] Level 1:colcon.colcon_core.package_identification:_identify(src/DynamixelSDK) by extensions ['cmake', 'python']
[0.164s] Level 1:colcon.colcon_core.package_identification:_identify(src/DynamixelSDK) by extension 'cmake'
[0.164s] Level 1:colcon.colcon_core.package_identification:_identify(src/DynamixelSDK) by extension 'python'
[0.164s] Level 1:colcon.colcon_core.package_identification:_identify(src/DynamixelSDK) by extensions ['python_setup_py']
[0.164s] Level 1:colcon.colcon_core.package_identification:_identify(src/DynamixelSDK) by extension 'python_setup_py'
[0.164s] Level 1:colcon.colcon_core.package_identification:_identify(src/DynamixelSDK/c) by extensions ['ignore', 'ignore_ament_install']
[0.164s] Level 1:colcon.colcon_core.package_identification:_identify(src/DynamixelSDK/c) by extension 'ignore'
[0.164s] Level 1:colcon.colcon_core.package_identification:_identify(src/DynamixelSDK/c) ignored
[0.165s] Level 1:colcon.colcon_core.package_identification:_identify(src/DynamixelSDK/c#) by extensions ['ignore', 'ignore_ament_install']
[0.165s] Level 1:colcon.colcon_core.package_identification:_identify(src/DynamixelSDK/c#) by extension 'ignore'
[0.165s] Level 1:colcon.colcon_core.package_identification:_identify(src/DynamixelSDK/c#) by extension 'ignore_ament_install'
[0.165s] Level 1:colcon.colcon_core.package_identification:_identify(src/DynamixelSDK/c#) by extensions ['colcon_pkg']
[0.165s] Level 1:colcon.colcon_core.package_identification:_identify(src/DynamixelSDK/c#) by extension 'colcon_pkg'
[0.165s] Level 1:colcon.colcon_core.package_identification:_identify(src/DynamixelSDK/c#) by extensions ['colcon_meta']
[0.165s] Level 1:colcon.colcon_core.package_identification:_identify(src/DynamixelSDK/c#) by extension 'colcon_meta'
[0.165s] Level 1:colcon.colcon_core.package_identification:_identify(src/DynamixelSDK/c#) by extensions ['ros']
[0.165s] Level 1:colcon.colcon_core.package_identification:_identify(src/DynamixelSDK/c#) by extension 'ros'
[0.165s] Level 1:colcon.colcon_core.package_identification:_identify(src/DynamixelSDK/c#) by extensions ['cmake', 'python']
[0.165s] Level 1:colcon.colcon_core.package_identification:_identify(src/DynamixelSDK/c#) by extension 'cmake'
[0.165s] Level 1:colcon.colcon_core.package_identification:_identify(src/DynamixelSDK/c#) by extension 'python'
[0.165s] Level 1:colcon.colcon_core.package_identification:_identify(src/DynamixelSDK/c#) by extensions ['python_setup_py']
[0.165s] Level 1:colcon.colcon_core.package_identification:_identify(src/DynamixelSDK/c#) by extension 'python_setup_py'
[0.165s] Level 1:colcon.colcon_core.package_identification:_identify(src/DynamixelSDK/c#/dynamixel_functions_csharp) by extensions ['ignore', 'ignore_ament_install']
[0.165s] Level 1:colcon.colcon_core.package_identification:_identify(src/DynamixelSDK/c#/dynamixel_functions_csharp) by extension 'ignore'
[0.165s] Level 1:colcon.colcon_core.package_identification:_identify(src/DynamixelSDK/c#/dynamixel_functions_csharp) by extension 'ignore_ament_install'
[0.165s] Level 1:colcon.colcon_core.package_identification:_identify(src/DynamixelSDK/c#/dynamixel_functions_csharp) by extensions ['colcon_pkg']
[0.165s] Level 1:colcon.colcon_core.package_identification:_identify(src/DynamixelSDK/c#/dynamixel_functions_csharp) by extension 'colcon_pkg'
[0.165s] Level 1:colcon.colcon_core.package_identification:_identify(src/DynamixelSDK/c#/dynamixel_functions_csharp) by extensions ['colcon_meta']
[0.165s] Level 1:colcon.colcon_core.package_identification:_identify(src/DynamixelSDK/c#/dynamixel_functions_csharp) by extension 'colcon_meta'
[0.165s] Level 1:colcon.colcon_core.package_identification:_identify(src/DynamixelSDK/c#/dynamixel_functions_csharp) by extensions ['ros']
[0.165s] Level 1:colcon.colcon_core.package_identification:_identify(src/DynamixelSDK/c#/dynamixel_functions_csharp) by extension 'ros'
[0.165s] Level 1:colcon.colcon_core.package_identification:_identify(src/DynamixelSDK/c#/dynamixel_functions_csharp) by extensions ['cmake', 'python']
[0.165s] Level 1:colcon.colcon_core.package_identification:_identify(src/DynamixelSDK/c#/dynamixel_functions_csharp) by extension 'cmake'
[0.165s] Level 1:colcon.colcon_core.package_identification:_identify(src/DynamixelSDK/c#/dynamixel_functions_csharp) by extension 'python'
[0.165s] Level 1:colcon.colcon_core.package_identification:_identify(src/DynamixelSDK/c#/dynamixel_functions_csharp) by extensions ['python_setup_py']
[0.165s] Level 1:colcon.colcon_core.package_identification:_identify(src/DynamixelSDK/c#/dynamixel_functions_csharp) by extension 'python_setup_py'
[0.165s] Level 1:colcon.colcon_core.package_identification:_identify(src/DynamixelSDK/c#/dynamixel_functions_csharp/win32) by extensions ['ignore', 'ignore_ament_install']
[0.165s] Level 1:colcon.colcon_core.package_identification:_identify(src/DynamixelSDK/c#/dynamixel_functions_csharp/win32) by extension 'ignore'
[0.165s] Level 1:colcon.colcon_core.package_identification:_identify(src/DynamixelSDK/c#/dynamixel_functions_csharp/win32) by extension 'ignore_ament_install'
[0.165s] Level 1:colcon.colcon_core.package_identification:_identify(src/DynamixelSDK/c#/dynamixel_functions_csharp/win32) by extensions ['colcon_pkg']
[0.165s] Level 1:colcon.colcon_core.package_identification:_identify(src/DynamixelSDK/c#/dynamixel_functions_csharp/win32) by extension 'colcon_pkg'
[0.165s] Level 1:colcon.colcon_core.package_identification:_identify(src/DynamixelSDK/c#/dynamixel_functions_csharp/win32) by extensions ['colcon_meta']
[0.165s] Level 1:colcon.colcon_core.package_identification:_identify(src/DynamixelSDK/c#/dynamixel_functions_csharp/win32) by extension 'colcon_meta'
[0.165s] Level 1:colcon.colcon_core.package_identification:_identify(src/DynamixelSDK/c#/dynamixel_functions_csharp/win32) by extensions ['ros']
[0.165s] Level 1:colcon.colcon_core.package_identification:_identify(src/DynamixelSDK/c#/dynamixel_functions_csharp/win32) by extension 'ros'
[0.165s] Level 1:colcon.colcon_core.package_identification:_identify(src/DynamixelSDK/c#/dynamixel_functions_csharp/win32) by extensions ['cmake', 'python']
[0.165s] Level 1:colcon.colcon_core.package_identification:_identify(src/DynamixelSDK/c#/dynamixel_functions_csharp/win32) by extension 'cmake'
[0.165s] Level 1:colcon.colcon_core.package_identification:_identify(src/DynamixelSDK/c#/dynamixel_functions_csharp/win32) by extension 'python'
[0.166s] Level 1:colcon.colcon_core.package_identification:_identify(src/DynamixelSDK/c#/dynamixel_functions_csharp/win32) by extensions ['python_setup_py']
[0.166s] Level 1:colcon.colcon_core.package_identification:_identify(src/DynamixelSDK/c#/dynamixel_functions_csharp/win32) by extension 'python_setup_py'
[0.166s] Level 1:colcon.colcon_core.package_identification:_identify(src/DynamixelSDK/c#/dynamixel_functions_csharp/win64) by extensions ['ignore', 'ignore_ament_install']
[0.166s] Level 1:colcon.colcon_core.package_identification:_identify(src/DynamixelSDK/c#/dynamixel_functions_csharp/win64) by extension 'ignore'
[0.166s] Level 1:colcon.colcon_core.package_identification:_identify(src/DynamixelSDK/c#/dynamixel_functions_csharp/win64) by extension 'ignore_ament_install'
[0.166s] Level 1:colcon.colcon_core.package_identification:_identify(src/DynamixelSDK/c#/dynamixel_functions_csharp/win64) by extensions ['colcon_pkg']
[0.166s] Level 1:colcon.colcon_core.package_identification:_identify(src/DynamixelSDK/c#/dynamixel_functions_csharp/win64) by extension 'colcon_pkg'
[0.166s] Level 1:colcon.colcon_core.package_identification:_identify(src/DynamixelSDK/c#/dynamixel_functions_csharp/win64) by extensions ['colcon_meta']
[0.166s] Level 1:colcon.colcon_core.package_identification:_identify(src/DynamixelSDK/c#/dynamixel_functions_csharp/win64) by extension 'colcon_meta'
[0.166s] Level 1:colcon.colcon_core.package_identification:_identify(src/DynamixelSDK/c#/dynamixel_functions_csharp/win64) by extensions ['ros']
[0.166s] Level 1:colcon.colcon_core.package_identification:_identify(src/DynamixelSDK/c#/dynamixel_functions_csharp/win64) by extension 'ros'
[0.166s] Level 1:colcon.colcon_core.package_identification:_identify(src/DynamixelSDK/c#/dynamixel_functions_csharp/win64) by extensions ['cmake', 'python']
[0.166s] Level 1:colcon.colcon_core.package_identification:_identify(src/DynamixelSDK/c#/dynamixel_functions_csharp/win64) by extension 'cmake'
[0.166s] Level 1:colcon.colcon_core.package_identification:_identify(src/DynamixelSDK/c#/dynamixel_functions_csharp/win64) by extension 'python'
[0.166s] Level 1:colcon.colcon_core.package_identification:_identify(src/DynamixelSDK/c#/dynamixel_functions_csharp/win64) by extensions ['python_setup_py']
[0.166s] Level 1:colcon.colcon_core.package_identification:_identify(src/DynamixelSDK/c#/dynamixel_functions_csharp/win64) by extension 'python_setup_py'
[0.166s] Level 1:colcon.colcon_core.package_identification:_identify(src/DynamixelSDK/c#/protocol1.0) by extensions ['ignore', 'ignore_ament_install']
[0.166s] Level 1:colcon.colcon_core.package_identification:_identify(src/DynamixelSDK/c#/protocol1.0) by extension 'ignore'
[0.166s] Level 1:colcon.colcon_core.package_identification:_identify(src/DynamixelSDK/c#/protocol1.0) by extension 'ignore_ament_install'
[0.166s] Level 1:colcon.colcon_core.package_identification:_identify(src/DynamixelSDK/c#/protocol1.0) by extensions ['colcon_pkg']
[0.166s] Level 1:colcon.colcon_core.package_identification:_identify(src/DynamixelSDK/c#/protocol1.0) by extension 'colcon_pkg'
[0.166s] Level 1:colcon.colcon_core.package_identification:_identify(src/DynamixelSDK/c#/protocol1.0) by extensions ['colcon_meta']
[0.166s] Level 1:colcon.colcon_core.package_identification:_identify(src/DynamixelSDK/c#/protocol1.0) by extension 'colcon_meta'
[0.166s] Level 1:colcon.colcon_core.package_identification:_identify(src/DynamixelSDK/c#/protocol1.0) by extensions ['ros']
[0.166s] Level 1:colcon.colcon_core.package_identification:_identify(src/DynamixelSDK/c#/protocol1.0) by extension 'ros'
[0.166s] Level 1:colcon.colcon_core.package_identification:_identify(src/DynamixelSDK/c#/protocol1.0) by extensions ['cmake', 'python']
[0.166s] Level 1:colcon.colcon_core.package_identification:_identify(src/DynamixelSDK/c#/protocol1.0) by extension 'cmake'
[0.166s] Level 1:colcon.colcon_core.package_identification:_identify(src/DynamixelSDK/c#/protocol1.0) by extension 'python'
[0.166s] Level 1:colcon.colcon_core.package_identification:_identify(src/DynamixelSDK/c#/protocol1.0) by extensions ['python_setup_py']
[0.166s] Level 1:colcon.colcon_core.package_identification:_identify(src/DynamixelSDK/c#/protocol1.0) by extension 'python_setup_py'
[0.166s] Level 1:colcon.colcon_core.package_identification:_identify(src/DynamixelSDK/c#/protocol1.0/bulk_read) by extensions ['ignore', 'ignore_ament_install']
[0.166s] Level 1:colcon.colcon_core.package_identification:_identify(src/DynamixelSDK/c#/protocol1.0/bulk_read) by extension 'ignore'
[0.166s] Level 1:colcon.colcon_core.package_identification:_identify(src/DynamixelSDK/c#/protocol1.0/bulk_read) by extension 'ignore_ament_install'
[0.166s] Level 1:colcon.colcon_core.package_identification:_identify(src/DynamixelSDK/c#/protocol1.0/bulk_read) by extensions ['colcon_pkg']
[0.166s] Level 1:colcon.colcon_core.package_identification:_identify(src/DynamixelSDK/c#/protocol1.0/bulk_read) by extension 'colcon_pkg'
[0.166s] Level 1:colcon.colcon_core.package_identification:_identify(src/DynamixelSDK/c#/protocol1.0/bulk_read) by extensions ['colcon_meta']
[0.166s] Level 1:colcon.colcon_core.package_identification:_identify(src/DynamixelSDK/c#/protocol1.0/bulk_read) by extension 'colcon_meta'
[0.166s] Level 1:colcon.colcon_core.package_identification:_identify(src/DynamixelSDK/c#/protocol1.0/bulk_read) by extensions ['ros']
[0.166s] Level 1:colcon.colcon_core.package_identification:_identify(src/DynamixelSDK/c#/protocol1.0/bulk_read) by extension 'ros'
[0.167s] Level 1:colcon.colcon_core.package_identification:_identify(src/DynamixelSDK/c#/protocol1.0/bulk_read) by extensions ['cmake', 'python']
[0.167s] Level 1:colcon.colcon_core.package_identification:_identify(src/DynamixelSDK/c#/protocol1.0/bulk_read) by extension 'cmake'
[0.167s] Level 1:colcon.colcon_core.package_identification:_identify(src/DynamixelSDK/c#/protocol1.0/bulk_read) by extension 'python'
[0.167s] Level 1:colcon.colcon_core.package_identification:_identify(src/DynamixelSDK/c#/protocol1.0/bulk_read) by extensions ['python_setup_py']
[0.167s] Level 1:colcon.colcon_core.package_identification:_identify(src/DynamixelSDK/c#/protocol1.0/bulk_read) by extension 'python_setup_py'
[0.167s] Level 1:colcon.colcon_core.package_identification:_identify(src/DynamixelSDK/c#/protocol1.0/bulk_read/win32) by extensions ['ignore', 'ignore_ament_install']
[0.167s] Level 1:colcon.colcon_core.package_identification:_identify(src/DynamixelSDK/c#/protocol1.0/bulk_read/win32) by extension 'ignore'
[0.167s] Level 1:colcon.colcon_core.package_identification:_identify(src/DynamixelSDK/c#/protocol1.0/bulk_read/win32) by extension 'ignore_ament_install'
[0.167s] Level 1:colcon.colcon_core.package_identification:_identify(src/DynamixelSDK/c#/protocol1.0/bulk_read/win32) by extensions ['colcon_pkg']
[0.167s] Level 1:colcon.colcon_core.package_identification:_identify(src/DynamixelSDK/c#/protocol1.0/bulk_read/win32) by extension 'colcon_pkg'
[0.167s] Level 1:colcon.colcon_core.package_identification:_identify(src/DynamixelSDK/c#/protocol1.0/bulk_read/win32) by extensions ['colcon_meta']
[0.167s] Level 1:colcon.colcon_core.package_identification:_identify(src/DynamixelSDK/c#/protocol1.0/bulk_read/win32) by extension 'colcon_meta'
[0.167s] Level 1:colcon.colcon_core.package_identification:_identify(src/DynamixelSDK/c#/protocol1.0/bulk_read/win32) by extensions ['ros']
[0.167s] Level 1:colcon.colcon_core.package_identification:_identify(src/DynamixelSDK/c#/protocol1.0/bulk_read/win32) by extension 'ros'
[0.167s] Level 1:colcon.colcon_core.package_identification:_identify(src/DynamixelSDK/c#/protocol1.0/bulk_read/win32) by extensions ['cmake', 'python']
[0.167s] Level 1:colcon.colcon_core.package_identification:_identify(src/DynamixelSDK/c#/protocol1.0/bulk_read/win32) by extension 'cmake'
[0.167s] Level 1:colcon.colcon_core.package_identification:_identify(src/DynamixelSDK/c#/protocol1.0/bulk_read/win32) by extension 'python'
[0.167s] Level 1:colcon.colcon_core.package_identification:_identify(src/DynamixelSDK/c#/protocol1.0/bulk_read/win32) by extensions ['python_setup_py']
[0.167s] Level 1:colcon.colcon_core.package_identification:_identify(src/DynamixelSDK/c#/protocol1.0/bulk_read/win32) by extension 'python_setup_py'
[0.167s] Level 1:colcon.colcon_core.package_identification:_identify(src/DynamixelSDK/c#/protocol1.0/bulk_read/win32/bulk_read) by extensions ['ignore', 'ignore_ament_install']
[0.167s] Level 1:colcon.colcon_core.package_identification:_identify(src/DynamixelSDK/c#/protocol1.0/bulk_read/win32/bulk_read) by extension 'ignore'
[0.167s] Level 1:colcon.colcon_core.package_identification:_identify(src/DynamixelSDK/c#/protocol1.0/bulk_read/win32/bulk_read) by extension 'ignore_ament_install'
[0.167s] Level 1:colcon.colcon_core.package_identification:_identify(src/DynamixelSDK/c#/protocol1.0/bulk_read/win32/bulk_read) by extensions ['colcon_pkg']
[0.167s] Level 1:colcon.colcon_core.package_identification:_identify(src/DynamixelSDK/c#/protocol1.0/bulk_read/win32/bulk_read) by extension 'colcon_pkg'
[0.167s] Level 1:colcon.colcon_core.package_identification:_identify(src/DynamixelSDK/c#/protocol1.0/bulk_read/win32/bulk_read) by extensions ['colcon_meta']
[0.167s] Level 1:colcon.colcon_core.package_identification:_identify(src/DynamixelSDK/c#/protocol1.0/bulk_read/win32/bulk_read) by extension 'colcon_meta'
[0.167s] Level 1:colcon.colcon_core.package_identification:_identify(src/DynamixelSDK/c#/protocol1.0/bulk_read/win32/bulk_read) by extensions ['ros']
[0.167s] Level 1:colcon.colcon_core.package_identification:_identify(src/DynamixelSDK/c#/protocol1.0/bulk_read/win32/bulk_read) by extension 'ros'
[0.167s] Level 1:colcon.colcon_core.package_identification:_identify(src/DynamixelSDK/c#/protocol1.0/bulk_read/win32/bulk_read) by extensions ['cmake', 'python']
[0.167s] Level 1:colcon.colcon_core.package_identification:_identify(src/DynamixelSDK/c#/protocol1.0/bulk_read/win32/bulk_read) by extension 'cmake'
[0.167s] Level 1:colcon.colcon_core.package_identification:_identify(src/DynamixelSDK/c#/protocol1.0/bulk_read/win32/bulk_read) by extension 'python'
[0.167s] Level 1:colcon.colcon_core.package_identification:_identify(src/DynamixelSDK/c#/protocol1.0/bulk_read/win32/bulk_read) by extensions ['python_setup_py']
[0.167s] Level 1:colcon.colcon_core.package_identification:_identify(src/DynamixelSDK/c#/protocol1.0/bulk_read/win32/bulk_read) by extension 'python_setup_py'
[0.167s] Level 1:colcon.colcon_core.package_identification:_identify(src/DynamixelSDK/c#/protocol1.0/bulk_read/win32/bulk_read/Properties) by extensions ['ignore', 'ignore_ament_install']
[0.167s] Level 1:colcon.colcon_core.package_identification:_identify(src/DynamixelSDK/c#/protocol1.0/bulk_read/win32/bulk_read/Properties) by extension 'ignore'
[0.167s] Level 1:colcon.colcon_core.package_identification:_identify(src/DynamixelSDK/c#/protocol1.0/bulk_read/win32/bulk_read/Properties) by extension 'ignore_ament_install'
[0.167s] Level 1:colcon.colcon_core.package_identification:_identify(src/DynamixelSDK/c#/protocol1.0/bulk_read/win32/bulk_read/Properties) by extensions ['colcon_pkg']
[0.167s] Level 1:colcon.colcon_core.package_identification:_identify(src/DynamixelSDK/c#/protocol1.0/bulk_read/win32/bulk_read/Properties) by extension 'colcon_pkg'
[0.167s] Level 1:colcon.colcon_core.package_identification:_identify(src/DynamixelSDK/c#/protocol1.0/bulk_read/win32/bulk_read/Properties) by extensions ['colcon_meta']
[0.167s] Level 1:colcon.colcon_core.package_identification:_identify(src/DynamixelSDK/c#/protocol1.0/bulk_read/win32/bulk_read/Properties) by extension 'colcon_meta'
[0.168s] Level 1:colcon.colcon_core.package_identification:_identify(src/DynamixelSDK/c#/protocol1.0/bulk_read/win32/bulk_read/Properties) by extensions ['ros']
[0.168s] Level 1:colcon.colcon_core.package_identification:_identify(src/DynamixelSDK/c#/protocol1.0/bulk_read/win32/bulk_read/Properties) by extension 'ros'
[0.168s] Level 1:colcon.colcon_core.package_identification:_identify(src/DynamixelSDK/c#/protocol1.0/bulk_read/win32/bulk_read/Properties) by extensions ['cmake', 'python']
[0.168s] Level 1:colcon.colcon_core.package_identification:_identify(src/DynamixelSDK/c#/protocol1.0/bulk_read/win32/bulk_read/Properties) by extension 'cmake'
[0.168s] Level 1:colcon.colcon_core.package_identification:_identify(src/DynamixelSDK/c#/protocol1.0/bulk_read/win32/bulk_read/Properties) by extension 'python'
[0.168s] Level 1:colcon.colcon_core.package_identification:_identify(src/DynamixelSDK/c#/protocol1.0/bulk_read/win32/bulk_read/Properties) by extensions ['python_setup_py']
[0.168s] Level 1:colcon.colcon_core.package_identification:_identify(src/DynamixelSDK/c#/protocol1.0/bulk_read/win32/bulk_read/Properties) by extension 'python_setup_py'
[0.168s] Level 1:colcon.colcon_core.package_identification:_identify(src/DynamixelSDK/c#/protocol1.0/bulk_read/win64) by extensions ['ignore', 'ignore_ament_install']
[0.168s] Level 1:colcon.colcon_core.package_identification:_identify(src/DynamixelSDK/c#/protocol1.0/bulk_read/win64) by extension 'ignore'
[0.168s] Level 1:colcon.colcon_core.package_identification:_identify(src/DynamixelSDK/c#/protocol1.0/bulk_read/win64) by extension 'ignore_ament_install'
[0.168s] Level 1:colcon.colcon_core.package_identification:_identify(src/DynamixelSDK/c#/protocol1.0/bulk_read/win64) by extensions ['colcon_pkg']
[0.168s] Level 1:colcon.colcon_core.package_identification:_identify(src/DynamixelSDK/c#/protocol1.0/bulk_read/win64) by extension 'colcon_pkg'
[0.168s] Level 1:colcon.colcon_core.package_identification:_identify(src/DynamixelSDK/c#/protocol1.0/bulk_read/win64) by extensions ['colcon_meta']
[0.168s] Level 1:colcon.colcon_core.package_identification:_identify(src/DynamixelSDK/c#/protocol1.0/bulk_read/win64) by extension 'colcon_meta'
[0.168s] Level 1:colcon.colcon_core.package_identification:_identify(src/DynamixelSDK/c#/protocol1.0/bulk_read/win64) by extensions ['ros']
[0.168s] Level 1:colcon.colcon_core.package_identification:_identify(src/DynamixelSDK/c#/protocol1.0/bulk_read/win64) by extension 'ros'
[0.168s] Level 1:colcon.colcon_core.package_identification:_identify(src/DynamixelSDK/c#/protocol1.0/bulk_read/win64) by extensions ['cmake', 'python']
[0.168s] Level 1:colcon.colcon_core.package_identification:_identify(src/DynamixelSDK/c#/protocol1.0/bulk_read/win64) by extension 'cmake'
[0.168s] Level 1:colcon.colcon_core.package_identification:_identify(src/DynamixelSDK/c#/protocol1.0/bulk_read/win64) by extension 'python'
[0.168s] Level 1:colcon.colcon_core.package_identification:_identify(src/DynamixelSDK/c#/protocol1.0/bulk_read/win64) by extensions ['python_setup_py']
[0.168s] Level 1:colcon.colcon_core.package_identification:_identify(src/DynamixelSDK/c#/protocol1.0/bulk_read/win64) by extension 'python_setup_py'
[0.168s] Level 1:colcon.colcon_core.package_identification:_identify(src/DynamixelSDK/c#/protocol1.0/bulk_read/win64/bulk_read) by extensions ['ignore', 'ignore_ament_install']
[0.168s] Level 1:colcon.colcon_core.package_identification:_identify(src/DynamixelSDK/c#/protocol1.0/bulk_read/win64/bulk_read) by extension 'ignore'
[0.168s] Level 1:colcon.colcon_core.package_identification:_identify(src/DynamixelSDK/c#/protocol1.0/bulk_read/win64/bulk_read) by extension 'ignore_ament_install'
[0.168s] Level 1:colcon.colcon_core.package_identification:_identify(src/DynamixelSDK/c#/protocol1.0/bulk_read/win64/bulk_read) by extensions ['colcon_pkg']
[0.168s] Level 1:colcon.colcon_core.package_identification:_identify(src/DynamixelSDK/c#/protocol1.0/bulk_read/win64/bulk_read) by extension 'colcon_pkg'
[0.168s] Level 1:colcon.colcon_core.package_identification:_identify(src/DynamixelSDK/c#/protocol1.0/bulk_read/win64/bulk_read) by extensions ['colcon_meta']
[0.168s] Level 1:colcon.colcon_core.package_identification:_identify(src/DynamixelSDK/c#/protocol1.0/bulk_read/win64/bulk_read) by extension 'colcon_meta'
[0.168s] Level 1:colcon.colcon_core.package_identification:_identify(src/DynamixelSDK/c#/protocol1.0/bulk_read/win64/bulk_read) by extensions ['ros']
[0.168s] Level 1:colcon.colcon_core.package_identification:_identify(src/DynamixelSDK/c#/protocol1.0/bulk_read/win64/bulk_read) by extension 'ros'
[0.168s] Level 1:colcon.colcon_core.package_identification:_identify(src/DynamixelSDK/c#/protocol1.0/bulk_read/win64/bulk_read) by extensions ['cmake', 'python']
[0.168s] Level 1:colcon.colcon_core.package_identification:_identify(src/DynamixelSDK/c#/protocol1.0/bulk_read/win64/bulk_read) by extension 'cmake'
[0.168s] Level 1:colcon.colcon_core.package_identification:_identify(src/DynamixelSDK/c#/protocol1.0/bulk_read/win64/bulk_read) by extension 'python'
[0.168s] Level 1:colcon.colcon_core.package_identification:_identify(src/DynamixelSDK/c#/protocol1.0/bulk_read/win64/bulk_read) by extensions ['python_setup_py']
[0.168s] Level 1:colcon.colcon_core.package_identification:_identify(src/DynamixelSDK/c#/protocol1.0/bulk_read/win64/bulk_read) by extension 'python_setup_py'
[0.168s] Level 1:colcon.colcon_core.package_identification:_identify(src/DynamixelSDK/c#/protocol1.0/bulk_read/win64/bulk_read/Properties) by extensions ['ignore', 'ignore_ament_install']
[0.168s] Level 1:colcon.colcon_core.package_identification:_identify(src/DynamixelSDK/c#/protocol1.0/bulk_read/win64/bulk_read/Properties) by extension 'ignore'
[0.169s] Level 1:colcon.colcon_core.package_identification:_identify(src/DynamixelSDK/c#/protocol1.0/bulk_read/win64/bulk_read/Properties) by extension 'ignore_ament_install'
[0.169s] Level 1:colcon.colcon_core.package_identification:_identify(src/DynamixelSDK/c#/protocol1.0/bulk_read/win64/bulk_read/Properties) by extensions ['colcon_pkg']
[0.169s] Level 1:colcon.colcon_core.package_identification:_identify(src/DynamixelSDK/c#/protocol1.0/bulk_read/win64/bulk_read/Properties) by extension 'colcon_pkg'
[0.169s] Level 1:colcon.colcon_core.package_identification:_identify(src/DynamixelSDK/c#/protocol1.0/bulk_read/win64/bulk_read/Properties) by extensions ['colcon_meta']
[0.169s] Level 1:colcon.colcon_core.package_identification:_identify(src/DynamixelSDK/c#/protocol1.0/bulk_read/win64/bulk_read/Properties) by extension 'colcon_meta'
[0.169s] Level 1:colcon.colcon_core.package_identification:_identify(src/DynamixelSDK/c#/protocol1.0/bulk_read/win64/bulk_read/Properties) by extensions ['ros']
[0.169s] Level 1:colcon.colcon_core.package_identification:_identify(src/DynamixelSDK/c#/protocol1.0/bulk_read/win64/bulk_read/Properties) by extension 'ros'
[0.169s] Level 1:colcon.colcon_core.package_identification:_identify(src/DynamixelSDK/c#/protocol1.0/bulk_read/win64/bulk_read/Properties) by extensions ['cmake', 'python']
[0.169s] Level 1:colcon.colcon_core.package_identification:_identify(src/DynamixelSDK/c#/protocol1.0/bulk_read/win64/bulk_read/Properties) by extension 'cmake'
[0.169s] Level 1:colcon.colcon_core.package_identification:_identify(src/DynamixelSDK/c#/protocol1.0/bulk_read/win64/bulk_read/Properties) by extension 'python'
[0.169s] Level 1:colcon.colcon_core.package_identification:_identify(src/DynamixelSDK/c#/protocol1.0/bulk_read/win64/bulk_read/Properties) by extensions ['python_setup_py']
[0.169s] Level 1:colcon.colcon_core.package_identification:_identify(src/DynamixelSDK/c#/protocol1.0/bulk_read/win64/bulk_read/Properties) by extension 'python_setup_py'
[0.169s] Level 1:colcon.colcon_core.package_identification:_identify(src/DynamixelSDK/c#/protocol1.0/multi_port) by extensions ['ignore', 'ignore_ament_install']
[0.169s] Level 1:colcon.colcon_core.package_identification:_identify(src/DynamixelSDK/c#/protocol1.0/multi_port) by extension 'ignore'
[0.169s] Level 1:colcon.colcon_core.package_identification:_identify(src/DynamixelSDK/c#/protocol1.0/multi_port) by extension 'ignore_ament_install'
[0.169s] Level 1:colcon.colcon_core.package_identification:_identify(src/DynamixelSDK/c#/protocol1.0/multi_port) by extensions ['colcon_pkg']
[0.169s] Level 1:colcon.colcon_core.package_identification:_identify(src/DynamixelSDK/c#/protocol1.0/multi_port) by extension 'colcon_pkg'
[0.169s] Level 1:colcon.colcon_core.package_identification:_identify(src/DynamixelSDK/c#/protocol1.0/multi_port) by extensions ['colcon_meta']
[0.169s] Level 1:colcon.colcon_core.package_identification:_identify(src/DynamixelSDK/c#/protocol1.0/multi_port) by extension 'colcon_meta'
[0.169s] Level 1:colcon.colcon_core.package_identification:_identify(src/DynamixelSDK/c#/protocol1.0/multi_port) by extensions ['ros']
[0.169s] Level 1:colcon.colcon_core.package_identification:_identify(src/DynamixelSDK/c#/protocol1.0/multi_port) by extension 'ros'
[0.169s] Level 1:colcon.colcon_core.package_identification:_identify(src/DynamixelSDK/c#/protocol1.0/multi_port) by extensions ['cmake', 'python']
[0.169s] Level 1:colcon.colcon_core.package_identification:_identify(src/DynamixelSDK/c#/protocol1.0/multi_port) by extension 'cmake'
[0.169s] Level 1:colcon.colcon_core.package_identification:_identify(src/DynamixelSDK/c#/protocol1.0/multi_port) by extension 'python'
[0.169s] Level 1:colcon.colcon_core.package_identification:_identify(src/DynamixelSDK/c#/protocol1.0/multi_port) by extensions ['python_setup_py']
[0.169s] Level 1:colcon.colcon_core.package_identification:_identify(src/DynamixelSDK/c#/protocol1.0/multi_port) by extension 'python_setup_py'
[0.169s] Level 1:colcon.colcon_core.package_identification:_identify(src/DynamixelSDK/c#/protocol1.0/multi_port/win32) by extensions ['ignore', 'ignore_ament_install']
[0.169s] Level 1:colcon.colcon_core.package_identification:_identify(src/DynamixelSDK/c#/protocol1.0/multi_port/win32) by extension 'ignore'
[0.169s] Level 1:colcon.colcon_core.package_identification:_identify(src/DynamixelSDK/c#/protocol1.0/multi_port/win32) by extension 'ignore_ament_install'
[0.169s] Level 1:colcon.colcon_core.package_identification:_identify(src/DynamixelSDK/c#/protocol1.0/multi_port/win32) by extensions ['colcon_pkg']
[0.169s] Level 1:colcon.colcon_core.package_identification:_identify(src/DynamixelSDK/c#/protocol1.0/multi_port/win32) by extension 'colcon_pkg'
[0.169s] Level 1:colcon.colcon_core.package_identification:_identify(src/DynamixelSDK/c#/protocol1.0/multi_port/win32) by extensions ['colcon_meta']
[0.169s] Level 1:colcon.colcon_core.package_identification:_identify(src/DynamixelSDK/c#/protocol1.0/multi_port/win32) by extension 'colcon_meta'
[0.169s] Level 1:colcon.colcon_core.package_identification:_identify(src/DynamixelSDK/c#/protocol1.0/multi_port/win32) by extensions ['ros']
[0.169s] Level 1:colcon.colcon_core.package_identification:_identify(src/DynamixelSDK/c#/protocol1.0/multi_port/win32) by extension 'ros'
[0.169s] Level 1:colcon.colcon_core.package_identification:_identify(src/DynamixelSDK/c#/protocol1.0/multi_port/win32) by extensions ['cmake', 'python']
[0.169s] Level 1:colcon.colcon_core.package_identification:_identify(src/DynamixelSDK/c#/protocol1.0/multi_port/win32) by extension 'cmake'
[0.169s] Level 1:colcon.colcon_core.package_identification:_identify(src/DynamixelSDK/c#/protocol1.0/multi_port/win32) by extension 'python'
[0.169s] Level 1:colcon.colcon_core.package_identification:_identify(src/DynamixelSDK/c#/protocol1.0/multi_port/win32) by extensions ['python_setup_py']
[0.169s] Level 1:colcon.colcon_core.package_identification:_identify(src/DynamixelSDK/c#/protocol1.0/multi_port/win32) by extension 'python_setup_py'
[0.169s] Level 1:colcon.colcon_core.package_identification:_identify(src/DynamixelSDK/c#/protocol1.0/multi_port/win32/multi_port) by extensions ['ignore', 'ignore_ament_install']
[0.170s] Level 1:colcon.colcon_core.package_identification:_identify(src/DynamixelSDK/c#/protocol1.0/multi_port/win32/multi_port) by extension 'ignore'
[0.170s] Level 1:colcon.colcon_core.package_identification:_identify(src/DynamixelSDK/c#/protocol1.0/multi_port/win32/multi_port) by extension 'ignore_ament_install'
[0.170s] Level 1:colcon.colcon_core.package_identification:_identify(src/DynamixelSDK/c#/protocol1.0/multi_port/win32/multi_port) by extensions ['colcon_pkg']
[0.170s] Level 1:colcon.colcon_core.package_identification:_identify(src/DynamixelSDK/c#/protocol1.0/multi_port/win32/multi_port) by extension 'colcon_pkg'
[0.170s] Level 1:colcon.colcon_core.package_identification:_identify(src/DynamixelSDK/c#/protocol1.0/multi_port/win32/multi_port) by extensions ['colcon_meta']
[0.170s] Level 1:colcon.colcon_core.package_identification:_identify(src/DynamixelSDK/c#/protocol1.0/multi_port/win32/multi_port) by extension 'colcon_meta'
[0.170s] Level 1:colcon.colcon_core.package_identification:_identify(src/DynamixelSDK/c#/protocol1.0/multi_port/win32/multi_port) by extensions ['ros']
[0.170s] Level 1:colcon.colcon_core.package_identification:_identify(src/DynamixelSDK/c#/protocol1.0/multi_port/win32/multi_port) by extension 'ros'
[0.170s] Level 1:colcon.colcon_core.package_identification:_identify(src/DynamixelSDK/c#/protocol1.0/multi_port/win32/multi_port) by extensions ['cmake', 'python']
[0.170s] Level 1:colcon.colcon_core.package_identification:_identify(src/DynamixelSDK/c#/protocol1.0/multi_port/win32/multi_port) by extension 'cmake'
[0.170s] Level 1:colcon.colcon_core.package_identification:_identify(src/DynamixelSDK/c#/protocol1.0/multi_port/win32/multi_port) by extension 'python'
[0.170s] Level 1:colcon.colcon_core.package_identification:_identify(src/DynamixelSDK/c#/protocol1.0/multi_port/win32/multi_port) by extensions ['python_setup_py']
[0.170s] Level 1:colcon.colcon_core.package_identification:_identify(src/DynamixelSDK/c#/protocol1.0/multi_port/win32/multi_port) by extension 'python_setup_py'
[0.170s] Level 1:colcon.colcon_core.package_identification:_identify(src/DynamixelSDK/c#/protocol1.0/multi_port/win32/multi_port/Properties) by extensions ['ignore', 'ignore_ament_install']
[0.170s] Level 1:colcon.colcon_core.package_identification:_identify(src/DynamixelSDK/c#/protocol1.0/multi_port/win32/multi_port/Properties) by extension 'ignore'
[0.170s] Level 1:colcon.colcon_core.package_identification:_identify(src/DynamixelSDK/c#/protocol1.0/multi_port/win32/multi_port/Properties) by extension 'ignore_ament_install'
[0.170s] Level 1:colcon.colcon_core.package_identification:_identify(src/DynamixelSDK/c#/protocol1.0/multi_port/win32/multi_port/Properties) by extensions ['colcon_pkg']
[0.170s] Level 1:colcon.colcon_core.package_identification:_identify(src/DynamixelSDK/c#/protocol1.0/multi_port/win32/multi_port/Properties) by extension 'colcon_pkg'
[0.170s] Level 1:colcon.colcon_core.package_identification:_identify(src/DynamixelSDK/c#/protocol1.0/multi_port/win32/multi_port/Properties) by extensions ['colcon_meta']
[0.170s] Level 1:colcon.colcon_core.package_identification:_identify(src/DynamixelSDK/c#/protocol1.0/multi_port/win32/multi_port/Properties) by extension 'colcon_meta'
[0.170s] Level 1:colcon.colcon_core.package_identification:_identify(src/DynamixelSDK/c#/protocol1.0/multi_port/win32/multi_port/Properties) by extensions ['ros']
[0.170s] Level 1:colcon.colcon_core.package_identification:_identify(src/DynamixelSDK/c#/protocol1.0/multi_port/win32/multi_port/Properties) by extension 'ros'
[0.170s] Level 1:colcon.colcon_core.package_identification:_identify(src/DynamixelSDK/c#/protocol1.0/multi_port/win32/multi_port/Properties) by extensions ['cmake', 'python']
[0.170s] Level 1:colcon.colcon_core.package_identification:_identify(src/DynamixelSDK/c#/protocol1.0/multi_port/win32/multi_port/Properties) by extension 'cmake'
[0.170s] Level 1:colcon.colcon_core.package_identification:_identify(src/DynamixelSDK/c#/protocol1.0/multi_port/win32/multi_port/Properties) by extension 'python'
[0.170s] Level 1:colcon.colcon_core.package_identification:_identify(src/DynamixelSDK/c#/protocol1.0/multi_port/win32/multi_port/Properties) by extensions ['python_setup_py']
[0.170s] Level 1:colcon.colcon_core.package_identification:_identify(src/DynamixelSDK/c#/protocol1.0/multi_port/win32/multi_port/Properties) by extension 'python_setup_py'
[0.170s] Level 1:colcon.colcon_core.package_identification:_identify(src/DynamixelSDK/c#/protocol1.0/multi_port/win64) by extensions ['ignore', 'ignore_ament_install']
[0.170s] Level 1:colcon.colcon_core.package_identification:_identify(src/DynamixelSDK/c#/protocol1.0/multi_port/win64) by extension 'ignore'
[0.170s] Level 1:colcon.colcon_core.package_identification:_identify(src/DynamixelSDK/c#/protocol1.0/multi_port/win64) by extension 'ignore_ament_install'
[0.170s] Level 1:colcon.colcon_core.package_identification:_identify(src/DynamixelSDK/c#/protocol1.0/multi_port/win64) by extensions ['colcon_pkg']
[0.170s] Level 1:colcon.colcon_core.package_identification:_identify(src/DynamixelSDK/c#/protocol1.0/multi_port/win64) by extension 'colcon_pkg'
[0.170s] Level 1:colcon.colcon_core.package_identification:_identify(src/DynamixelSDK/c#/protocol1.0/multi_port/win64) by extensions ['colcon_meta']
[0.170s] Level 1:colcon.colcon_core.package_identification:_identify(src/DynamixelSDK/c#/protocol1.0/multi_port/win64) by extension 'colcon_meta'
[0.170s] Level 1:colcon.colcon_core.package_identification:_identify(src/DynamixelSDK/c#/protocol1.0/multi_port/win64) by extensions ['ros']
[0.170s] Level 1:colcon.colcon_core.package_identification:_identify(src/DynamixelSDK/c#/protocol1.0/multi_port/win64) by extension 'ros'
[0.170s] Level 1:colcon.colcon_core.package_identification:_identify(src/DynamixelSDK/c#/protocol1.0/multi_port/win64) by extensions ['cmake', 'python']
[0.170s] Level 1:colcon.colcon_core.package_identification:_identify(src/DynamixelSDK/c#/protocol1.0/multi_port/win64) by extension 'cmake'
[0.170s] Level 1:colcon.colcon_core.package_identification:_identify(src/DynamixelSDK/c#/protocol1.0/multi_port/win64) by extension 'python'
[0.171s] Level 1:colcon.colcon_core.package_identification:_identify(src/DynamixelSDK/c#/protocol1.0/multi_port/win64) by extensions ['python_setup_py']
[0.171s] Level 1:colcon.colcon_core.package_identification:_identify(src/DynamixelSDK/c#/protocol1.0/multi_port/win64) by extension 'python_setup_py'
[0.171s] Level 1:colcon.colcon_core.package_identification:_identify(src/DynamixelSDK/c#/protocol1.0/multi_port/win64/multi_port) by extensions ['ignore', 'ignore_ament_install']
[0.171s] Level 1:colcon.colcon_core.package_identification:_identify(src/DynamixelSDK/c#/protocol1.0/multi_port/win64/multi_port) by extension 'ignore'
[0.171s] Level 1:colcon.colcon_core.package_identification:_identify(src/DynamixelSDK/c#/protocol1.0/multi_port/win64/multi_port) by extension 'ignore_ament_install'
[0.171s] Level 1:colcon.colcon_core.package_identification:_identify(src/DynamixelSDK/c#/protocol1.0/multi_port/win64/multi_port) by extensions ['colcon_pkg']
[0.171s] Level 1:colcon.colcon_core.package_identification:_identify(src/DynamixelSDK/c#/protocol1.0/multi_port/win64/multi_port) by extension 'colcon_pkg'
[0.171s] Level 1:colcon.colcon_core.package_identification:_identify(src/DynamixelSDK/c#/protocol1.0/multi_port/win64/multi_port) by extensions ['colcon_meta']
[0.171s] Level 1:colcon.colcon_core.package_identification:_identify(src/DynamixelSDK/c#/protocol1.0/multi_port/win64/multi_port) by extension 'colcon_meta'
[0.171s] Level 1:colcon.colcon_core.package_identification:_identify(src/DynamixelSDK/c#/protocol1.0/multi_port/win64/multi_port) by extensions ['ros']
[0.171s] Level 1:colcon.colcon_core.package_identification:_identify(src/DynamixelSDK/c#/protocol1.0/multi_port/win64/multi_port) by extension 'ros'
[0.171s] Level 1:colcon.colcon_core.package_identification:_identify(src/DynamixelSDK/c#/protocol1.0/multi_port/win64/multi_port) by extensions ['cmake', 'python']
[0.171s] Level 1:colcon.colcon_core.package_identification:_identify(src/DynamixelSDK/c#/protocol1.0/multi_port/win64/multi_port) by extension 'cmake'
[0.171s] Level 1:colcon.colcon_core.package_identification:_identify(src/DynamixelSDK/c#/protocol1.0/multi_port/win64/multi_port) by extension 'python'
[0.171s] Level 1:colcon.colcon_core.package_identification:_identify(src/DynamixelSDK/c#/protocol1.0/multi_port/win64/multi_port) by extensions ['python_setup_py']
[0.171s] Level 1:colcon.colcon_core.package_identification:_identify(src/DynamixelSDK/c#/protocol1.0/multi_port/win64/multi_port) by extension 'python_setup_py'
[0.171s] Level 1:colcon.colcon_core.package_identification:_identify(src/DynamixelSDK/c#/protocol1.0/multi_port/win64/multi_port/Properties) by extensions ['ignore', 'ignore_ament_install']
[0.171s] Level 1:colcon.colcon_core.package_identification:_identify(src/DynamixelSDK/c#/protocol1.0/multi_port/win64/multi_port/Properties) by extension 'ignore'
[0.171s] Level 1:colcon.colcon_core.package_identification:_identify(src/DynamixelSDK/c#/protocol1.0/multi_port/win64/multi_port/Properties) by extension 'ignore_ament_install'
[0.171s] Level 1:colcon.colcon_core.package_identification:_identify(src/DynamixelSDK/c#/protocol1.0/multi_port/win64/multi_port/Properties) by extensions ['colcon_pkg']
[0.171s] Level 1:colcon.colcon_core.package_identification:_identify(src/DynamixelSDK/c#/protocol1.0/multi_port/win64/multi_port/Properties) by extension 'colcon_pkg'
[0.171s] Level 1:colcon.colcon_core.package_identification:_identify(src/DynamixelSDK/c#/protocol1.0/multi_port/win64/multi_port/Properties) by extensions ['colcon_meta']
[0.171s] Level 1:colcon.colcon_core.package_identification:_identify(src/DynamixelSDK/c#/protocol1.0/multi_port/win64/multi_port/Properties) by extension 'colcon_meta'
[0.171s] Level 1:colcon.colcon_core.package_identification:_identify(src/DynamixelSDK/c#/protocol1.0/multi_port/win64/multi_port/Properties) by extensions ['ros']
[0.171s] Level 1:colcon.colcon_core.package_identification:_identify(src/DynamixelSDK/c#/protocol1.0/multi_port/win64/multi_port/Properties) by extension 'ros'
[0.171s] Level 1:colcon.colcon_core.package_identification:_identify(src/DynamixelSDK/c#/protocol1.0/multi_port/win64/multi_port/Properties) by extensions ['cmake', 'python']
[0.171s] Level 1:colcon.colcon_core.package_identification:_identify(src/DynamixelSDK/c#/protocol1.0/multi_port/win64/multi_port/Properties) by extension 'cmake'
[0.171s] Level 1:colcon.colcon_core.package_identification:_identify(src/DynamixelSDK/c#/protocol1.0/multi_port/win64/multi_port/Properties) by extension 'python'
[0.171s] Level 1:colcon.colcon_core.package_identification:_identify(src/DynamixelSDK/c#/protocol1.0/multi_port/win64/multi_port/Properties) by extensions ['python_setup_py']
[0.171s] Level 1:colcon.colcon_core.package_identification:_identify(src/DynamixelSDK/c#/protocol1.0/multi_port/win64/multi_port/Properties) by extension 'python_setup_py'
[0.171s] Level 1:colcon.colcon_core.package_identification:_identify(src/DynamixelSDK/c#/protocol1.0/ping) by extensions ['ignore', 'ignore_ament_install']
[0.171s] Level 1:colcon.colcon_core.package_identification:_identify(src/DynamixelSDK/c#/protocol1.0/ping) by extension 'ignore'
[0.171s] Level 1:colcon.colcon_core.package_identification:_identify(src/DynamixelSDK/c#/protocol1.0/ping) by extension 'ignore_ament_install'
[0.171s] Level 1:colcon.colcon_core.package_identification:_identify(src/DynamixelSDK/c#/protocol1.0/ping) by extensions ['colcon_pkg']
[0.171s] Level 1:colcon.colcon_core.package_identification:_identify(src/DynamixelSDK/c#/protocol1.0/ping) by extension 'colcon_pkg'
[0.171s] Level 1:colcon.colcon_core.package_identification:_identify(src/DynamixelSDK/c#/protocol1.0/ping) by extensions ['colcon_meta']
[0.171s] Level 1:colcon.colcon_core.package_identification:_identify(src/DynamixelSDK/c#/protocol1.0/ping) by extension 'colcon_meta'
[0.171s] Level 1:colcon.colcon_core.package_identification:_identify(src/DynamixelSDK/c#/protocol1.0/ping) by extensions ['ros']
[0.171s] Level 1:colcon.colcon_core.package_identification:_identify(src/DynamixelSDK/c#/protocol1.0/ping) by extension 'ros'
[0.171s] Level 1:colcon.colcon_core.package_identification:_identify(src/DynamixelSDK/c#/protocol1.0/ping) by extensions ['cmake', 'python']
[0.171s] Level 1:colcon.colcon_core.package_identification:_identify(src/DynamixelSDK/c#/protocol1.0/ping) by extension 'cmake'
[0.171s] Level 1:colcon.colcon_core.package_identification:_identify(src/DynamixelSDK/c#/protocol1.0/ping) by extension 'python'
[0.171s] Level 1:colcon.colcon_core.package_identification:_identify(src/DynamixelSDK/c#/protocol1.0/ping) by extensions ['python_setup_py']
[0.172s] Level 1:colcon.colcon_core.package_identification:_identify(src/DynamixelSDK/c#/protocol1.0/ping) by extension 'python_setup_py'
[0.172s] Level 1:colcon.colcon_core.package_identification:_identify(src/DynamixelSDK/c#/protocol1.0/ping/win32) by extensions ['ignore', 'ignore_ament_install']
[0.172s] Level 1:colcon.colcon_core.package_identification:_identify(src/DynamixelSDK/c#/protocol1.0/ping/win32) by extension 'ignore'
[0.172s] Level 1:colcon.colcon_core.package_identification:_identify(src/DynamixelSDK/c#/protocol1.0/ping/win32) by extension 'ignore_ament_install'
[0.172s] Level 1:colcon.colcon_core.package_identification:_identify(src/DynamixelSDK/c#/protocol1.0/ping/win32) by extensions ['colcon_pkg']
[0.172s] Level 1:colcon.colcon_core.package_identification:_identify(src/DynamixelSDK/c#/protocol1.0/ping/win32) by extension 'colcon_pkg'
[0.172s] Level 1:colcon.colcon_core.package_identification:_identify(src/DynamixelSDK/c#/protocol1.0/ping/win32) by extensions ['colcon_meta']
[0.172s] Level 1:colcon.colcon_core.package_identification:_identify(src/DynamixelSDK/c#/protocol1.0/ping/win32) by extension 'colcon_meta'
[0.172s] Level 1:colcon.colcon_core.package_identification:_identify(src/DynamixelSDK/c#/protocol1.0/ping/win32) by extensions ['ros']
[0.172s] Level 1:colcon.colcon_core.package_identification:_identify(src/DynamixelSDK/c#/protocol1.0/ping/win32) by extension 'ros'
[0.172s] Level 1:colcon.colcon_core.package_identification:_identify(src/DynamixelSDK/c#/protocol1.0/ping/win32) by extensions ['cmake', 'python']
[0.172s] Level 1:colcon.colcon_core.package_identification:_identify(src/DynamixelSDK/c#/protocol1.0/ping/win32) by extension 'cmake'
[0.172s] Level 1:colcon.colcon_core.package_identification:_identify(src/DynamixelSDK/c#/protocol1.0/ping/win32) by extension 'python'
[0.172s] Level 1:colcon.colcon_core.package_identification:_identify(src/DynamixelSDK/c#/protocol1.0/ping/win32) by extensions ['python_setup_py']
[0.172s] Level 1:colcon.colcon_core.package_identification:_identify(src/DynamixelSDK/c#/protocol1.0/ping/win32) by extension 'python_setup_py'
[0.172s] Level 1:colcon.colcon_core.package_identification:_identify(src/DynamixelSDK/c#/protocol1.0/ping/win32/ping) by extensions ['ignore', 'ignore_ament_install']
[0.172s] Level 1:colcon.colcon_core.package_identification:_identify(src/DynamixelSDK/c#/protocol1.0/ping/win32/ping) by extension 'ignore'
[0.172s] Level 1:colcon.colcon_core.package_identification:_identify(src/DynamixelSDK/c#/protocol1.0/ping/win32/ping) by extension 'ignore_ament_install'
[0.172s] Level 1:colcon.colcon_core.package_identification:_identify(src/DynamixelSDK/c#/protocol1.0/ping/win32/ping) by extensions ['colcon_pkg']
[0.172s] Level 1:colcon.colcon_core.package_identification:_identify(src/DynamixelSDK/c#/protocol1.0/ping/win32/ping) by extension 'colcon_pkg'
[0.172s] Level 1:colcon.colcon_core.package_identification:_identify(src/DynamixelSDK/c#/protocol1.0/ping/win32/ping) by extensions ['colcon_meta']
[0.172s] Level 1:colcon.colcon_core.package_identification:_identify(src/DynamixelSDK/c#/protocol1.0/ping/win32/ping) by extension 'colcon_meta'
[0.172s] Level 1:colcon.colcon_core.package_identification:_identify(src/DynamixelSDK/c#/protocol1.0/ping/win32/ping) by extensions ['ros']
[0.172s] Level 1:colcon.colcon_core.package_identification:_identify(src/DynamixelSDK/c#/protocol1.0/ping/win32/ping) by extension 'ros'
[0.172s] Level 1:colcon.colcon_core.package_identification:_identify(src/DynamixelSDK/c#/protocol1.0/ping/win32/ping) by extensions ['cmake', 'python']
[0.172s] Level 1:colcon.colcon_core.package_identification:_identify(src/DynamixelSDK/c#/protocol1.0/ping/win32/ping) by extension 'cmake'
[0.172s] Level 1:colcon.colcon_core.package_identification:_identify(src/DynamixelSDK/c#/protocol1.0/ping/win32/ping) by extension 'python'
[0.172s] Level 1:colcon.colcon_core.package_identification:_identify(src/DynamixelSDK/c#/protocol1.0/ping/win32/ping) by extensions ['python_setup_py']
[0.172s] Level 1:colcon.colcon_core.package_identification:_identify(src/DynamixelSDK/c#/protocol1.0/ping/win32/ping) by extension 'python_setup_py'
[0.172s] Level 1:colcon.colcon_core.package_identification:_identify(src/DynamixelSDK/c#/protocol1.0/ping/win32/ping/Properties) by extensions ['ignore', 'ignore_ament_install']
[0.172s] Level 1:colcon.colcon_core.package_identification:_identify(src/DynamixelSDK/c#/protocol1.0/ping/win32/ping/Properties) by extension 'ignore'
[0.172s] Level 1:colcon.colcon_core.package_identification:_identify(src/DynamixelSDK/c#/protocol1.0/ping/win32/ping/Properties) by extension 'ignore_ament_install'
[0.172s] Level 1:colcon.colcon_core.package_identification:_identify(src/DynamixelSDK/c#/protocol1.0/ping/win32/ping/Properties) by extensions ['colcon_pkg']
[0.172s] Level 1:colcon.colcon_core.package_identification:_identify(src/DynamixelSDK/c#/protocol1.0/ping/win32/ping/Properties) by extension 'colcon_pkg'
[0.172s] Level 1:colcon.colcon_core.package_identification:_identify(src/DynamixelSDK/c#/protocol1.0/ping/win32/ping/Properties) by extensions ['colcon_meta']
[0.172s] Level 1:colcon.colcon_core.package_identification:_identify(src/DynamixelSDK/c#/protocol1.0/ping/win32/ping/Properties) by extension 'colcon_meta'
[0.172s] Level 1:colcon.colcon_core.package_identification:_identify(src/DynamixelSDK/c#/protocol1.0/ping/win32/ping/Properties) by extensions ['ros']
[0.172s] Level 1:colcon.colcon_core.package_identification:_identify(src/DynamixelSDK/c#/protocol1.0/ping/win32/ping/Properties) by extension 'ros'
[0.173s] Level 1:colcon.colcon_core.package_identification:_identify(src/DynamixelSDK/c#/protocol1.0/ping/win32/ping/Properties) by extensions ['cmake', 'python']
[0.173s] Level 1:colcon.colcon_core.package_identification:_identify(src/DynamixelSDK/c#/protocol1.0/ping/win32/ping/Properties) by extension 'cmake'
[0.173s] Level 1:colcon.colcon_core.package_identification:_identify(src/DynamixelSDK/c#/protocol1.0/ping/win32/ping/Properties) by extension 'python'
[0.173s] Level 1:colcon.colcon_core.package_identification:_identify(src/DynamixelSDK/c#/protocol1.0/ping/win32/ping/Properties) by extensions ['python_setup_py']
[0.173s] Level 1:colcon.colcon_core.package_identification:_identify(src/DynamixelSDK/c#/protocol1.0/ping/win32/ping/Properties) by extension 'python_setup_py'
[0.173s] Level 1:colcon.colcon_core.package_identification:_identify(src/DynamixelSDK/c#/protocol1.0/ping/win64) by extensions ['ignore', 'ignore_ament_install']
[0.173s] Level 1:colcon.colcon_core.package_identification:_identify(src/DynamixelSDK/c#/protocol1.0/ping/win64) by extension 'ignore'
[0.173s] Level 1:colcon.colcon_core.package_identification:_identify(src/DynamixelSDK/c#/protocol1.0/ping/win64) by extension 'ignore_ament_install'
[0.173s] Level 1:colcon.colcon_core.package_identification:_identify(src/DynamixelSDK/c#/protocol1.0/ping/win64) by extensions ['colcon_pkg']
[0.173s] Level 1:colcon.colcon_core.package_identification:_identify(src/DynamixelSDK/c#/protocol1.0/ping/win64) by extension 'colcon_pkg'
[0.173s] Level 1:colcon.colcon_core.package_identification:_identify(src/DynamixelSDK/c#/protocol1.0/ping/win64) by extensions ['colcon_meta']
[0.173s] Level 1:colcon.colcon_core.package_identification:_identify(src/DynamixelSDK/c#/protocol1.0/ping/win64) by extension 'colcon_meta'
[0.173s] Level 1:colcon.colcon_core.package_identification:_identify(src/DynamixelSDK/c#/protocol1.0/ping/win64) by extensions ['ros']
[0.173s] Level 1:colcon.colcon_core.package_identification:_identify(src/DynamixelSDK/c#/protocol1.0/ping/win64) by extension 'ros'
[0.173s] Level 1:colcon.colcon_core.package_identification:_identify(src/DynamixelSDK/c#/protocol1.0/ping/win64) by extensions ['cmake', 'python']
[0.173s] Level 1:colcon.colcon_core.package_identification:_identify(src/DynamixelSDK/c#/protocol1.0/ping/win64) by extension 'cmake'
[0.173s] Level 1:colcon.colcon_core.package_identification:_identify(src/DynamixelSDK/c#/protocol1.0/ping/win64) by extension 'python'
[0.173s] Level 1:colcon.colcon_core.package_identification:_identify(src/DynamixelSDK/c#/protocol1.0/ping/win64) by extensions ['python_setup_py']
[0.173s] Level 1:colcon.colcon_core.package_identification:_identify(src/DynamixelSDK/c#/protocol1.0/ping/win64) by extension 'python_setup_py'
[0.173s] Level 1:colcon.colcon_core.package_identification:_identify(src/DynamixelSDK/c#/protocol1.0/ping/win64/ping) by extensions ['ignore', 'ignore_ament_install']
[0.173s] Level 1:colcon.colcon_core.package_identification:_identify(src/DynamixelSDK/c#/protocol1.0/ping/win64/ping) by extension 'ignore'
[0.173s] Level 1:colcon.colcon_core.package_identification:_identify(src/DynamixelSDK/c#/protocol1.0/ping/win64/ping) by extension 'ignore_ament_install'
[0.173s] Level 1:colcon.colcon_core.package_identification:_identify(src/DynamixelSDK/c#/protocol1.0/ping/win64/ping) by extensions ['colcon_pkg']
[0.173s] Level 1:colcon.colcon_core.package_identification:_identify(src/DynamixelSDK/c#/protocol1.0/ping/win64/ping) by extension 'colcon_pkg'
[0.173s] Level 1:colcon.colcon_core.package_identification:_identify(src/DynamixelSDK/c#/protocol1.0/ping/win64/ping) by extensions ['colcon_meta']
[0.173s] Level 1:colcon.colcon_core.package_identification:_identify(src/DynamixelSDK/c#/protocol1.0/ping/win64/ping) by extension 'colcon_meta'
[0.173s] Level 1:colcon.colcon_core.package_identification:_identify(src/DynamixelSDK/c#/protocol1.0/ping/win64/ping) by extensions ['ros']
[0.173s] Level 1:colcon.colcon_core.package_identification:_identify(src/DynamixelSDK/c#/protocol1.0/ping/win64/ping) by extension 'ros'
[0.173s] Level 1:colcon.colcon_core.package_identification:_identify(src/DynamixelSDK/c#/protocol1.0/ping/win64/ping) by extensions ['cmake', 'python']
[0.173s] Level 1:colcon.colcon_core.package_identification:_identify(src/DynamixelSDK/c#/protocol1.0/ping/win64/ping) by extension 'cmake'
[0.173s] Level 1:colcon.colcon_core.package_identification:_identify(src/DynamixelSDK/c#/protocol1.0/ping/win64/ping) by extension 'python'
[0.173s] Level 1:colcon.colcon_core.package_identification:_identify(src/DynamixelSDK/c#/protocol1.0/ping/win64/ping) by extensions ['python_setup_py']
[0.173s] Level 1:colcon.colcon_core.package_identification:_identify(src/DynamixelSDK/c#/protocol1.0/ping/win64/ping) by extension 'python_setup_py'
[0.173s] Level 1:colcon.colcon_core.package_identification:_identify(src/DynamixelSDK/c#/protocol1.0/ping/win64/ping/Properties) by extensions ['ignore', 'ignore_ament_install']
[0.173s] Level 1:colcon.colcon_core.package_identification:_identify(src/DynamixelSDK/c#/protocol1.0/ping/win64/ping/Properties) by extension 'ignore'
[0.173s] Level 1:colcon.colcon_core.package_identification:_identify(src/DynamixelSDK/c#/protocol1.0/ping/win64/ping/Properties) by extension 'ignore_ament_install'
[0.173s] Level 1:colcon.colcon_core.package_identification:_identify(src/DynamixelSDK/c#/protocol1.0/ping/win64/ping/Properties) by extensions ['colcon_pkg']
[0.173s] Level 1:colcon.colcon_core.package_identification:_identify(src/DynamixelSDK/c#/protocol1.0/ping/win64/ping/Properties) by extension 'colcon_pkg'
[0.173s] Level 1:colcon.colcon_core.package_identification:_identify(src/DynamixelSDK/c#/protocol1.0/ping/win64/ping/Properties) by extensions ['colcon_meta']
[0.173s] Level 1:colcon.colcon_core.package_identification:_identify(src/DynamixelSDK/c#/protocol1.0/ping/win64/ping/Properties) by extension 'colcon_meta'
[0.173s] Level 1:colcon.colcon_core.package_identification:_identify(src/DynamixelSDK/c#/protocol1.0/ping/win64/ping/Properties) by extensions ['ros']
[0.173s] Level 1:colcon.colcon_core.package_identification:_identify(src/DynamixelSDK/c#/protocol1.0/ping/win64/ping/Properties) by extension 'ros'
[0.173s] Level 1:colcon.colcon_core.package_identification:_identify(src/DynamixelSDK/c#/protocol1.0/ping/win64/ping/Properties) by extensions ['cmake', 'python']
[0.173s] Level 1:colcon.colcon_core.package_identification:_identify(src/DynamixelSDK/c#/protocol1.0/ping/win64/ping/Properties) by extension 'cmake'
[0.174s] Level 1:colcon.colcon_core.package_identification:_identify(src/DynamixelSDK/c#/protocol1.0/ping/win64/ping/Properties) by extension 'python'
[0.174s] Level 1:colcon.colcon_core.package_identification:_identify(src/DynamixelSDK/c#/protocol1.0/ping/win64/ping/Properties) by extensions ['python_setup_py']
[0.174s] Level 1:colcon.colcon_core.package_identification:_identify(src/DynamixelSDK/c#/protocol1.0/ping/win64/ping/Properties) by extension 'python_setup_py'
[0.174s] Level 1:colcon.colcon_core.package_identification:_identify(src/DynamixelSDK/c#/protocol1.0/read_write) by extensions ['ignore', 'ignore_ament_install']
[0.174s] Level 1:colcon.colcon_core.package_identification:_identify(src/DynamixelSDK/c#/protocol1.0/read_write) by extension 'ignore'
[0.174s] Level 1:colcon.colcon_core.package_identification:_identify(src/DynamixelSDK/c#/protocol1.0/read_write) by extension 'ignore_ament_install'
[0.174s] Level 1:colcon.colcon_core.package_identification:_identify(src/DynamixelSDK/c#/protocol1.0/read_write) by extensions ['colcon_pkg']
[0.174s] Level 1:colcon.colcon_core.package_identification:_identify(src/DynamixelSDK/c#/protocol1.0/read_write) by extension 'colcon_pkg'
[0.174s] Level 1:colcon.colcon_core.package_identification:_identify(src/DynamixelSDK/c#/protocol1.0/read_write) by extensions ['colcon_meta']
[0.174s] Level 1:colcon.colcon_core.package_identification:_identify(src/DynamixelSDK/c#/protocol1.0/read_write) by extension 'colcon_meta'
[0.174s] Level 1:colcon.colcon_core.package_identification:_identify(src/DynamixelSDK/c#/protocol1.0/read_write) by extensions ['ros']
[0.174s] Level 1:colcon.colcon_core.package_identification:_identify(src/DynamixelSDK/c#/protocol1.0/read_write) by extension 'ros'
[0.174s] Level 1:colcon.colcon_core.package_identification:_identify(src/DynamixelSDK/c#/protocol1.0/read_write) by extensions ['cmake', 'python']
[0.174s] Level 1:colcon.colcon_core.package_identification:_identify(src/DynamixelSDK/c#/protocol1.0/read_write) by extension 'cmake'
[0.174s] Level 1:colcon.colcon_core.package_identification:_identify(src/DynamixelSDK/c#/protocol1.0/read_write) by extension 'python'
[0.174s] Level 1:colcon.colcon_core.package_identification:_identify(src/DynamixelSDK/c#/protocol1.0/read_write) by extensions ['python_setup_py']
[0.174s] Level 1:colcon.colcon_core.package_identification:_identify(src/DynamixelSDK/c#/protocol1.0/read_write) by extension 'python_setup_py'
[0.174s] Level 1:colcon.colcon_core.package_identification:_identify(src/DynamixelSDK/c#/protocol1.0/read_write/win32) by extensions ['ignore', 'ignore_ament_install']
[0.174s] Level 1:colcon.colcon_core.package_identification:_identify(src/DynamixelSDK/c#/protocol1.0/read_write/win32) by extension 'ignore'
[0.174s] Level 1:colcon.colcon_core.package_identification:_identify(src/DynamixelSDK/c#/protocol1.0/read_write/win32) by extension 'ignore_ament_install'
[0.174s] Level 1:colcon.colcon_core.package_identification:_identify(src/DynamixelSDK/c#/protocol1.0/read_write/win32) by extensions ['colcon_pkg']
[0.174s] Level 1:colcon.colcon_core.package_identification:_identify(src/DynamixelSDK/c#/protocol1.0/read_write/win32) by extension 'colcon_pkg'
[0.174s] Level 1:colcon.colcon_core.package_identification:_identify(src/DynamixelSDK/c#/protocol1.0/read_write/win32) by extensions ['colcon_meta']
[0.174s] Level 1:colcon.colcon_core.package_identification:_identify(src/DynamixelSDK/c#/protocol1.0/read_write/win32) by extension 'colcon_meta'
[0.174s] Level 1:colcon.colcon_core.package_identification:_identify(src/DynamixelSDK/c#/protocol1.0/read_write/win32) by extensions ['ros']
[0.174s] Level 1:colcon.colcon_core.package_identification:_identify(src/DynamixelSDK/c#/protocol1.0/read_write/win32) by extension 'ros'
[0.174s] Level 1:colcon.colcon_core.package_identification:_identify(src/DynamixelSDK/c#/protocol1.0/read_write/win32) by extensions ['cmake', 'python']
[0.174s] Level 1:colcon.colcon_core.package_identification:_identify(src/DynamixelSDK/c#/protocol1.0/read_write/win32) by extension 'cmake'
[0.174s] Level 1:colcon.colcon_core.package_identification:_identify(src/DynamixelSDK/c#/protocol1.0/read_write/win32) by extension 'python'
[0.174s] Level 1:colcon.colcon_core.package_identification:_identify(src/DynamixelSDK/c#/protocol1.0/read_write/win32) by extensions ['python_setup_py']
[0.174s] Level 1:colcon.colcon_core.package_identification:_identify(src/DynamixelSDK/c#/protocol1.0/read_write/win32) by extension 'python_setup_py'
[0.174s] Level 1:colcon.colcon_core.package_identification:_identify(src/DynamixelSDK/c#/protocol1.0/read_write/win32/read_write) by extensions ['ignore', 'ignore_ament_install']
[0.174s] Level 1:colcon.colcon_core.package_identification:_identify(src/DynamixelSDK/c#/protocol1.0/read_write/win32/read_write) by extension 'ignore'
[0.175s] Level 1:colcon.colcon_core.package_identification:_identify(src/DynamixelSDK/c#/protocol1.0/read_write/win32/read_write) by extension 'ignore_ament_install'
[0.175s] Level 1:colcon.colcon_core.package_identification:_identify(src/DynamixelSDK/c#/protocol1.0/read_write/win32/read_write) by extensions ['colcon_pkg']
[0.175s] Level 1:colcon.colcon_core.package_identification:_identify(src/DynamixelSDK/c#/protocol1.0/read_write/win32/read_write) by extension 'colcon_pkg'
[0.175s] Level 1:colcon.colcon_core.package_identification:_identify(src/DynamixelSDK/c#/protocol1.0/read_write/win32/read_write) by extensions ['colcon_meta']
[0.175s] Level 1:colcon.colcon_core.package_identification:_identify(src/DynamixelSDK/c#/protocol1.0/read_write/win32/read_write) by extension 'colcon_meta'
[0.175s] Level 1:colcon.colcon_core.package_identification:_identify(src/DynamixelSDK/c#/protocol1.0/read_write/win32/read_write) by extensions ['ros']
[0.175s] Level 1:colcon.colcon_core.package_identification:_identify(src/DynamixelSDK/c#/protocol1.0/read_write/win32/read_write) by extension 'ros'
[0.175s] Level 1:colcon.colcon_core.package_identification:_identify(src/DynamixelSDK/c#/protocol1.0/read_write/win32/read_write) by extensions ['cmake', 'python']
[0.175s] Level 1:colcon.colcon_core.package_identification:_identify(src/DynamixelSDK/c#/protocol1.0/read_write/win32/read_write) by extension 'cmake'
[0.175s] Level 1:colcon.colcon_core.package_identification:_identify(src/DynamixelSDK/c#/protocol1.0/read_write/win32/read_write) by extension 'python'
[0.175s] Level 1:colcon.colcon_core.package_identification:_identify(src/DynamixelSDK/c#/protocol1.0/read_write/win32/read_write) by extensions ['python_setup_py']
[0.175s] Level 1:colcon.colcon_core.package_identification:_identify(src/DynamixelSDK/c#/protocol1.0/read_write/win32/read_write) by extension 'python_setup_py'
[0.175s] Level 1:colcon.colcon_core.package_identification:_identify(src/DynamixelSDK/c#/protocol1.0/read_write/win32/read_write/Properties) by extensions ['ignore', 'ignore_ament_install']
[0.175s] Level 1:colcon.colcon_core.package_identification:_identify(src/DynamixelSDK/c#/protocol1.0/read_write/win32/read_write/Properties) by extension 'ignore'
[0.175s] Level 1:colcon.colcon_core.package_identification:_identify(src/DynamixelSDK/c#/protocol1.0/read_write/win32/read_write/Properties) by extension 'ignore_ament_install'
[0.175s] Level 1:colcon.colcon_core.package_identification:_identify(src/DynamixelSDK/c#/protocol1.0/read_write/win32/read_write/Properties) by extensions ['colcon_pkg']
[0.175s] Level 1:colcon.colcon_core.package_identification:_identify(src/DynamixelSDK/c#/protocol1.0/read_write/win32/read_write/Properties) by extension 'colcon_pkg'
[0.175s] Level 1:colcon.colcon_core.package_identification:_identify(src/DynamixelSDK/c#/protocol1.0/read_write/win32/read_write/Properties) by extensions ['colcon_meta']
[0.175s] Level 1:colcon.colcon_core.package_identification:_identify(src/DynamixelSDK/c#/protocol1.0/read_write/win32/read_write/Properties) by extension 'colcon_meta'
[0.175s] Level 1:colcon.colcon_core.package_identification:_identify(src/DynamixelSDK/c#/protocol1.0/read_write/win32/read_write/Properties) by extensions ['ros']
[0.175s] Level 1:colcon.colcon_core.package_identification:_identify(src/DynamixelSDK/c#/protocol1.0/read_write/win32/read_write/Properties) by extension 'ros'
[0.175s] Level 1:colcon.colcon_core.package_identification:_identify(src/DynamixelSDK/c#/protocol1.0/read_write/win32/read_write/Properties) by extensions ['cmake', 'python']
[0.175s] Level 1:colcon.colcon_core.package_identification:_identify(src/DynamixelSDK/c#/protocol1.0/read_write/win32/read_write/Properties) by extension 'cmake'
[0.175s] Level 1:colcon.colcon_core.package_identification:_identify(src/DynamixelSDK/c#/protocol1.0/read_write/win32/read_write/Properties) by extension 'python'
[0.175s] Level 1:colcon.colcon_core.package_identification:_identify(src/DynamixelSDK/c#/protocol1.0/read_write/win32/read_write/Properties) by extensions ['python_setup_py']
[0.175s] Level 1:colcon.colcon_core.package_identification:_identify(src/DynamixelSDK/c#/protocol1.0/read_write/win32/read_write/Properties) by extension 'python_setup_py'
[0.175s] Level 1:colcon.colcon_core.package_identification:_identify(src/DynamixelSDK/c#/protocol1.0/read_write/win64) by extensions ['ignore', 'ignore_ament_install']
[0.175s] Level 1:colcon.colcon_core.package_identification:_identify(src/DynamixelSDK/c#/protocol1.0/read_write/win64) by extension 'ignore'
[0.175s] Level 1:colcon.colcon_core.package_identification:_identify(src/DynamixelSDK/c#/protocol1.0/read_write/win64) by extension 'ignore_ament_install'
[0.175s] Level 1:colcon.colcon_core.package_identification:_identify(src/DynamixelSDK/c#/protocol1.0/read_write/win64) by extensions ['colcon_pkg']
[0.176s] Level 1:colcon.colcon_core.package_identification:_identify(src/DynamixelSDK/c#/protocol1.0/read_write/win64) by extension 'colcon_pkg'
[0.176s] Level 1:colcon.colcon_core.package_identification:_identify(src/DynamixelSDK/c#/protocol1.0/read_write/win64) by extensions ['colcon_meta']
[0.176s] Level 1:colcon.colcon_core.package_identification:_identify(src/DynamixelSDK/c#/protocol1.0/read_write/win64) by extension 'colcon_meta'
[0.176s] Level 1:colcon.colcon_core.package_identification:_identify(src/DynamixelSDK/c#/protocol1.0/read_write/win64) by extensions ['ros']
[0.176s] Level 1:colcon.colcon_core.package_identification:_identify(src/DynamixelSDK/c#/protocol1.0/read_write/win64) by extension 'ros'
[0.176s] Level 1:colcon.colcon_core.package_identification:_identify(src/DynamixelSDK/c#/protocol1.0/read_write/win64) by extensions ['cmake', 'python']
[0.176s] Level 1:colcon.colcon_core.package_identification:_identify(src/DynamixelSDK/c#/protocol1.0/read_write/win64) by extension 'cmake'
[0.176s] Level 1:colcon.colcon_core.package_identification:_identify(src/DynamixelSDK/c#/protocol1.0/read_write/win64) by extension 'python'
[0.176s] Level 1:colcon.colcon_core.package_identification:_identify(src/DynamixelSDK/c#/protocol1.0/read_write/win64) by extensions ['python_setup_py']
[0.176s] Level 1:colcon.colcon_core.package_identification:_identify(src/DynamixelSDK/c#/protocol1.0/read_write/win64) by extension 'python_setup_py'
[0.176s] Level 1:colcon.colcon_core.package_identification:_identify(src/DynamixelSDK/c#/protocol1.0/read_write/win64/read_write) by extensions ['ignore', 'ignore_ament_install']
[0.176s] Level 1:colcon.colcon_core.package_identification:_identify(src/DynamixelSDK/c#/protocol1.0/read_write/win64/read_write) by extension 'ignore'
[0.176s] Level 1:colcon.colcon_core.package_identification:_identify(src/DynamixelSDK/c#/protocol1.0/read_write/win64/read_write) by extension 'ignore_ament_install'
[0.176s] Level 1:colcon.colcon_core.package_identification:_identify(src/DynamixelSDK/c#/protocol1.0/read_write/win64/read_write) by extensions ['colcon_pkg']
[0.176s] Level 1:colcon.colcon_core.package_identification:_identify(src/DynamixelSDK/c#/protocol1.0/read_write/win64/read_write) by extension 'colcon_pkg'
[0.176s] Level 1:colcon.colcon_core.package_identification:_identify(src/DynamixelSDK/c#/protocol1.0/read_write/win64/read_write) by extensions ['colcon_meta']
[0.176s] Level 1:colcon.colcon_core.package_identification:_identify(src/DynamixelSDK/c#/protocol1.0/read_write/win64/read_write) by extension 'colcon_meta'
[0.176s] Level 1:colcon.colcon_core.package_identification:_identify(src/DynamixelSDK/c#/protocol1.0/read_write/win64/read_write) by extensions ['ros']
[0.176s] Level 1:colcon.colcon_core.package_identification:_identify(src/DynamixelSDK/c#/protocol1.0/read_write/win64/read_write) by extension 'ros'
[0.176s] Level 1:colcon.colcon_core.package_identification:_identify(src/DynamixelSDK/c#/protocol1.0/read_write/win64/read_write) by extensions ['cmake', 'python']
[0.176s] Level 1:colcon.colcon_core.package_identification:_identify(src/DynamixelSDK/c#/protocol1.0/read_write/win64/read_write) by extension 'cmake'
[0.176s] Level 1:colcon.colcon_core.package_identification:_identify(src/DynamixelSDK/c#/protocol1.0/read_write/win64/read_write) by extension 'python'
[0.176s] Level 1:colcon.colcon_core.package_identification:_identify(src/DynamixelSDK/c#/protocol1.0/read_write/win64/read_write) by extensions ['python_setup_py']
[0.176s] Level 1:colcon.colcon_core.package_identification:_identify(src/DynamixelSDK/c#/protocol1.0/read_write/win64/read_write) by extension 'python_setup_py'
[0.176s] Level 1:colcon.colcon_core.package_identification:_identify(src/DynamixelSDK/c#/protocol1.0/read_write/win64/read_write/Properties) by extensions ['ignore', 'ignore_ament_install']
[0.177s] Level 1:colcon.colcon_core.package_identification:_identify(src/DynamixelSDK/c#/protocol1.0/read_write/win64/read_write/Properties) by extension 'ignore'
[0.177s] Level 1:colcon.colcon_core.package_identification:_identify(src/DynamixelSDK/c#/protocol1.0/read_write/win64/read_write/Properties) by extension 'ignore_ament_install'
[0.177s] Level 1:colcon.colcon_core.package_identification:_identify(src/DynamixelSDK/c#/protocol1.0/read_write/win64/read_write/Properties) by extensions ['colcon_pkg']
[0.177s] Level 1:colcon.colcon_core.package_identification:_identify(src/DynamixelSDK/c#/protocol1.0/read_write/win64/read_write/Properties) by extension 'colcon_pkg'
[0.177s] Level 1:colcon.colcon_core.package_identification:_identify(src/DynamixelSDK/c#/protocol1.0/read_write/win64/read_write/Properties) by extensions ['colcon_meta']
[0.177s] Level 1:colcon.colcon_core.package_identification:_identify(src/DynamixelSDK/c#/protocol1.0/read_write/win64/read_write/Properties) by extension 'colcon_meta'
[0.177s] Level 1:colcon.colcon_core.package_identification:_identify(src/DynamixelSDK/c#/protocol1.0/read_write/win64/read_write/Properties) by extensions ['ros']
[0.177s] Level 1:colcon.colcon_core.package_identification:_identify(src/DynamixelSDK/c#/protocol1.0/read_write/win64/read_write/Properties) by extension 'ros'
[0.177s] Level 1:colcon.colcon_core.package_identification:_identify(src/DynamixelSDK/c#/protocol1.0/read_write/win64/read_write/Properties) by extensions ['cmake', 'python']
[0.177s] Level 1:colcon.colcon_core.package_identification:_identify(src/DynamixelSDK/c#/protocol1.0/read_write/win64/read_write/Properties) by extension 'cmake'
[0.177s] Level 1:colcon.colcon_core.package_identification:_identify(src/DynamixelSDK/c#/protocol1.0/read_write/win64/read_write/Properties) by extension 'python'
[0.177s] Level 1:colcon.colcon_core.package_identification:_identify(src/DynamixelSDK/c#/protocol1.0/read_write/win64/read_write/Properties) by extensions ['python_setup_py']
[0.177s] Level 1:colcon.colcon_core.package_identification:_identify(src/DynamixelSDK/c#/protocol1.0/read_write/win64/read_write/Properties) by extension 'python_setup_py'
[0.177s] Level 1:colcon.colcon_core.package_identification:_identify(src/DynamixelSDK/c#/protocol1.0/reset) by extensions ['ignore', 'ignore_ament_install']
[0.177s] Level 1:colcon.colcon_core.package_identification:_identify(src/DynamixelSDK/c#/protocol1.0/reset) by extension 'ignore'
[0.177s] Level 1:colcon.colcon_core.package_identification:_identify(src/DynamixelSDK/c#/protocol1.0/reset) by extension 'ignore_ament_install'
[0.177s] Level 1:colcon.colcon_core.package_identification:_identify(src/DynamixelSDK/c#/protocol1.0/reset) by extensions ['colcon_pkg']
[0.177s] Level 1:colcon.colcon_core.package_identification:_identify(src/DynamixelSDK/c#/protocol1.0/reset) by extension 'colcon_pkg'
[0.177s] Level 1:colcon.colcon_core.package_identification:_identify(src/DynamixelSDK/c#/protocol1.0/reset) by extensions ['colcon_meta']
[0.177s] Level 1:colcon.colcon_core.package_identification:_identify(src/DynamixelSDK/c#/protocol1.0/reset) by extension 'colcon_meta'
[0.178s] Level 1:colcon.colcon_core.package_identification:_identify(src/DynamixelSDK/c#/protocol1.0/reset) by extensions ['ros']
[0.178s] Level 1:colcon.colcon_core.package_identification:_identify(src/DynamixelSDK/c#/protocol1.0/reset) by extension 'ros'
[0.178s] Level 1:colcon.colcon_core.package_identification:_identify(src/DynamixelSDK/c#/protocol1.0/reset) by extensions ['cmake', 'python']
[0.178s] Level 1:colcon.colcon_core.package_identification:_identify(src/DynamixelSDK/c#/protocol1.0/reset) by extension 'cmake'
[0.178s] Level 1:colcon.colcon_core.package_identification:_identify(src/DynamixelSDK/c#/protocol1.0/reset) by extension 'python'
[0.178s] Level 1:colcon.colcon_core.package_identification:_identify(src/DynamixelSDK/c#/protocol1.0/reset) by extensions ['python_setup_py']
[0.178s] Level 1:colcon.colcon_core.package_identification:_identify(src/DynamixelSDK/c#/protocol1.0/reset) by extension 'python_setup_py'
[0.178s] Level 1:colcon.colcon_core.package_identification:_identify(src/DynamixelSDK/c#/protocol1.0/reset/win32) by extensions ['ignore', 'ignore_ament_install']
[0.178s] Level 1:colcon.colcon_core.package_identification:_identify(src/DynamixelSDK/c#/protocol1.0/reset/win32) by extension 'ignore'
[0.178s] Level 1:colcon.colcon_core.package_identification:_identify(src/DynamixelSDK/c#/protocol1.0/reset/win32) by extension 'ignore_ament_install'
[0.178s] Level 1:colcon.colcon_core.package_identification:_identify(src/DynamixelSDK/c#/protocol1.0/reset/win32) by extensions ['colcon_pkg']
[0.178s] Level 1:colcon.colcon_core.package_identification:_identify(src/DynamixelSDK/c#/protocol1.0/reset/win32) by extension 'colcon_pkg'
[0.178s] Level 1:colcon.colcon_core.package_identification:_identify(src/DynamixelSDK/c#/protocol1.0/reset/win32) by extensions ['colcon_meta']
[0.178s] Level 1:colcon.colcon_core.package_identification:_identify(src/DynamixelSDK/c#/protocol1.0/reset/win32) by extension 'colcon_meta'
[0.178s] Level 1:colcon.colcon_core.package_identification:_identify(src/DynamixelSDK/c#/protocol1.0/reset/win32) by extensions ['ros']
[0.178s] Level 1:colcon.colcon_core.package_identification:_identify(src/DynamixelSDK/c#/protocol1.0/reset/win32) by extension 'ros'
[0.178s] Level 1:colcon.colcon_core.package_identification:_identify(src/DynamixelSDK/c#/protocol1.0/reset/win32) by extensions ['cmake', 'python']
[0.178s] Level 1:colcon.colcon_core.package_identification:_identify(src/DynamixelSDK/c#/protocol1.0/reset/win32) by extension 'cmake'
[0.178s] Level 1:colcon.colcon_core.package_identification:_identify(src/DynamixelSDK/c#/protocol1.0/reset/win32) by extension 'python'
[0.178s] Level 1:colcon.colcon_core.package_identification:_identify(src/DynamixelSDK/c#/protocol1.0/reset/win32) by extensions ['python_setup_py']
[0.178s] Level 1:colcon.colcon_core.package_identification:_identify(src/DynamixelSDK/c#/protocol1.0/reset/win32) by extension 'python_setup_py'
[0.178s] Level 1:colcon.colcon_core.package_identification:_identify(src/DynamixelSDK/c#/protocol1.0/reset/win32/reset) by extensions ['ignore', 'ignore_ament_install']
[0.178s] Level 1:colcon.colcon_core.package_identification:_identify(src/DynamixelSDK/c#/protocol1.0/reset/win32/reset) by extension 'ignore'
[0.178s] Level 1:colcon.colcon_core.package_identification:_identify(src/DynamixelSDK/c#/protocol1.0/reset/win32/reset) by extension 'ignore_ament_install'
[0.178s] Level 1:colcon.colcon_core.package_identification:_identify(src/DynamixelSDK/c#/protocol1.0/reset/win32/reset) by extensions ['colcon_pkg']
[0.178s] Level 1:colcon.colcon_core.package_identification:_identify(src/DynamixelSDK/c#/protocol1.0/reset/win32/reset) by extension 'colcon_pkg'
[0.178s] Level 1:colcon.colcon_core.package_identification:_identify(src/DynamixelSDK/c#/protocol1.0/reset/win32/reset) by extensions ['colcon_meta']
[0.178s] Level 1:colcon.colcon_core.package_identification:_identify(src/DynamixelSDK/c#/protocol1.0/reset/win32/reset) by extension 'colcon_meta'
[0.178s] Level 1:colcon.colcon_core.package_identification:_identify(src/DynamixelSDK/c#/protocol1.0/reset/win32/reset) by extensions ['ros']
[0.178s] Level 1:colcon.colcon_core.package_identification:_identify(src/DynamixelSDK/c#/protocol1.0/reset/win32/reset) by extension 'ros'
[0.178s] Level 1:colcon.colcon_core.package_identification:_identify(src/DynamixelSDK/c#/protocol1.0/reset/win32/reset) by extensions ['cmake', 'python']
[0.178s] Level 1:colcon.colcon_core.package_identification:_identify(src/DynamixelSDK/c#/protocol1.0/reset/win32/reset) by extension 'cmake'
[0.178s] Level 1:colcon.colcon_core.package_identification:_identify(src/DynamixelSDK/c#/protocol1.0/reset/win32/reset) by extension 'python'
[0.178s] Level 1:colcon.colcon_core.package_identification:_identify(src/DynamixelSDK/c#/protocol1.0/reset/win32/reset) by extensions ['python_setup_py']
[0.179s] Level 1:colcon.colcon_core.package_identification:_identify(src/DynamixelSDK/c#/protocol1.0/reset/win32/reset) by extension 'python_setup_py'
[0.179s] Level 1:colcon.colcon_core.package_identification:_identify(src/DynamixelSDK/c#/protocol1.0/reset/win32/reset/Properties) by extensions ['ignore', 'ignore_ament_install']
[0.179s] Level 1:colcon.colcon_core.package_identification:_identify(src/DynamixelSDK/c#/protocol1.0/reset/win32/reset/Properties) by extension 'ignore'
[0.179s] Level 1:colcon.colcon_core.package_identification:_identify(src/DynamixelSDK/c#/protocol1.0/reset/win32/reset/Properties) by extension 'ignore_ament_install'
[0.179s] Level 1:colcon.colcon_core.package_identification:_identify(src/DynamixelSDK/c#/protocol1.0/reset/win32/reset/Properties) by extensions ['colcon_pkg']
[0.179s] Level 1:colcon.colcon_core.package_identification:_identify(src/DynamixelSDK/c#/protocol1.0/reset/win32/reset/Properties) by extension 'colcon_pkg'
[0.179s] Level 1:colcon.colcon_core.package_identification:_identify(src/DynamixelSDK/c#/protocol1.0/reset/win32/reset/Properties) by extensions ['colcon_meta']
[0.179s] Level 1:colcon.colcon_core.package_identification:_identify(src/DynamixelSDK/c#/protocol1.0/reset/win32/reset/Properties) by extension 'colcon_meta'
[0.179s] Level 1:colcon.colcon_core.package_identification:_identify(src/DynamixelSDK/c#/protocol1.0/reset/win32/reset/Properties) by extensions ['ros']
[0.179s] Level 1:colcon.colcon_core.package_identification:_identify(src/DynamixelSDK/c#/protocol1.0/reset/win32/reset/Properties) by extension 'ros'
[0.179s] Level 1:colcon.colcon_core.package_identification:_identify(src/DynamixelSDK/c#/protocol1.0/reset/win32/reset/Properties) by extensions ['cmake', 'python']
[0.179s] Level 1:colcon.colcon_core.package_identification:_identify(src/DynamixelSDK/c#/protocol1.0/reset/win32/reset/Properties) by extension 'cmake'
[0.179s] Level 1:colcon.colcon_core.package_identification:_identify(src/DynamixelSDK/c#/protocol1.0/reset/win32/reset/Properties) by extension 'python'
[0.179s] Level 1:colcon.colcon_core.package_identification:_identify(src/DynamixelSDK/c#/protocol1.0/reset/win32/reset/Properties) by extensions ['python_setup_py']
[0.179s] Level 1:colcon.colcon_core.package_identification:_identify(src/DynamixelSDK/c#/protocol1.0/reset/win32/reset/Properties) by extension 'python_setup_py'
[0.179s] Level 1:colcon.colcon_core.package_identification:_identify(src/DynamixelSDK/c#/protocol1.0/reset/win64) by extensions ['ignore', 'ignore_ament_install']
[0.179s] Level 1:colcon.colcon_core.package_identification:_identify(src/DynamixelSDK/c#/protocol1.0/reset/win64) by extension 'ignore'
[0.179s] Level 1:colcon.colcon_core.package_identification:_identify(src/DynamixelSDK/c#/protocol1.0/reset/win64) by extension 'ignore_ament_install'
[0.179s] Level 1:colcon.colcon_core.package_identification:_identify(src/DynamixelSDK/c#/protocol1.0/reset/win64) by extensions ['colcon_pkg']
[0.179s] Level 1:colcon.colcon_core.package_identification:_identify(src/DynamixelSDK/c#/protocol1.0/reset/win64) by extension 'colcon_pkg'
[0.179s] Level 1:colcon.colcon_core.package_identification:_identify(src/DynamixelSDK/c#/protocol1.0/reset/win64) by extensions ['colcon_meta']
[0.179s] Level 1:colcon.colcon_core.package_identification:_identify(src/DynamixelSDK/c#/protocol1.0/reset/win64) by extension 'colcon_meta'
[0.179s] Level 1:colcon.colcon_core.package_identification:_identify(src/DynamixelSDK/c#/protocol1.0/reset/win64) by extensions ['ros']
[0.179s] Level 1:colcon.colcon_core.package_identification:_identify(src/DynamixelSDK/c#/protocol1.0/reset/win64) by extension 'ros'
[0.179s] Level 1:colcon.colcon_core.package_identification:_identify(src/DynamixelSDK/c#/protocol1.0/reset/win64) by extensions ['cmake', 'python']
[0.179s] Level 1:colcon.colcon_core.package_identification:_identify(src/DynamixelSDK/c#/protocol1.0/reset/win64) by extension 'cmake'
[0.179s] Level 1:colcon.colcon_core.package_identification:_identify(src/DynamixelSDK/c#/protocol1.0/reset/win64) by extension 'python'
[0.179s] Level 1:colcon.colcon_core.package_identification:_identify(src/DynamixelSDK/c#/protocol1.0/reset/win64) by extensions ['python_setup_py']
[0.179s] Level 1:colcon.colcon_core.package_identification:_identify(src/DynamixelSDK/c#/protocol1.0/reset/win64) by extension 'python_setup_py'
[0.179s] Level 1:colcon.colcon_core.package_identification:_identify(src/DynamixelSDK/c#/protocol1.0/reset/win64/reset) by extensions ['ignore', 'ignore_ament_install']
[0.179s] Level 1:colcon.colcon_core.package_identification:_identify(src/DynamixelSDK/c#/protocol1.0/reset/win64/reset) by extension 'ignore'
[0.179s] Level 1:colcon.colcon_core.package_identification:_identify(src/DynamixelSDK/c#/protocol1.0/reset/win64/reset) by extension 'ignore_ament_install'
[0.179s] Level 1:colcon.colcon_core.package_identification:_identify(src/DynamixelSDK/c#/protocol1.0/reset/win64/reset) by extensions ['colcon_pkg']
[0.179s] Level 1:colcon.colcon_core.package_identification:_identify(src/DynamixelSDK/c#/protocol1.0/reset/win64/reset) by extension 'colcon_pkg'
[0.179s] Level 1:colcon.colcon_core.package_identification:_identify(src/DynamixelSDK/c#/protocol1.0/reset/win64/reset) by extensions ['colcon_meta']
[0.179s] Level 1:colcon.colcon_core.package_identification:_identify(src/DynamixelSDK/c#/protocol1.0/reset/win64/reset) by extension 'colcon_meta'
[0.179s] Level 1:colcon.colcon_core.package_identification:_identify(src/DynamixelSDK/c#/protocol1.0/reset/win64/reset) by extensions ['ros']
[0.179s] Level 1:colcon.colcon_core.package_identification:_identify(src/DynamixelSDK/c#/protocol1.0/reset/win64/reset) by extension 'ros'
[0.179s] Level 1:colcon.colcon_core.package_identification:_identify(src/DynamixelSDK/c#/protocol1.0/reset/win64/reset) by extensions ['cmake', 'python']
[0.179s] Level 1:colcon.colcon_core.package_identification:_identify(src/DynamixelSDK/c#/protocol1.0/reset/win64/reset) by extension 'cmake'
[0.179s] Level 1:colcon.colcon_core.package_identification:_identify(src/DynamixelSDK/c#/protocol1.0/reset/win64/reset) by extension 'python'
[0.180s] Level 1:colcon.colcon_core.package_identification:_identify(src/DynamixelSDK/c#/protocol1.0/reset/win64/reset) by extensions ['python_setup_py']
[0.180s] Level 1:colcon.colcon_core.package_identification:_identify(src/DynamixelSDK/c#/protocol1.0/reset/win64/reset) by extension 'python_setup_py'
[0.180s] Level 1:colcon.colcon_core.package_identification:_identify(src/DynamixelSDK/c#/protocol1.0/reset/win64/reset/Properties) by extensions ['ignore', 'ignore_ament_install']
[0.180s] Level 1:colcon.colcon_core.package_identification:_identify(src/DynamixelSDK/c#/protocol1.0/reset/win64/reset/Properties) by extension 'ignore'
[0.180s] Level 1:colcon.colcon_core.package_identification:_identify(src/DynamixelSDK/c#/protocol1.0/reset/win64/reset/Properties) by extension 'ignore_ament_install'
[0.180s] Level 1:colcon.colcon_core.package_identification:_identify(src/DynamixelSDK/c#/protocol1.0/reset/win64/reset/Properties) by extensions ['colcon_pkg']
[0.180s] Level 1:colcon.colcon_core.package_identification:_identify(src/DynamixelSDK/c#/protocol1.0/reset/win64/reset/Properties) by extension 'colcon_pkg'
[0.180s] Level 1:colcon.colcon_core.package_identification:_identify(src/DynamixelSDK/c#/protocol1.0/reset/win64/reset/Properties) by extensions ['colcon_meta']
[0.180s] Level 1:colcon.colcon_core.package_identification:_identify(src/DynamixelSDK/c#/protocol1.0/reset/win64/reset/Properties) by extension 'colcon_meta'
[0.180s] Level 1:colcon.colcon_core.package_identification:_identify(src/DynamixelSDK/c#/protocol1.0/reset/win64/reset/Properties) by extensions ['ros']
[0.180s] Level 1:colcon.colcon_core.package_identification:_identify(src/DynamixelSDK/c#/protocol1.0/reset/win64/reset/Properties) by extension 'ros'
[0.180s] Level 1:colcon.colcon_core.package_identification:_identify(src/DynamixelSDK/c#/protocol1.0/reset/win64/reset/Properties) by extensions ['cmake', 'python']
[0.180s] Level 1:colcon.colcon_core.package_identification:_identify(src/DynamixelSDK/c#/protocol1.0/reset/win64/reset/Properties) by extension 'cmake'
[0.180s] Level 1:colcon.colcon_core.package_identification:_identify(src/DynamixelSDK/c#/protocol1.0/reset/win64/reset/Properties) by extension 'python'
[0.180s] Level 1:colcon.colcon_core.package_identification:_identify(src/DynamixelSDK/c#/protocol1.0/reset/win64/reset/Properties) by extensions ['python_setup_py']
[0.180s] Level 1:colcon.colcon_core.package_identification:_identify(src/DynamixelSDK/c#/protocol1.0/reset/win64/reset/Properties) by extension 'python_setup_py'
[0.180s] Level 1:colcon.colcon_core.package_identification:_identify(src/DynamixelSDK/c#/protocol1.0/sync_write) by extensions ['ignore', 'ignore_ament_install']
[0.180s] Level 1:colcon.colcon_core.package_identification:_identify(src/DynamixelSDK/c#/protocol1.0/sync_write) by extension 'ignore'
[0.180s] Level 1:colcon.colcon_core.package_identification:_identify(src/DynamixelSDK/c#/protocol1.0/sync_write) by extension 'ignore_ament_install'
[0.180s] Level 1:colcon.colcon_core.package_identification:_identify(src/DynamixelSDK/c#/protocol1.0/sync_write) by extensions ['colcon_pkg']
[0.180s] Level 1:colcon.colcon_core.package_identification:_identify(src/DynamixelSDK/c#/protocol1.0/sync_write) by extension 'colcon_pkg'
[0.180s] Level 1:colcon.colcon_core.package_identification:_identify(src/DynamixelSDK/c#/protocol1.0/sync_write) by extensions ['colcon_meta']
[0.180s] Level 1:colcon.colcon_core.package_identification:_identify(src/DynamixelSDK/c#/protocol1.0/sync_write) by extension 'colcon_meta'
[0.180s] Level 1:colcon.colcon_core.package_identification:_identify(src/DynamixelSDK/c#/protocol1.0/sync_write) by extensions ['ros']
[0.180s] Level 1:colcon.colcon_core.package_identification:_identify(src/DynamixelSDK/c#/protocol1.0/sync_write) by extension 'ros'
[0.180s] Level 1:colcon.colcon_core.package_identification:_identify(src/DynamixelSDK/c#/protocol1.0/sync_write) by extensions ['cmake', 'python']
[0.180s] Level 1:colcon.colcon_core.package_identification:_identify(src/DynamixelSDK/c#/protocol1.0/sync_write) by extension 'cmake'
[0.180s] Level 1:colcon.colcon_core.package_identification:_identify(src/DynamixelSDK/c#/protocol1.0/sync_write) by extension 'python'
[0.180s] Level 1:colcon.colcon_core.package_identification:_identify(src/DynamixelSDK/c#/protocol1.0/sync_write) by extensions ['python_setup_py']
[0.180s] Level 1:colcon.colcon_core.package_identification:_identify(src/DynamixelSDK/c#/protocol1.0/sync_write) by extension 'python_setup_py'
[0.180s] Level 1:colcon.colcon_core.package_identification:_identify(src/DynamixelSDK/c#/protocol1.0/sync_write/win32) by extensions ['ignore', 'ignore_ament_install']
[0.180s] Level 1:colcon.colcon_core.package_identification:_identify(src/DynamixelSDK/c#/protocol1.0/sync_write/win32) by extension 'ignore'
[0.181s] Level 1:colcon.colcon_core.package_identification:_identify(src/DynamixelSDK/c#/protocol1.0/sync_write/win32) by extension 'ignore_ament_install'
[0.181s] Level 1:colcon.colcon_core.package_identification:_identify(src/DynamixelSDK/c#/protocol1.0/sync_write/win32) by extensions ['colcon_pkg']
[0.181s] Level 1:colcon.colcon_core.package_identification:_identify(src/DynamixelSDK/c#/protocol1.0/sync_write/win32) by extension 'colcon_pkg'
[0.181s] Level 1:colcon.colcon_core.package_identification:_identify(src/DynamixelSDK/c#/protocol1.0/sync_write/win32) by extensions ['colcon_meta']
[0.181s] Level 1:colcon.colcon_core.package_identification:_identify(src/DynamixelSDK/c#/protocol1.0/sync_write/win32) by extension 'colcon_meta'
[0.181s] Level 1:colcon.colcon_core.package_identification:_identify(src/DynamixelSDK/c#/protocol1.0/sync_write/win32) by extensions ['ros']
[0.181s] Level 1:colcon.colcon_core.package_identification:_identify(src/DynamixelSDK/c#/protocol1.0/sync_write/win32) by extension 'ros'
[0.181s] Level 1:colcon.colcon_core.package_identification:_identify(src/DynamixelSDK/c#/protocol1.0/sync_write/win32) by extensions ['cmake', 'python']
[0.181s] Level 1:colcon.colcon_core.package_identification:_identify(src/DynamixelSDK/c#/protocol1.0/sync_write/win32) by extension 'cmake'
[0.181s] Level 1:colcon.colcon_core.package_identification:_identify(src/DynamixelSDK/c#/protocol1.0/sync_write/win32) by extension 'python'
[0.181s] Level 1:colcon.colcon_core.package_identification:_identify(src/DynamixelSDK/c#/protocol1.0/sync_write/win32) by extensions ['python_setup_py']
[0.181s] Level 1:colcon.colcon_core.package_identification:_identify(src/DynamixelSDK/c#/protocol1.0/sync_write/win32) by extension 'python_setup_py'
[0.181s] Level 1:colcon.colcon_core.package_identification:_identify(src/DynamixelSDK/c#/protocol1.0/sync_write/win32/sync_write) by extensions ['ignore', 'ignore_ament_install']
[0.181s] Level 1:colcon.colcon_core.package_identification:_identify(src/DynamixelSDK/c#/protocol1.0/sync_write/win32/sync_write) by extension 'ignore'
[0.181s] Level 1:colcon.colcon_core.package_identification:_identify(src/DynamixelSDK/c#/protocol1.0/sync_write/win32/sync_write) by extension 'ignore_ament_install'
[0.181s] Level 1:colcon.colcon_core.package_identification:_identify(src/DynamixelSDK/c#/protocol1.0/sync_write/win32/sync_write) by extensions ['colcon_pkg']
[0.181s] Level 1:colcon.colcon_core.package_identification:_identify(src/DynamixelSDK/c#/protocol1.0/sync_write/win32/sync_write) by extension 'colcon_pkg'
[0.181s] Level 1:colcon.colcon_core.package_identification:_identify(src/DynamixelSDK/c#/protocol1.0/sync_write/win32/sync_write) by extensions ['colcon_meta']
[0.181s] Level 1:colcon.colcon_core.package_identification:_identify(src/DynamixelSDK/c#/protocol1.0/sync_write/win32/sync_write) by extension 'colcon_meta'
[0.181s] Level 1:colcon.colcon_core.package_identification:_identify(src/DynamixelSDK/c#/protocol1.0/sync_write/win32/sync_write) by extensions ['ros']
[0.181s] Level 1:colcon.colcon_core.package_identification:_identify(src/DynamixelSDK/c#/protocol1.0/sync_write/win32/sync_write) by extension 'ros'
[0.181s] Level 1:colcon.colcon_core.package_identification:_identify(src/DynamixelSDK/c#/protocol1.0/sync_write/win32/sync_write) by extensions ['cmake', 'python']
[0.181s] Level 1:colcon.colcon_core.package_identification:_identify(src/DynamixelSDK/c#/protocol1.0/sync_write/win32/sync_write) by extension 'cmake'
[0.181s] Level 1:colcon.colcon_core.package_identification:_identify(src/DynamixelSDK/c#/protocol1.0/sync_write/win32/sync_write) by extension 'python'
[0.181s] Level 1:colcon.colcon_core.package_identification:_identify(src/DynamixelSDK/c#/protocol1.0/sync_write/win32/sync_write) by extensions ['python_setup_py']
[0.181s] Level 1:colcon.colcon_core.package_identification:_identify(src/DynamixelSDK/c#/protocol1.0/sync_write/win32/sync_write) by extension 'python_setup_py'
[0.181s] Level 1:colcon.colcon_core.package_identification:_identify(src/DynamixelSDK/c#/protocol1.0/sync_write/win32/sync_write/Properties) by extensions ['ignore', 'ignore_ament_install']
[0.181s] Level 1:colcon.colcon_core.package_identification:_identify(src/DynamixelSDK/c#/protocol1.0/sync_write/win32/sync_write/Properties) by extension 'ignore'
[0.181s] Level 1:colcon.colcon_core.package_identification:_identify(src/DynamixelSDK/c#/protocol1.0/sync_write/win32/sync_write/Properties) by extension 'ignore_ament_install'
[0.181s] Level 1:colcon.colcon_core.package_identification:_identify(src/DynamixelSDK/c#/protocol1.0/sync_write/win32/sync_write/Properties) by extensions ['colcon_pkg']
[0.181s] Level 1:colcon.colcon_core.package_identification:_identify(src/DynamixelSDK/c#/protocol1.0/sync_write/win32/sync_write/Properties) by extension 'colcon_pkg'
[0.181s] Level 1:colcon.colcon_core.package_identification:_identify(src/DynamixelSDK/c#/protocol1.0/sync_write/win32/sync_write/Properties) by extensions ['colcon_meta']
[0.181s] Level 1:colcon.colcon_core.package_identification:_identify(src/DynamixelSDK/c#/protocol1.0/sync_write/win32/sync_write/Properties) by extension 'colcon_meta'
[0.181s] Level 1:colcon.colcon_core.package_identification:_identify(src/DynamixelSDK/c#/protocol1.0/sync_write/win32/sync_write/Properties) by extensions ['ros']
[0.181s] Level 1:colcon.colcon_core.package_identification:_identify(src/DynamixelSDK/c#/protocol1.0/sync_write/win32/sync_write/Properties) by extension 'ros'
[0.182s] Level 1:colcon.colcon_core.package_identification:_identify(src/DynamixelSDK/c#/protocol1.0/sync_write/win32/sync_write/Properties) by extensions ['cmake', 'python']
[0.182s] Level 1:colcon.colcon_core.package_identification:_identify(src/DynamixelSDK/c#/protocol1.0/sync_write/win32/sync_write/Properties) by extension 'cmake'
[0.182s] Level 1:colcon.colcon_core.package_identification:_identify(src/DynamixelSDK/c#/protocol1.0/sync_write/win32/sync_write/Properties) by extension 'python'
[0.182s] Level 1:colcon.colcon_core.package_identification:_identify(src/DynamixelSDK/c#/protocol1.0/sync_write/win32/sync_write/Properties) by extensions ['python_setup_py']
[0.182s] Level 1:colcon.colcon_core.package_identification:_identify(src/DynamixelSDK/c#/protocol1.0/sync_write/win32/sync_write/Properties) by extension 'python_setup_py'
[0.182s] Level 1:colcon.colcon_core.package_identification:_identify(src/DynamixelSDK/c#/protocol1.0/sync_write/win64) by extensions ['ignore', 'ignore_ament_install']
[0.182s] Level 1:colcon.colcon_core.package_identification:_identify(src/DynamixelSDK/c#/protocol1.0/sync_write/win64) by extension 'ignore'
[0.182s] Level 1:colcon.colcon_core.package_identification:_identify(src/DynamixelSDK/c#/protocol1.0/sync_write/win64) by extension 'ignore_ament_install'
[0.182s] Level 1:colcon.colcon_core.package_identification:_identify(src/DynamixelSDK/c#/protocol1.0/sync_write/win64) by extensions ['colcon_pkg']
[0.182s] Level 1:colcon.colcon_core.package_identification:_identify(src/DynamixelSDK/c#/protocol1.0/sync_write/win64) by extension 'colcon_pkg'
[0.182s] Level 1:colcon.colcon_core.package_identification:_identify(src/DynamixelSDK/c#/protocol1.0/sync_write/win64) by extensions ['colcon_meta']
[0.182s] Level 1:colcon.colcon_core.package_identification:_identify(src/DynamixelSDK/c#/protocol1.0/sync_write/win64) by extension 'colcon_meta'
[0.182s] Level 1:colcon.colcon_core.package_identification:_identify(src/DynamixelSDK/c#/protocol1.0/sync_write/win64) by extensions ['ros']
[0.182s] Level 1:colcon.colcon_core.package_identification:_identify(src/DynamixelSDK/c#/protocol1.0/sync_write/win64) by extension 'ros'
[0.182s] Level 1:colcon.colcon_core.package_identification:_identify(src/DynamixelSDK/c#/protocol1.0/sync_write/win64) by extensions ['cmake', 'python']
[0.182s] Level 1:colcon.colcon_core.package_identification:_identify(src/DynamixelSDK/c#/protocol1.0/sync_write/win64) by extension 'cmake'
[0.182s] Level 1:colcon.colcon_core.package_identification:_identify(src/DynamixelSDK/c#/protocol1.0/sync_write/win64) by extension 'python'
[0.182s] Level 1:colcon.colcon_core.package_identification:_identify(src/DynamixelSDK/c#/protocol1.0/sync_write/win64) by extensions ['python_setup_py']
[0.182s] Level 1:colcon.colcon_core.package_identification:_identify(src/DynamixelSDK/c#/protocol1.0/sync_write/win64) by extension 'python_setup_py'
[0.182s] Level 1:colcon.colcon_core.package_identification:_identify(src/DynamixelSDK/c#/protocol1.0/sync_write/win64/sync_write) by extensions ['ignore', 'ignore_ament_install']
[0.182s] Level 1:colcon.colcon_core.package_identification:_identify(src/DynamixelSDK/c#/protocol1.0/sync_write/win64/sync_write) by extension 'ignore'
[0.182s] Level 1:colcon.colcon_core.package_identification:_identify(src/DynamixelSDK/c#/protocol1.0/sync_write/win64/sync_write) by extension 'ignore_ament_install'
[0.182s] Level 1:colcon.colcon_core.package_identification:_identify(src/DynamixelSDK/c#/protocol1.0/sync_write/win64/sync_write) by extensions ['colcon_pkg']
[0.182s] Level 1:colcon.colcon_core.package_identification:_identify(src/DynamixelSDK/c#/protocol1.0/sync_write/win64/sync_write) by extension 'colcon_pkg'
[0.182s] Level 1:colcon.colcon_core.package_identification:_identify(src/DynamixelSDK/c#/protocol1.0/sync_write/win64/sync_write) by extensions ['colcon_meta']
[0.182s] Level 1:colcon.colcon_core.package_identification:_identify(src/DynamixelSDK/c#/protocol1.0/sync_write/win64/sync_write) by extension 'colcon_meta'
[0.182s] Level 1:colcon.colcon_core.package_identification:_identify(src/DynamixelSDK/c#/protocol1.0/sync_write/win64/sync_write) by extensions ['ros']
[0.182s] Level 1:colcon.colcon_core.package_identification:_identify(src/DynamixelSDK/c#/protocol1.0/sync_write/win64/sync_write) by extension 'ros'
[0.182s] Level 1:colcon.colcon_core.package_identification:_identify(src/DynamixelSDK/c#/protocol1.0/sync_write/win64/sync_write) by extensions ['cmake', 'python']
[0.182s] Level 1:colcon.colcon_core.package_identification:_identify(src/DynamixelSDK/c#/protocol1.0/sync_write/win64/sync_write) by extension 'cmake'
[0.182s] Level 1:colcon.colcon_core.package_identification:_identify(src/DynamixelSDK/c#/protocol1.0/sync_write/win64/sync_write) by extension 'python'
[0.182s] Level 1:colcon.colcon_core.package_identification:_identify(src/DynamixelSDK/c#/protocol1.0/sync_write/win64/sync_write) by extensions ['python_setup_py']
[0.182s] Level 1:colcon.colcon_core.package_identification:_identify(src/DynamixelSDK/c#/protocol1.0/sync_write/win64/sync_write) by extension 'python_setup_py'
[0.182s] Level 1:colcon.colcon_core.package_identification:_identify(src/DynamixelSDK/c#/protocol1.0/sync_write/win64/sync_write/Properties) by extensions ['ignore', 'ignore_ament_install']
[0.182s] Level 1:colcon.colcon_core.package_identification:_identify(src/DynamixelSDK/c#/protocol1.0/sync_write/win64/sync_write/Properties) by extension 'ignore'
[0.182s] Level 1:colcon.colcon_core.package_identification:_identify(src/DynamixelSDK/c#/protocol1.0/sync_write/win64/sync_write/Properties) by extension 'ignore_ament_install'
[0.182s] Level 1:colcon.colcon_core.package_identification:_identify(src/DynamixelSDK/c#/protocol1.0/sync_write/win64/sync_write/Properties) by extensions ['colcon_pkg']
[0.182s] Level 1:colcon.colcon_core.package_identification:_identify(src/DynamixelSDK/c#/protocol1.0/sync_write/win64/sync_write/Properties) by extension 'colcon_pkg'
[0.182s] Level 1:colcon.colcon_core.package_identification:_identify(src/DynamixelSDK/c#/protocol1.0/sync_write/win64/sync_write/Properties) by extensions ['colcon_meta']
[0.182s] Level 1:colcon.colcon_core.package_identification:_identify(src/DynamixelSDK/c#/protocol1.0/sync_write/win64/sync_write/Properties) by extension 'colcon_meta'
[0.182s] Level 1:colcon.colcon_core.package_identification:_identify(src/DynamixelSDK/c#/protocol1.0/sync_write/win64/sync_write/Properties) by extensions ['ros']
[0.182s] Level 1:colcon.colcon_core.package_identification:_identify(src/DynamixelSDK/c#/protocol1.0/sync_write/win64/sync_write/Properties) by extension 'ros'
[0.183s] Level 1:colcon.colcon_core.package_identification:_identify(src/DynamixelSDK/c#/protocol1.0/sync_write/win64/sync_write/Properties) by extensions ['cmake', 'python']
[0.183s] Level 1:colcon.colcon_core.package_identification:_identify(src/DynamixelSDK/c#/protocol1.0/sync_write/win64/sync_write/Properties) by extension 'cmake'
[0.183s] Level 1:colcon.colcon_core.package_identification:_identify(src/DynamixelSDK/c#/protocol1.0/sync_write/win64/sync_write/Properties) by extension 'python'
[0.183s] Level 1:colcon.colcon_core.package_identification:_identify(src/DynamixelSDK/c#/protocol1.0/sync_write/win64/sync_write/Properties) by extensions ['python_setup_py']
[0.183s] Level 1:colcon.colcon_core.package_identification:_identify(src/DynamixelSDK/c#/protocol1.0/sync_write/win64/sync_write/Properties) by extension 'python_setup_py'
[0.183s] Level 1:colcon.colcon_core.package_identification:_identify(src/DynamixelSDK/c#/protocol2.0) by extensions ['ignore', 'ignore_ament_install']
[0.183s] Level 1:colcon.colcon_core.package_identification:_identify(src/DynamixelSDK/c#/protocol2.0) by extension 'ignore'
[0.183s] Level 1:colcon.colcon_core.package_identification:_identify(src/DynamixelSDK/c#/protocol2.0) by extension 'ignore_ament_install'
[0.183s] Level 1:colcon.colcon_core.package_identification:_identify(src/DynamixelSDK/c#/protocol2.0) by extensions ['colcon_pkg']
[0.183s] Level 1:colcon.colcon_core.package_identification:_identify(src/DynamixelSDK/c#/protocol2.0) by extension 'colcon_pkg'
[0.183s] Level 1:colcon.colcon_core.package_identification:_identify(src/DynamixelSDK/c#/protocol2.0) by extensions ['colcon_meta']
[0.183s] Level 1:colcon.colcon_core.package_identification:_identify(src/DynamixelSDK/c#/protocol2.0) by extension 'colcon_meta'
[0.183s] Level 1:colcon.colcon_core.package_identification:_identify(src/DynamixelSDK/c#/protocol2.0) by extensions ['ros']
[0.183s] Level 1:colcon.colcon_core.package_identification:_identify(src/DynamixelSDK/c#/protocol2.0) by extension 'ros'
[0.183s] Level 1:colcon.colcon_core.package_identification:_identify(src/DynamixelSDK/c#/protocol2.0) by extensions ['cmake', 'python']
[0.183s] Level 1:colcon.colcon_core.package_identification:_identify(src/DynamixelSDK/c#/protocol2.0) by extension 'cmake'
[0.183s] Level 1:colcon.colcon_core.package_identification:_identify(src/DynamixelSDK/c#/protocol2.0) by extension 'python'
[0.183s] Level 1:colcon.colcon_core.package_identification:_identify(src/DynamixelSDK/c#/protocol2.0) by extensions ['python_setup_py']
[0.183s] Level 1:colcon.colcon_core.package_identification:_identify(src/DynamixelSDK/c#/protocol2.0) by extension 'python_setup_py'
[0.183s] Level 1:colcon.colcon_core.package_identification:_identify(src/DynamixelSDK/c#/protocol2.0/broadcast_ping) by extensions ['ignore', 'ignore_ament_install']
[0.183s] Level 1:colcon.colcon_core.package_identification:_identify(src/DynamixelSDK/c#/protocol2.0/broadcast_ping) by extension 'ignore'
[0.183s] Level 1:colcon.colcon_core.package_identification:_identify(src/DynamixelSDK/c#/protocol2.0/broadcast_ping) by extension 'ignore_ament_install'
[0.183s] Level 1:colcon.colcon_core.package_identification:_identify(src/DynamixelSDK/c#/protocol2.0/broadcast_ping) by extensions ['colcon_pkg']
[0.183s] Level 1:colcon.colcon_core.package_identification:_identify(src/DynamixelSDK/c#/protocol2.0/broadcast_ping) by extension 'colcon_pkg'
[0.183s] Level 1:colcon.colcon_core.package_identification:_identify(src/DynamixelSDK/c#/protocol2.0/broadcast_ping) by extensions ['colcon_meta']
[0.183s] Level 1:colcon.colcon_core.package_identification:_identify(src/DynamixelSDK/c#/protocol2.0/broadcast_ping) by extension 'colcon_meta'
[0.183s] Level 1:colcon.colcon_core.package_identification:_identify(src/DynamixelSDK/c#/protocol2.0/broadcast_ping) by extensions ['ros']
[0.183s] Level 1:colcon.colcon_core.package_identification:_identify(src/DynamixelSDK/c#/protocol2.0/broadcast_ping) by extension 'ros'
[0.183s] Level 1:colcon.colcon_core.package_identification:_identify(src/DynamixelSDK/c#/protocol2.0/broadcast_ping) by extensions ['cmake', 'python']
[0.183s] Level 1:colcon.colcon_core.package_identification:_identify(src/DynamixelSDK/c#/protocol2.0/broadcast_ping) by extension 'cmake'
[0.183s] Level 1:colcon.colcon_core.package_identification:_identify(src/DynamixelSDK/c#/protocol2.0/broadcast_ping) by extension 'python'
[0.183s] Level 1:colcon.colcon_core.package_identification:_identify(src/DynamixelSDK/c#/protocol2.0/broadcast_ping) by extensions ['python_setup_py']
[0.183s] Level 1:colcon.colcon_core.package_identification:_identify(src/DynamixelSDK/c#/protocol2.0/broadcast_ping) by extension 'python_setup_py'
[0.183s] Level 1:colcon.colcon_core.package_identification:_identify(src/DynamixelSDK/c#/protocol2.0/broadcast_ping/win32) by extensions ['ignore', 'ignore_ament_install']
[0.183s] Level 1:colcon.colcon_core.package_identification:_identify(src/DynamixelSDK/c#/protocol2.0/broadcast_ping/win32) by extension 'ignore'
[0.183s] Level 1:colcon.colcon_core.package_identification:_identify(src/DynamixelSDK/c#/protocol2.0/broadcast_ping/win32) by extension 'ignore_ament_install'
[0.183s] Level 1:colcon.colcon_core.package_identification:_identify(src/DynamixelSDK/c#/protocol2.0/broadcast_ping/win32) by extensions ['colcon_pkg']
[0.183s] Level 1:colcon.colcon_core.package_identification:_identify(src/DynamixelSDK/c#/protocol2.0/broadcast_ping/win32) by extension 'colcon_pkg'
[0.183s] Level 1:colcon.colcon_core.package_identification:_identify(src/DynamixelSDK/c#/protocol2.0/broadcast_ping/win32) by extensions ['colcon_meta']
[0.183s] Level 1:colcon.colcon_core.package_identification:_identify(src/DynamixelSDK/c#/protocol2.0/broadcast_ping/win32) by extension 'colcon_meta'
[0.183s] Level 1:colcon.colcon_core.package_identification:_identify(src/DynamixelSDK/c#/protocol2.0/broadcast_ping/win32) by extensions ['ros']
[0.183s] Level 1:colcon.colcon_core.package_identification:_identify(src/DynamixelSDK/c#/protocol2.0/broadcast_ping/win32) by extension 'ros'
[0.184s] Level 1:colcon.colcon_core.package_identification:_identify(src/DynamixelSDK/c#/protocol2.0/broadcast_ping/win32) by extensions ['cmake', 'python']
[0.184s] Level 1:colcon.colcon_core.package_identification:_identify(src/DynamixelSDK/c#/protocol2.0/broadcast_ping/win32) by extension 'cmake'
[0.184s] Level 1:colcon.colcon_core.package_identification:_identify(src/DynamixelSDK/c#/protocol2.0/broadcast_ping/win32) by extension 'python'
[0.184s] Level 1:colcon.colcon_core.package_identification:_identify(src/DynamixelSDK/c#/protocol2.0/broadcast_ping/win32) by extensions ['python_setup_py']
[0.184s] Level 1:colcon.colcon_core.package_identification:_identify(src/DynamixelSDK/c#/protocol2.0/broadcast_ping/win32) by extension 'python_setup_py'
[0.184s] Level 1:colcon.colcon_core.package_identification:_identify(src/DynamixelSDK/c#/protocol2.0/broadcast_ping/win32/broadcast_ping) by extensions ['ignore', 'ignore_ament_install']
[0.184s] Level 1:colcon.colcon_core.package_identification:_identify(src/DynamixelSDK/c#/protocol2.0/broadcast_ping/win32/broadcast_ping) by extension 'ignore'
[0.184s] Level 1:colcon.colcon_core.package_identification:_identify(src/DynamixelSDK/c#/protocol2.0/broadcast_ping/win32/broadcast_ping) by extension 'ignore_ament_install'
[0.184s] Level 1:colcon.colcon_core.package_identification:_identify(src/DynamixelSDK/c#/protocol2.0/broadcast_ping/win32/broadcast_ping) by extensions ['colcon_pkg']
[0.184s] Level 1:colcon.colcon_core.package_identification:_identify(src/DynamixelSDK/c#/protocol2.0/broadcast_ping/win32/broadcast_ping) by extension 'colcon_pkg'
[0.184s] Level 1:colcon.colcon_core.package_identification:_identify(src/DynamixelSDK/c#/protocol2.0/broadcast_ping/win32/broadcast_ping) by extensions ['colcon_meta']
[0.184s] Level 1:colcon.colcon_core.package_identification:_identify(src/DynamixelSDK/c#/protocol2.0/broadcast_ping/win32/broadcast_ping) by extension 'colcon_meta'
[0.184s] Level 1:colcon.colcon_core.package_identification:_identify(src/DynamixelSDK/c#/protocol2.0/broadcast_ping/win32/broadcast_ping) by extensions ['ros']
[0.184s] Level 1:colcon.colcon_core.package_identification:_identify(src/DynamixelSDK/c#/protocol2.0/broadcast_ping/win32/broadcast_ping) by extension 'ros'
[0.184s] Level 1:colcon.colcon_core.package_identification:_identify(src/DynamixelSDK/c#/protocol2.0/broadcast_ping/win32/broadcast_ping) by extensions ['cmake', 'python']
[0.184s] Level 1:colcon.colcon_core.package_identification:_identify(src/DynamixelSDK/c#/protocol2.0/broadcast_ping/win32/broadcast_ping) by extension 'cmake'
[0.184s] Level 1:colcon.colcon_core.package_identification:_identify(src/DynamixelSDK/c#/protocol2.0/broadcast_ping/win32/broadcast_ping) by extension 'python'
[0.184s] Level 1:colcon.colcon_core.package_identification:_identify(src/DynamixelSDK/c#/protocol2.0/broadcast_ping/win32/broadcast_ping) by extensions ['python_setup_py']
[0.184s] Level 1:colcon.colcon_core.package_identification:_identify(src/DynamixelSDK/c#/protocol2.0/broadcast_ping/win32/broadcast_ping) by extension 'python_setup_py'
[0.184s] Level 1:colcon.colcon_core.package_identification:_identify(src/DynamixelSDK/c#/protocol2.0/broadcast_ping/win32/broadcast_ping/Properties) by extensions ['ignore', 'ignore_ament_install']
[0.184s] Level 1:colcon.colcon_core.package_identification:_identify(src/DynamixelSDK/c#/protocol2.0/broadcast_ping/win32/broadcast_ping/Properties) by extension 'ignore'
[0.184s] Level 1:colcon.colcon_core.package_identification:_identify(src/DynamixelSDK/c#/protocol2.0/broadcast_ping/win32/broadcast_ping/Properties) by extension 'ignore_ament_install'
[0.184s] Level 1:colcon.colcon_core.package_identification:_identify(src/DynamixelSDK/c#/protocol2.0/broadcast_ping/win32/broadcast_ping/Properties) by extensions ['colcon_pkg']
[0.184s] Level 1:colcon.colcon_core.package_identification:_identify(src/DynamixelSDK/c#/protocol2.0/broadcast_ping/win32/broadcast_ping/Properties) by extension 'colcon_pkg'
[0.184s] Level 1:colcon.colcon_core.package_identification:_identify(src/DynamixelSDK/c#/protocol2.0/broadcast_ping/win32/broadcast_ping/Properties) by extensions ['colcon_meta']
[0.184s] Level 1:colcon.colcon_core.package_identification:_identify(src/DynamixelSDK/c#/protocol2.0/broadcast_ping/win32/broadcast_ping/Properties) by extension 'colcon_meta'
[0.184s] Level 1:colcon.colcon_core.package_identification:_identify(src/DynamixelSDK/c#/protocol2.0/broadcast_ping/win32/broadcast_ping/Properties) by extensions ['ros']
[0.184s] Level 1:colcon.colcon_core.package_identification:_identify(src/DynamixelSDK/c#/protocol2.0/broadcast_ping/win32/broadcast_ping/Properties) by extension 'ros'
[0.184s] Level 1:colcon.colcon_core.package_identification:_identify(src/DynamixelSDK/c#/protocol2.0/broadcast_ping/win32/broadcast_ping/Properties) by extensions ['cmake', 'python']
[0.184s] Level 1:colcon.colcon_core.package_identification:_identify(src/DynamixelSDK/c#/protocol2.0/broadcast_ping/win32/broadcast_ping/Properties) by extension 'cmake'
[0.184s] Level 1:colcon.colcon_core.package_identification:_identify(src/DynamixelSDK/c#/protocol2.0/broadcast_ping/win32/broadcast_ping/Properties) by extension 'python'
[0.184s] Level 1:colcon.colcon_core.package_identification:_identify(src/DynamixelSDK/c#/protocol2.0/broadcast_ping/win32/broadcast_ping/Properties) by extensions ['python_setup_py']
[0.184s] Level 1:colcon.colcon_core.package_identification:_identify(src/DynamixelSDK/c#/protocol2.0/broadcast_ping/win32/broadcast_ping/Properties) by extension 'python_setup_py'
[0.184s] Level 1:colcon.colcon_core.package_identification:_identify(src/DynamixelSDK/c#/protocol2.0/broadcast_ping/win64) by extensions ['ignore', 'ignore_ament_install']
[0.184s] Level 1:colcon.colcon_core.package_identification:_identify(src/DynamixelSDK/c#/protocol2.0/broadcast_ping/win64) by extension 'ignore'
[0.184s] Level 1:colcon.colcon_core.package_identification:_identify(src/DynamixelSDK/c#/protocol2.0/broadcast_ping/win64) by extension 'ignore_ament_install'
[0.184s] Level 1:colcon.colcon_core.package_identification:_identify(src/DynamixelSDK/c#/protocol2.0/broadcast_ping/win64) by extensions ['colcon_pkg']
[0.184s] Level 1:colcon.colcon_core.package_identification:_identify(src/DynamixelSDK/c#/protocol2.0/broadcast_ping/win64) by extension 'colcon_pkg'
[0.184s] Level 1:colcon.colcon_core.package_identification:_identify(src/DynamixelSDK/c#/protocol2.0/broadcast_ping/win64) by extensions ['colcon_meta']
[0.184s] Level 1:colcon.colcon_core.package_identification:_identify(src/DynamixelSDK/c#/protocol2.0/broadcast_ping/win64) by extension 'colcon_meta'
[0.184s] Level 1:colcon.colcon_core.package_identification:_identify(src/DynamixelSDK/c#/protocol2.0/broadcast_ping/win64) by extensions ['ros']
[0.184s] Level 1:colcon.colcon_core.package_identification:_identify(src/DynamixelSDK/c#/protocol2.0/broadcast_ping/win64) by extension 'ros'
[0.185s] Level 1:colcon.colcon_core.package_identification:_identify(src/DynamixelSDK/c#/protocol2.0/broadcast_ping/win64) by extensions ['cmake', 'python']
[0.185s] Level 1:colcon.colcon_core.package_identification:_identify(src/DynamixelSDK/c#/protocol2.0/broadcast_ping/win64) by extension 'cmake'
[0.185s] Level 1:colcon.colcon_core.package_identification:_identify(src/DynamixelSDK/c#/protocol2.0/broadcast_ping/win64) by extension 'python'
[0.185s] Level 1:colcon.colcon_core.package_identification:_identify(src/DynamixelSDK/c#/protocol2.0/broadcast_ping/win64) by extensions ['python_setup_py']
[0.185s] Level 1:colcon.colcon_core.package_identification:_identify(src/DynamixelSDK/c#/protocol2.0/broadcast_ping/win64) by extension 'python_setup_py'
[0.185s] Level 1:colcon.colcon_core.package_identification:_identify(src/DynamixelSDK/c#/protocol2.0/broadcast_ping/win64/broadcast_ping) by extensions ['ignore', 'ignore_ament_install']
[0.185s] Level 1:colcon.colcon_core.package_identification:_identify(src/DynamixelSDK/c#/protocol2.0/broadcast_ping/win64/broadcast_ping) by extension 'ignore'
[0.185s] Level 1:colcon.colcon_core.package_identification:_identify(src/DynamixelSDK/c#/protocol2.0/broadcast_ping/win64/broadcast_ping) by extension 'ignore_ament_install'
[0.185s] Level 1:colcon.colcon_core.package_identification:_identify(src/DynamixelSDK/c#/protocol2.0/broadcast_ping/win64/broadcast_ping) by extensions ['colcon_pkg']
[0.185s] Level 1:colcon.colcon_core.package_identification:_identify(src/DynamixelSDK/c#/protocol2.0/broadcast_ping/win64/broadcast_ping) by extension 'colcon_pkg'
[0.185s] Level 1:colcon.colcon_core.package_identification:_identify(src/DynamixelSDK/c#/protocol2.0/broadcast_ping/win64/broadcast_ping) by extensions ['colcon_meta']
[0.185s] Level 1:colcon.colcon_core.package_identification:_identify(src/DynamixelSDK/c#/protocol2.0/broadcast_ping/win64/broadcast_ping) by extension 'colcon_meta'
[0.185s] Level 1:colcon.colcon_core.package_identification:_identify(src/DynamixelSDK/c#/protocol2.0/broadcast_ping/win64/broadcast_ping) by extensions ['ros']
[0.185s] Level 1:colcon.colcon_core.package_identification:_identify(src/DynamixelSDK/c#/protocol2.0/broadcast_ping/win64/broadcast_ping) by extension 'ros'
[0.185s] Level 1:colcon.colcon_core.package_identification:_identify(src/DynamixelSDK/c#/protocol2.0/broadcast_ping/win64/broadcast_ping) by extensions ['cmake', 'python']
[0.185s] Level 1:colcon.colcon_core.package_identification:_identify(src/DynamixelSDK/c#/protocol2.0/broadcast_ping/win64/broadcast_ping) by extension 'cmake'
[0.185s] Level 1:colcon.colcon_core.package_identification:_identify(src/DynamixelSDK/c#/protocol2.0/broadcast_ping/win64/broadcast_ping) by extension 'python'
[0.185s] Level 1:colcon.colcon_core.package_identification:_identify(src/DynamixelSDK/c#/protocol2.0/broadcast_ping/win64/broadcast_ping) by extensions ['python_setup_py']
[0.185s] Level 1:colcon.colcon_core.package_identification:_identify(src/DynamixelSDK/c#/protocol2.0/broadcast_ping/win64/broadcast_ping) by extension 'python_setup_py'
[0.185s] Level 1:colcon.colcon_core.package_identification:_identify(src/DynamixelSDK/c#/protocol2.0/broadcast_ping/win64/broadcast_ping/Properties) by extensions ['ignore', 'ignore_ament_install']
[0.185s] Level 1:colcon.colcon_core.package_identification:_identify(src/DynamixelSDK/c#/protocol2.0/broadcast_ping/win64/broadcast_ping/Properties) by extension 'ignore'
[0.185s] Level 1:colcon.colcon_core.package_identification:_identify(src/DynamixelSDK/c#/protocol2.0/broadcast_ping/win64/broadcast_ping/Properties) by extension 'ignore_ament_install'
[0.185s] Level 1:colcon.colcon_core.package_identification:_identify(src/DynamixelSDK/c#/protocol2.0/broadcast_ping/win64/broadcast_ping/Properties) by extensions ['colcon_pkg']
[0.185s] Level 1:colcon.colcon_core.package_identification:_identify(src/DynamixelSDK/c#/protocol2.0/broadcast_ping/win64/broadcast_ping/Properties) by extension 'colcon_pkg'
[0.185s] Level 1:colcon.colcon_core.package_identification:_identify(src/DynamixelSDK/c#/protocol2.0/broadcast_ping/win64/broadcast_ping/Properties) by extensions ['colcon_meta']
[0.185s] Level 1:colcon.colcon_core.package_identification:_identify(src/DynamixelSDK/c#/protocol2.0/broadcast_ping/win64/broadcast_ping/Properties) by extension 'colcon_meta'
[0.185s] Level 1:colcon.colcon_core.package_identification:_identify(src/DynamixelSDK/c#/protocol2.0/broadcast_ping/win64/broadcast_ping/Properties) by extensions ['ros']
[0.185s] Level 1:colcon.colcon_core.package_identification:_identify(src/DynamixelSDK/c#/protocol2.0/broadcast_ping/win64/broadcast_ping/Properties) by extension 'ros'
[0.185s] Level 1:colcon.colcon_core.package_identification:_identify(src/DynamixelSDK/c#/protocol2.0/broadcast_ping/win64/broadcast_ping/Properties) by extensions ['cmake', 'python']
[0.185s] Level 1:colcon.colcon_core.package_identification:_identify(src/DynamixelSDK/c#/protocol2.0/broadcast_ping/win64/broadcast_ping/Properties) by extension 'cmake'
[0.185s] Level 1:colcon.colcon_core.package_identification:_identify(src/DynamixelSDK/c#/protocol2.0/broadcast_ping/win64/broadcast_ping/Properties) by extension 'python'
[0.185s] Level 1:colcon.colcon_core.package_identification:_identify(src/DynamixelSDK/c#/protocol2.0/broadcast_ping/win64/broadcast_ping/Properties) by extensions ['python_setup_py']
[0.185s] Level 1:colcon.colcon_core.package_identification:_identify(src/DynamixelSDK/c#/protocol2.0/broadcast_ping/win64/broadcast_ping/Properties) by extension 'python_setup_py'
[0.185s] Level 1:colcon.colcon_core.package_identification:_identify(src/DynamixelSDK/c#/protocol2.0/bulk_read_write) by extensions ['ignore', 'ignore_ament_install']
[0.185s] Level 1:colcon.colcon_core.package_identification:_identify(src/DynamixelSDK/c#/protocol2.0/bulk_read_write) by extension 'ignore'
[0.185s] Level 1:colcon.colcon_core.package_identification:_identify(src/DynamixelSDK/c#/protocol2.0/bulk_read_write) by extension 'ignore_ament_install'
[0.185s] Level 1:colcon.colcon_core.package_identification:_identify(src/DynamixelSDK/c#/protocol2.0/bulk_read_write) by extensions ['colcon_pkg']
[0.185s] Level 1:colcon.colcon_core.package_identification:_identify(src/DynamixelSDK/c#/protocol2.0/bulk_read_write) by extension 'colcon_pkg'
[0.185s] Level 1:colcon.colcon_core.package_identification:_identify(src/DynamixelSDK/c#/protocol2.0/bulk_read_write) by extensions ['colcon_meta']
[0.185s] Level 1:colcon.colcon_core.package_identification:_identify(src/DynamixelSDK/c#/protocol2.0/bulk_read_write) by extension 'colcon_meta'
[0.186s] Level 1:colcon.colcon_core.package_identification:_identify(src/DynamixelSDK/c#/protocol2.0/bulk_read_write) by extensions ['ros']
[0.186s] Level 1:colcon.colcon_core.package_identification:_identify(src/DynamixelSDK/c#/protocol2.0/bulk_read_write) by extension 'ros'
[0.186s] Level 1:colcon.colcon_core.package_identification:_identify(src/DynamixelSDK/c#/protocol2.0/bulk_read_write) by extensions ['cmake', 'python']
[0.186s] Level 1:colcon.colcon_core.package_identification:_identify(src/DynamixelSDK/c#/protocol2.0/bulk_read_write) by extension 'cmake'
[0.186s] Level 1:colcon.colcon_core.package_identification:_identify(src/DynamixelSDK/c#/protocol2.0/bulk_read_write) by extension 'python'
[0.186s] Level 1:colcon.colcon_core.package_identification:_identify(src/DynamixelSDK/c#/protocol2.0/bulk_read_write) by extensions ['python_setup_py']
[0.186s] Level 1:colcon.colcon_core.package_identification:_identify(src/DynamixelSDK/c#/protocol2.0/bulk_read_write) by extension 'python_setup_py'
[0.186s] Level 1:colcon.colcon_core.package_identification:_identify(src/DynamixelSDK/c#/protocol2.0/bulk_read_write/win32) by extensions ['ignore', 'ignore_ament_install']
[0.186s] Level 1:colcon.colcon_core.package_identification:_identify(src/DynamixelSDK/c#/protocol2.0/bulk_read_write/win32) by extension 'ignore'
[0.186s] Level 1:colcon.colcon_core.package_identification:_identify(src/DynamixelSDK/c#/protocol2.0/bulk_read_write/win32) by extension 'ignore_ament_install'
[0.186s] Level 1:colcon.colcon_core.package_identification:_identify(src/DynamixelSDK/c#/protocol2.0/bulk_read_write/win32) by extensions ['colcon_pkg']
[0.186s] Level 1:colcon.colcon_core.package_identification:_identify(src/DynamixelSDK/c#/protocol2.0/bulk_read_write/win32) by extension 'colcon_pkg'
[0.186s] Level 1:colcon.colcon_core.package_identification:_identify(src/DynamixelSDK/c#/protocol2.0/bulk_read_write/win32) by extensions ['colcon_meta']
[0.186s] Level 1:colcon.colcon_core.package_identification:_identify(src/DynamixelSDK/c#/protocol2.0/bulk_read_write/win32) by extension 'colcon_meta'
[0.186s] Level 1:colcon.colcon_core.package_identification:_identify(src/DynamixelSDK/c#/protocol2.0/bulk_read_write/win32) by extensions ['ros']
[0.186s] Level 1:colcon.colcon_core.package_identification:_identify(src/DynamixelSDK/c#/protocol2.0/bulk_read_write/win32) by extension 'ros'
[0.186s] Level 1:colcon.colcon_core.package_identification:_identify(src/DynamixelSDK/c#/protocol2.0/bulk_read_write/win32) by extensions ['cmake', 'python']
[0.186s] Level 1:colcon.colcon_core.package_identification:_identify(src/DynamixelSDK/c#/protocol2.0/bulk_read_write/win32) by extension 'cmake'
[0.186s] Level 1:colcon.colcon_core.package_identification:_identify(src/DynamixelSDK/c#/protocol2.0/bulk_read_write/win32) by extension 'python'
[0.186s] Level 1:colcon.colcon_core.package_identification:_identify(src/DynamixelSDK/c#/protocol2.0/bulk_read_write/win32) by extensions ['python_setup_py']
[0.186s] Level 1:colcon.colcon_core.package_identification:_identify(src/DynamixelSDK/c#/protocol2.0/bulk_read_write/win32) by extension 'python_setup_py'
[0.186s] Level 1:colcon.colcon_core.package_identification:_identify(src/DynamixelSDK/c#/protocol2.0/bulk_read_write/win32/bulk_read_write) by extensions ['ignore', 'ignore_ament_install']
[0.186s] Level 1:colcon.colcon_core.package_identification:_identify(src/DynamixelSDK/c#/protocol2.0/bulk_read_write/win32/bulk_read_write) by extension 'ignore'
[0.186s] Level 1:colcon.colcon_core.package_identification:_identify(src/DynamixelSDK/c#/protocol2.0/bulk_read_write/win32/bulk_read_write) by extension 'ignore_ament_install'
[0.186s] Level 1:colcon.colcon_core.package_identification:_identify(src/DynamixelSDK/c#/protocol2.0/bulk_read_write/win32/bulk_read_write) by extensions ['colcon_pkg']
[0.186s] Level 1:colcon.colcon_core.package_identification:_identify(src/DynamixelSDK/c#/protocol2.0/bulk_read_write/win32/bulk_read_write) by extension 'colcon_pkg'
[0.186s] Level 1:colcon.colcon_core.package_identification:_identify(src/DynamixelSDK/c#/protocol2.0/bulk_read_write/win32/bulk_read_write) by extensions ['colcon_meta']
[0.186s] Level 1:colcon.colcon_core.package_identification:_identify(src/DynamixelSDK/c#/protocol2.0/bulk_read_write/win32/bulk_read_write) by extension 'colcon_meta'
[0.186s] Level 1:colcon.colcon_core.package_identification:_identify(src/DynamixelSDK/c#/protocol2.0/bulk_read_write/win32/bulk_read_write) by extensions ['ros']
[0.186s] Level 1:colcon.colcon_core.package_identification:_identify(src/DynamixelSDK/c#/protocol2.0/bulk_read_write/win32/bulk_read_write) by extension 'ros'
[0.186s] Level 1:colcon.colcon_core.package_identification:_identify(src/DynamixelSDK/c#/protocol2.0/bulk_read_write/win32/bulk_read_write) by extensions ['cmake', 'python']
[0.186s] Level 1:colcon.colcon_core.package_identification:_identify(src/DynamixelSDK/c#/protocol2.0/bulk_read_write/win32/bulk_read_write) by extension 'cmake'
[0.186s] Level 1:colcon.colcon_core.package_identification:_identify(src/DynamixelSDK/c#/protocol2.0/bulk_read_write/win32/bulk_read_write) by extension 'python'
[0.186s] Level 1:colcon.colcon_core.package_identification:_identify(src/DynamixelSDK/c#/protocol2.0/bulk_read_write/win32/bulk_read_write) by extensions ['python_setup_py']
[0.186s] Level 1:colcon.colcon_core.package_identification:_identify(src/DynamixelSDK/c#/protocol2.0/bulk_read_write/win32/bulk_read_write) by extension 'python_setup_py'
[0.186s] Level 1:colcon.colcon_core.package_identification:_identify(src/DynamixelSDK/c#/protocol2.0/bulk_read_write/win32/bulk_read_write/Properties) by extensions ['ignore', 'ignore_ament_install']
[0.186s] Level 1:colcon.colcon_core.package_identification:_identify(src/DynamixelSDK/c#/protocol2.0/bulk_read_write/win32/bulk_read_write/Properties) by extension 'ignore'
[0.186s] Level 1:colcon.colcon_core.package_identification:_identify(src/DynamixelSDK/c#/protocol2.0/bulk_read_write/win32/bulk_read_write/Properties) by extension 'ignore_ament_install'
[0.186s] Level 1:colcon.colcon_core.package_identification:_identify(src/DynamixelSDK/c#/protocol2.0/bulk_read_write/win32/bulk_read_write/Properties) by extensions ['colcon_pkg']
[0.186s] Level 1:colcon.colcon_core.package_identification:_identify(src/DynamixelSDK/c#/protocol2.0/bulk_read_write/win32/bulk_read_write/Properties) by extension 'colcon_pkg'
[0.186s] Level 1:colcon.colcon_core.package_identification:_identify(src/DynamixelSDK/c#/protocol2.0/bulk_read_write/win32/bulk_read_write/Properties) by extensions ['colcon_meta']
[0.187s] Level 1:colcon.colcon_core.package_identification:_identify(src/DynamixelSDK/c#/protocol2.0/bulk_read_write/win32/bulk_read_write/Properties) by extension 'colcon_meta'
[0.187s] Level 1:colcon.colcon_core.package_identification:_identify(src/DynamixelSDK/c#/protocol2.0/bulk_read_write/win32/bulk_read_write/Properties) by extensions ['ros']
[0.187s] Level 1:colcon.colcon_core.package_identification:_identify(src/DynamixelSDK/c#/protocol2.0/bulk_read_write/win32/bulk_read_write/Properties) by extension 'ros'
[0.187s] Level 1:colcon.colcon_core.package_identification:_identify(src/DynamixelSDK/c#/protocol2.0/bulk_read_write/win32/bulk_read_write/Properties) by extensions ['cmake', 'python']
[0.187s] Level 1:colcon.colcon_core.package_identification:_identify(src/DynamixelSDK/c#/protocol2.0/bulk_read_write/win32/bulk_read_write/Properties) by extension 'cmake'
[0.187s] Level 1:colcon.colcon_core.package_identification:_identify(src/DynamixelSDK/c#/protocol2.0/bulk_read_write/win32/bulk_read_write/Properties) by extension 'python'
[0.187s] Level 1:colcon.colcon_core.package_identification:_identify(src/DynamixelSDK/c#/protocol2.0/bulk_read_write/win32/bulk_read_write/Properties) by extensions ['python_setup_py']
[0.187s] Level 1:colcon.colcon_core.package_identification:_identify(src/DynamixelSDK/c#/protocol2.0/bulk_read_write/win32/bulk_read_write/Properties) by extension 'python_setup_py'
[0.187s] Level 1:colcon.colcon_core.package_identification:_identify(src/DynamixelSDK/c#/protocol2.0/bulk_read_write/win64) by extensions ['ignore', 'ignore_ament_install']
[0.187s] Level 1:colcon.colcon_core.package_identification:_identify(src/DynamixelSDK/c#/protocol2.0/bulk_read_write/win64) by extension 'ignore'
[0.187s] Level 1:colcon.colcon_core.package_identification:_identify(src/DynamixelSDK/c#/protocol2.0/bulk_read_write/win64) by extension 'ignore_ament_install'
[0.187s] Level 1:colcon.colcon_core.package_identification:_identify(src/DynamixelSDK/c#/protocol2.0/bulk_read_write/win64) by extensions ['colcon_pkg']
[0.187s] Level 1:colcon.colcon_core.package_identification:_identify(src/DynamixelSDK/c#/protocol2.0/bulk_read_write/win64) by extension 'colcon_pkg'
[0.187s] Level 1:colcon.colcon_core.package_identification:_identify(src/DynamixelSDK/c#/protocol2.0/bulk_read_write/win64) by extensions ['colcon_meta']
[0.187s] Level 1:colcon.colcon_core.package_identification:_identify(src/DynamixelSDK/c#/protocol2.0/bulk_read_write/win64) by extension 'colcon_meta'
[0.187s] Level 1:colcon.colcon_core.package_identification:_identify(src/DynamixelSDK/c#/protocol2.0/bulk_read_write/win64) by extensions ['ros']
[0.187s] Level 1:colcon.colcon_core.package_identification:_identify(src/DynamixelSDK/c#/protocol2.0/bulk_read_write/win64) by extension 'ros'
[0.187s] Level 1:colcon.colcon_core.package_identification:_identify(src/DynamixelSDK/c#/protocol2.0/bulk_read_write/win64) by extensions ['cmake', 'python']
[0.187s] Level 1:colcon.colcon_core.package_identification:_identify(src/DynamixelSDK/c#/protocol2.0/bulk_read_write/win64) by extension 'cmake'
[0.187s] Level 1:colcon.colcon_core.package_identification:_identify(src/DynamixelSDK/c#/protocol2.0/bulk_read_write/win64) by extension 'python'
[0.187s] Level 1:colcon.colcon_core.package_identification:_identify(src/DynamixelSDK/c#/protocol2.0/bulk_read_write/win64) by extensions ['python_setup_py']
[0.187s] Level 1:colcon.colcon_core.package_identification:_identify(src/DynamixelSDK/c#/protocol2.0/bulk_read_write/win64) by extension 'python_setup_py'
[0.187s] Level 1:colcon.colcon_core.package_identification:_identify(src/DynamixelSDK/c#/protocol2.0/bulk_read_write/win64/bulk_read_write) by extensions ['ignore', 'ignore_ament_install']
[0.187s] Level 1:colcon.colcon_core.package_identification:_identify(src/DynamixelSDK/c#/protocol2.0/bulk_read_write/win64/bulk_read_write) by extension 'ignore'
[0.187s] Level 1:colcon.colcon_core.package_identification:_identify(src/DynamixelSDK/c#/protocol2.0/bulk_read_write/win64/bulk_read_write) by extension 'ignore_ament_install'
[0.187s] Level 1:colcon.colcon_core.package_identification:_identify(src/DynamixelSDK/c#/protocol2.0/bulk_read_write/win64/bulk_read_write) by extensions ['colcon_pkg']
[0.187s] Level 1:colcon.colcon_core.package_identification:_identify(src/DynamixelSDK/c#/protocol2.0/bulk_read_write/win64/bulk_read_write) by extension 'colcon_pkg'
[0.187s] Level 1:colcon.colcon_core.package_identification:_identify(src/DynamixelSDK/c#/protocol2.0/bulk_read_write/win64/bulk_read_write) by extensions ['colcon_meta']
[0.187s] Level 1:colcon.colcon_core.package_identification:_identify(src/DynamixelSDK/c#/protocol2.0/bulk_read_write/win64/bulk_read_write) by extension 'colcon_meta'
[0.187s] Level 1:colcon.colcon_core.package_identification:_identify(src/DynamixelSDK/c#/protocol2.0/bulk_read_write/win64/bulk_read_write) by extensions ['ros']
[0.187s] Level 1:colcon.colcon_core.package_identification:_identify(src/DynamixelSDK/c#/protocol2.0/bulk_read_write/win64/bulk_read_write) by extension 'ros'
[0.187s] Level 1:colcon.colcon_core.package_identification:_identify(src/DynamixelSDK/c#/protocol2.0/bulk_read_write/win64/bulk_read_write) by extensions ['cmake', 'python']
[0.187s] Level 1:colcon.colcon_core.package_identification:_identify(src/DynamixelSDK/c#/protocol2.0/bulk_read_write/win64/bulk_read_write) by extension 'cmake'
[0.187s] Level 1:colcon.colcon_core.package_identification:_identify(src/DynamixelSDK/c#/protocol2.0/bulk_read_write/win64/bulk_read_write) by extension 'python'
[0.187s] Level 1:colcon.colcon_core.package_identification:_identify(src/DynamixelSDK/c#/protocol2.0/bulk_read_write/win64/bulk_read_write) by extensions ['python_setup_py']
[0.187s] Level 1:colcon.colcon_core.package_identification:_identify(src/DynamixelSDK/c#/protocol2.0/bulk_read_write/win64/bulk_read_write) by extension 'python_setup_py'
[0.187s] Level 1:colcon.colcon_core.package_identification:_identify(src/DynamixelSDK/c#/protocol2.0/bulk_read_write/win64/bulk_read_write/Properties) by extensions ['ignore', 'ignore_ament_install']
[0.187s] Level 1:colcon.colcon_core.package_identification:_identify(src/DynamixelSDK/c#/protocol2.0/bulk_read_write/win64/bulk_read_write/Properties) by extension 'ignore'
[0.187s] Level 1:colcon.colcon_core.package_identification:_identify(src/DynamixelSDK/c#/protocol2.0/bulk_read_write/win64/bulk_read_write/Properties) by extension 'ignore_ament_install'
[0.187s] Level 1:colcon.colcon_core.package_identification:_identify(src/DynamixelSDK/c#/protocol2.0/bulk_read_write/win64/bulk_read_write/Properties) by extensions ['colcon_pkg']
[0.188s] Level 1:colcon.colcon_core.package_identification:_identify(src/DynamixelSDK/c#/protocol2.0/bulk_read_write/win64/bulk_read_write/Properties) by extension 'colcon_pkg'
[0.188s] Level 1:colcon.colcon_core.package_identification:_identify(src/DynamixelSDK/c#/protocol2.0/bulk_read_write/win64/bulk_read_write/Properties) by extensions ['colcon_meta']
[0.188s] Level 1:colcon.colcon_core.package_identification:_identify(src/DynamixelSDK/c#/protocol2.0/bulk_read_write/win64/bulk_read_write/Properties) by extension 'colcon_meta'
[0.188s] Level 1:colcon.colcon_core.package_identification:_identify(src/DynamixelSDK/c#/protocol2.0/bulk_read_write/win64/bulk_read_write/Properties) by extensions ['ros']
[0.188s] Level 1:colcon.colcon_core.package_identification:_identify(src/DynamixelSDK/c#/protocol2.0/bulk_read_write/win64/bulk_read_write/Properties) by extension 'ros'
[0.188s] Level 1:colcon.colcon_core.package_identification:_identify(src/DynamixelSDK/c#/protocol2.0/bulk_read_write/win64/bulk_read_write/Properties) by extensions ['cmake', 'python']
[0.188s] Level 1:colcon.colcon_core.package_identification:_identify(src/DynamixelSDK/c#/protocol2.0/bulk_read_write/win64/bulk_read_write/Properties) by extension 'cmake'
[0.188s] Level 1:colcon.colcon_core.package_identification:_identify(src/DynamixelSDK/c#/protocol2.0/bulk_read_write/win64/bulk_read_write/Properties) by extension 'python'
[0.188s] Level 1:colcon.colcon_core.package_identification:_identify(src/DynamixelSDK/c#/protocol2.0/bulk_read_write/win64/bulk_read_write/Properties) by extensions ['python_setup_py']
[0.188s] Level 1:colcon.colcon_core.package_identification:_identify(src/DynamixelSDK/c#/protocol2.0/bulk_read_write/win64/bulk_read_write/Properties) by extension 'python_setup_py'
[0.188s] Level 1:colcon.colcon_core.package_identification:_identify(src/DynamixelSDK/c#/protocol2.0/clear_multi_turn) by extensions ['ignore', 'ignore_ament_install']
[0.188s] Level 1:colcon.colcon_core.package_identification:_identify(src/DynamixelSDK/c#/protocol2.0/clear_multi_turn) by extension 'ignore'
[0.188s] Level 1:colcon.colcon_core.package_identification:_identify(src/DynamixelSDK/c#/protocol2.0/clear_multi_turn) by extension 'ignore_ament_install'
[0.188s] Level 1:colcon.colcon_core.package_identification:_identify(src/DynamixelSDK/c#/protocol2.0/clear_multi_turn) by extensions ['colcon_pkg']
[0.188s] Level 1:colcon.colcon_core.package_identification:_identify(src/DynamixelSDK/c#/protocol2.0/clear_multi_turn) by extension 'colcon_pkg'
[0.188s] Level 1:colcon.colcon_core.package_identification:_identify(src/DynamixelSDK/c#/protocol2.0/clear_multi_turn) by extensions ['colcon_meta']
[0.188s] Level 1:colcon.colcon_core.package_identification:_identify(src/DynamixelSDK/c#/protocol2.0/clear_multi_turn) by extension 'colcon_meta'
[0.188s] Level 1:colcon.colcon_core.package_identification:_identify(src/DynamixelSDK/c#/protocol2.0/clear_multi_turn) by extensions ['ros']
[0.188s] Level 1:colcon.colcon_core.package_identification:_identify(src/DynamixelSDK/c#/protocol2.0/clear_multi_turn) by extension 'ros'
[0.188s] Level 1:colcon.colcon_core.package_identification:_identify(src/DynamixelSDK/c#/protocol2.0/clear_multi_turn) by extensions ['cmake', 'python']
[0.188s] Level 1:colcon.colcon_core.package_identification:_identify(src/DynamixelSDK/c#/protocol2.0/clear_multi_turn) by extension 'cmake'
[0.188s] Level 1:colcon.colcon_core.package_identification:_identify(src/DynamixelSDK/c#/protocol2.0/clear_multi_turn) by extension 'python'
[0.188s] Level 1:colcon.colcon_core.package_identification:_identify(src/DynamixelSDK/c#/protocol2.0/clear_multi_turn) by extensions ['python_setup_py']
[0.188s] Level 1:colcon.colcon_core.package_identification:_identify(src/DynamixelSDK/c#/protocol2.0/clear_multi_turn) by extension 'python_setup_py'
[0.188s] Level 1:colcon.colcon_core.package_identification:_identify(src/DynamixelSDK/c#/protocol2.0/clear_multi_turn/win32) by extensions ['ignore', 'ignore_ament_install']
[0.188s] Level 1:colcon.colcon_core.package_identification:_identify(src/DynamixelSDK/c#/protocol2.0/clear_multi_turn/win32) by extension 'ignore'
[0.188s] Level 1:colcon.colcon_core.package_identification:_identify(src/DynamixelSDK/c#/protocol2.0/clear_multi_turn/win32) by extension 'ignore_ament_install'
[0.188s] Level 1:colcon.colcon_core.package_identification:_identify(src/DynamixelSDK/c#/protocol2.0/clear_multi_turn/win32) by extensions ['colcon_pkg']
[0.188s] Level 1:colcon.colcon_core.package_identification:_identify(src/DynamixelSDK/c#/protocol2.0/clear_multi_turn/win32) by extension 'colcon_pkg'
[0.188s] Level 1:colcon.colcon_core.package_identification:_identify(src/DynamixelSDK/c#/protocol2.0/clear_multi_turn/win32) by extensions ['colcon_meta']
[0.188s] Level 1:colcon.colcon_core.package_identification:_identify(src/DynamixelSDK/c#/protocol2.0/clear_multi_turn/win32) by extension 'colcon_meta'
[0.188s] Level 1:colcon.colcon_core.package_identification:_identify(src/DynamixelSDK/c#/protocol2.0/clear_multi_turn/win32) by extensions ['ros']
[0.188s] Level 1:colcon.colcon_core.package_identification:_identify(src/DynamixelSDK/c#/protocol2.0/clear_multi_turn/win32) by extension 'ros'
[0.188s] Level 1:colcon.colcon_core.package_identification:_identify(src/DynamixelSDK/c#/protocol2.0/clear_multi_turn/win32) by extensions ['cmake', 'python']
[0.188s] Level 1:colcon.colcon_core.package_identification:_identify(src/DynamixelSDK/c#/protocol2.0/clear_multi_turn/win32) by extension 'cmake'
[0.188s] Level 1:colcon.colcon_core.package_identification:_identify(src/DynamixelSDK/c#/protocol2.0/clear_multi_turn/win32) by extension 'python'
[0.188s] Level 1:colcon.colcon_core.package_identification:_identify(src/DynamixelSDK/c#/protocol2.0/clear_multi_turn/win32) by extensions ['python_setup_py']
[0.188s] Level 1:colcon.colcon_core.package_identification:_identify(src/DynamixelSDK/c#/protocol2.0/clear_multi_turn/win32) by extension 'python_setup_py'
[0.188s] Level 1:colcon.colcon_core.package_identification:_identify(src/DynamixelSDK/c#/protocol2.0/clear_multi_turn/win32/clear_multi_turn) by extensions ['ignore', 'ignore_ament_install']
[0.189s] Level 1:colcon.colcon_core.package_identification:_identify(src/DynamixelSDK/c#/protocol2.0/clear_multi_turn/win32/clear_multi_turn) by extension 'ignore'
[0.189s] Level 1:colcon.colcon_core.package_identification:_identify(src/DynamixelSDK/c#/protocol2.0/clear_multi_turn/win32/clear_multi_turn) by extension 'ignore_ament_install'
[0.189s] Level 1:colcon.colcon_core.package_identification:_identify(src/DynamixelSDK/c#/protocol2.0/clear_multi_turn/win32/clear_multi_turn) by extensions ['colcon_pkg']
[0.189s] Level 1:colcon.colcon_core.package_identification:_identify(src/DynamixelSDK/c#/protocol2.0/clear_multi_turn/win32/clear_multi_turn) by extension 'colcon_pkg'
[0.189s] Level 1:colcon.colcon_core.package_identification:_identify(src/DynamixelSDK/c#/protocol2.0/clear_multi_turn/win32/clear_multi_turn) by extensions ['colcon_meta']
[0.189s] Level 1:colcon.colcon_core.package_identification:_identify(src/DynamixelSDK/c#/protocol2.0/clear_multi_turn/win32/clear_multi_turn) by extension 'colcon_meta'
[0.189s] Level 1:colcon.colcon_core.package_identification:_identify(src/DynamixelSDK/c#/protocol2.0/clear_multi_turn/win32/clear_multi_turn) by extensions ['ros']
[0.189s] Level 1:colcon.colcon_core.package_identification:_identify(src/DynamixelSDK/c#/protocol2.0/clear_multi_turn/win32/clear_multi_turn) by extension 'ros'
[0.189s] Level 1:colcon.colcon_core.package_identification:_identify(src/DynamixelSDK/c#/protocol2.0/clear_multi_turn/win32/clear_multi_turn) by extensions ['cmake', 'python']
[0.189s] Level 1:colcon.colcon_core.package_identification:_identify(src/DynamixelSDK/c#/protocol2.0/clear_multi_turn/win32/clear_multi_turn) by extension 'cmake'
[0.189s] Level 1:colcon.colcon_core.package_identification:_identify(src/DynamixelSDK/c#/protocol2.0/clear_multi_turn/win32/clear_multi_turn) by extension 'python'
[0.189s] Level 1:colcon.colcon_core.package_identification:_identify(src/DynamixelSDK/c#/protocol2.0/clear_multi_turn/win32/clear_multi_turn) by extensions ['python_setup_py']
[0.189s] Level 1:colcon.colcon_core.package_identification:_identify(src/DynamixelSDK/c#/protocol2.0/clear_multi_turn/win32/clear_multi_turn) by extension 'python_setup_py'
[0.189s] Level 1:colcon.colcon_core.package_identification:_identify(src/DynamixelSDK/c#/protocol2.0/clear_multi_turn/win32/clear_multi_turn/Properties) by extensions ['ignore', 'ignore_ament_install']
[0.189s] Level 1:colcon.colcon_core.package_identification:_identify(src/DynamixelSDK/c#/protocol2.0/clear_multi_turn/win32/clear_multi_turn/Properties) by extension 'ignore'
[0.189s] Level 1:colcon.colcon_core.package_identification:_identify(src/DynamixelSDK/c#/protocol2.0/clear_multi_turn/win32/clear_multi_turn/Properties) by extension 'ignore_ament_install'
[0.189s] Level 1:colcon.colcon_core.package_identification:_identify(src/DynamixelSDK/c#/protocol2.0/clear_multi_turn/win32/clear_multi_turn/Properties) by extensions ['colcon_pkg']
[0.189s] Level 1:colcon.colcon_core.package_identification:_identify(src/DynamixelSDK/c#/protocol2.0/clear_multi_turn/win32/clear_multi_turn/Properties) by extension 'colcon_pkg'
[0.189s] Level 1:colcon.colcon_core.package_identification:_identify(src/DynamixelSDK/c#/protocol2.0/clear_multi_turn/win32/clear_multi_turn/Properties) by extensions ['colcon_meta']
[0.189s] Level 1:colcon.colcon_core.package_identification:_identify(src/DynamixelSDK/c#/protocol2.0/clear_multi_turn/win32/clear_multi_turn/Properties) by extension 'colcon_meta'
[0.189s] Level 1:colcon.colcon_core.package_identification:_identify(src/DynamixelSDK/c#/protocol2.0/clear_multi_turn/win32/clear_multi_turn/Properties) by extensions ['ros']
[0.189s] Level 1:colcon.colcon_core.package_identification:_identify(src/DynamixelSDK/c#/protocol2.0/clear_multi_turn/win32/clear_multi_turn/Properties) by extension 'ros'
[0.189s] Level 1:colcon.colcon_core.package_identification:_identify(src/DynamixelSDK/c#/protocol2.0/clear_multi_turn/win32/clear_multi_turn/Properties) by extensions ['cmake', 'python']
[0.189s] Level 1:colcon.colcon_core.package_identification:_identify(src/DynamixelSDK/c#/protocol2.0/clear_multi_turn/win32/clear_multi_turn/Properties) by extension 'cmake'
[0.189s] Level 1:colcon.colcon_core.package_identification:_identify(src/DynamixelSDK/c#/protocol2.0/clear_multi_turn/win32/clear_multi_turn/Properties) by extension 'python'
[0.189s] Level 1:colcon.colcon_core.package_identification:_identify(src/DynamixelSDK/c#/protocol2.0/clear_multi_turn/win32/clear_multi_turn/Properties) by extensions ['python_setup_py']
[0.189s] Level 1:colcon.colcon_core.package_identification:_identify(src/DynamixelSDK/c#/protocol2.0/clear_multi_turn/win32/clear_multi_turn/Properties) by extension 'python_setup_py'
[0.189s] Level 1:colcon.colcon_core.package_identification:_identify(src/DynamixelSDK/c#/protocol2.0/clear_multi_turn/win64) by extensions ['ignore', 'ignore_ament_install']
[0.189s] Level 1:colcon.colcon_core.package_identification:_identify(src/DynamixelSDK/c#/protocol2.0/clear_multi_turn/win64) by extension 'ignore'
[0.189s] Level 1:colcon.colcon_core.package_identification:_identify(src/DynamixelSDK/c#/protocol2.0/clear_multi_turn/win64) by extension 'ignore_ament_install'
[0.189s] Level 1:colcon.colcon_core.package_identification:_identify(src/DynamixelSDK/c#/protocol2.0/clear_multi_turn/win64) by extensions ['colcon_pkg']
[0.189s] Level 1:colcon.colcon_core.package_identification:_identify(src/DynamixelSDK/c#/protocol2.0/clear_multi_turn/win64) by extension 'colcon_pkg'
[0.189s] Level 1:colcon.colcon_core.package_identification:_identify(src/DynamixelSDK/c#/protocol2.0/clear_multi_turn/win64) by extensions ['colcon_meta']
[0.189s] Level 1:colcon.colcon_core.package_identification:_identify(src/DynamixelSDK/c#/protocol2.0/clear_multi_turn/win64) by extension 'colcon_meta'
[0.189s] Level 1:colcon.colcon_core.package_identification:_identify(src/DynamixelSDK/c#/protocol2.0/clear_multi_turn/win64) by extensions ['ros']
[0.189s] Level 1:colcon.colcon_core.package_identification:_identify(src/DynamixelSDK/c#/protocol2.0/clear_multi_turn/win64) by extension 'ros'
[0.189s] Level 1:colcon.colcon_core.package_identification:_identify(src/DynamixelSDK/c#/protocol2.0/clear_multi_turn/win64) by extensions ['cmake', 'python']
[0.190s] Level 1:colcon.colcon_core.package_identification:_identify(src/DynamixelSDK/c#/protocol2.0/clear_multi_turn/win64) by extension 'cmake'
[0.190s] Level 1:colcon.colcon_core.package_identification:_identify(src/DynamixelSDK/c#/protocol2.0/clear_multi_turn/win64) by extension 'python'
[0.190s] Level 1:colcon.colcon_core.package_identification:_identify(src/DynamixelSDK/c#/protocol2.0/clear_multi_turn/win64) by extensions ['python_setup_py']
[0.190s] Level 1:colcon.colcon_core.package_identification:_identify(src/DynamixelSDK/c#/protocol2.0/clear_multi_turn/win64) by extension 'python_setup_py'
[0.190s] Level 1:colcon.colcon_core.package_identification:_identify(src/DynamixelSDK/c#/protocol2.0/clear_multi_turn/win64/clear_multi_turn) by extensions ['ignore', 'ignore_ament_install']
[0.190s] Level 1:colcon.colcon_core.package_identification:_identify(src/DynamixelSDK/c#/protocol2.0/clear_multi_turn/win64/clear_multi_turn) by extension 'ignore'
[0.190s] Level 1:colcon.colcon_core.package_identification:_identify(src/DynamixelSDK/c#/protocol2.0/clear_multi_turn/win64/clear_multi_turn) by extension 'ignore_ament_install'
[0.190s] Level 1:colcon.colcon_core.package_identification:_identify(src/DynamixelSDK/c#/protocol2.0/clear_multi_turn/win64/clear_multi_turn) by extensions ['colcon_pkg']
[0.190s] Level 1:colcon.colcon_core.package_identification:_identify(src/DynamixelSDK/c#/protocol2.0/clear_multi_turn/win64/clear_multi_turn) by extension 'colcon_pkg'
[0.190s] Level 1:colcon.colcon_core.package_identification:_identify(src/DynamixelSDK/c#/protocol2.0/clear_multi_turn/win64/clear_multi_turn) by extensions ['colcon_meta']
[0.190s] Level 1:colcon.colcon_core.package_identification:_identify(src/DynamixelSDK/c#/protocol2.0/clear_multi_turn/win64/clear_multi_turn) by extension 'colcon_meta'
[0.190s] Level 1:colcon.colcon_core.package_identification:_identify(src/DynamixelSDK/c#/protocol2.0/clear_multi_turn/win64/clear_multi_turn) by extensions ['ros']
[0.190s] Level 1:colcon.colcon_core.package_identification:_identify(src/DynamixelSDK/c#/protocol2.0/clear_multi_turn/win64/clear_multi_turn) by extension 'ros'
[0.190s] Level 1:colcon.colcon_core.package_identification:_identify(src/DynamixelSDK/c#/protocol2.0/clear_multi_turn/win64/clear_multi_turn) by extensions ['cmake', 'python']
[0.190s] Level 1:colcon.colcon_core.package_identification:_identify(src/DynamixelSDK/c#/protocol2.0/clear_multi_turn/win64/clear_multi_turn) by extension 'cmake'
[0.190s] Level 1:colcon.colcon_core.package_identification:_identify(src/DynamixelSDK/c#/protocol2.0/clear_multi_turn/win64/clear_multi_turn) by extension 'python'
[0.190s] Level 1:colcon.colcon_core.package_identification:_identify(src/DynamixelSDK/c#/protocol2.0/clear_multi_turn/win64/clear_multi_turn) by extensions ['python_setup_py']
[0.190s] Level 1:colcon.colcon_core.package_identification:_identify(src/DynamixelSDK/c#/protocol2.0/clear_multi_turn/win64/clear_multi_turn) by extension 'python_setup_py'
[0.190s] Level 1:colcon.colcon_core.package_identification:_identify(src/DynamixelSDK/c#/protocol2.0/clear_multi_turn/win64/clear_multi_turn/Properties) by extensions ['ignore', 'ignore_ament_install']
[0.190s] Level 1:colcon.colcon_core.package_identification:_identify(src/DynamixelSDK/c#/protocol2.0/clear_multi_turn/win64/clear_multi_turn/Properties) by extension 'ignore'
[0.190s] Level 1:colcon.colcon_core.package_identification:_identify(src/DynamixelSDK/c#/protocol2.0/clear_multi_turn/win64/clear_multi_turn/Properties) by extension 'ignore_ament_install'
[0.190s] Level 1:colcon.colcon_core.package_identification:_identify(src/DynamixelSDK/c#/protocol2.0/clear_multi_turn/win64/clear_multi_turn/Properties) by extensions ['colcon_pkg']
[0.190s] Level 1:colcon.colcon_core.package_identification:_identify(src/DynamixelSDK/c#/protocol2.0/clear_multi_turn/win64/clear_multi_turn/Properties) by extension 'colcon_pkg'
[0.190s] Level 1:colcon.colcon_core.package_identification:_identify(src/DynamixelSDK/c#/protocol2.0/clear_multi_turn/win64/clear_multi_turn/Properties) by extensions ['colcon_meta']
[0.190s] Level 1:colcon.colcon_core.package_identification:_identify(src/DynamixelSDK/c#/protocol2.0/clear_multi_turn/win64/clear_multi_turn/Properties) by extension 'colcon_meta'
[0.190s] Level 1:colcon.colcon_core.package_identification:_identify(src/DynamixelSDK/c#/protocol2.0/clear_multi_turn/win64/clear_multi_turn/Properties) by extensions ['ros']
[0.190s] Level 1:colcon.colcon_core.package_identification:_identify(src/DynamixelSDK/c#/protocol2.0/clear_multi_turn/win64/clear_multi_turn/Properties) by extension 'ros'
[0.190s] Level 1:colcon.colcon_core.package_identification:_identify(src/DynamixelSDK/c#/protocol2.0/clear_multi_turn/win64/clear_multi_turn/Properties) by extensions ['cmake', 'python']
[0.190s] Level 1:colcon.colcon_core.package_identification:_identify(src/DynamixelSDK/c#/protocol2.0/clear_multi_turn/win64/clear_multi_turn/Properties) by extension 'cmake'
[0.190s] Level 1:colcon.colcon_core.package_identification:_identify(src/DynamixelSDK/c#/protocol2.0/clear_multi_turn/win64/clear_multi_turn/Properties) by extension 'python'
[0.191s] Level 1:colcon.colcon_core.package_identification:_identify(src/DynamixelSDK/c#/protocol2.0/clear_multi_turn/win64/clear_multi_turn/Properties) by extensions ['python_setup_py']
[0.191s] Level 1:colcon.colcon_core.package_identification:_identify(src/DynamixelSDK/c#/protocol2.0/clear_multi_turn/win64/clear_multi_turn/Properties) by extension 'python_setup_py'
[0.191s] Level 1:colcon.colcon_core.package_identification:_identify(src/DynamixelSDK/c#/protocol2.0/factory_reset) by extensions ['ignore', 'ignore_ament_install']
[0.191s] Level 1:colcon.colcon_core.package_identification:_identify(src/DynamixelSDK/c#/protocol2.0/factory_reset) by extension 'ignore'
[0.191s] Level 1:colcon.colcon_core.package_identification:_identify(src/DynamixelSDK/c#/protocol2.0/factory_reset) by extension 'ignore_ament_install'
[0.191s] Level 1:colcon.colcon_core.package_identification:_identify(src/DynamixelSDK/c#/protocol2.0/factory_reset) by extensions ['colcon_pkg']
[0.191s] Level 1:colcon.colcon_core.package_identification:_identify(src/DynamixelSDK/c#/protocol2.0/factory_reset) by extension 'colcon_pkg'
[0.191s] Level 1:colcon.colcon_core.package_identification:_identify(src/DynamixelSDK/c#/protocol2.0/factory_reset) by extensions ['colcon_meta']
[0.191s] Level 1:colcon.colcon_core.package_identification:_identify(src/DynamixelSDK/c#/protocol2.0/factory_reset) by extension 'colcon_meta'
[0.191s] Level 1:colcon.colcon_core.package_identification:_identify(src/DynamixelSDK/c#/protocol2.0/factory_reset) by extensions ['ros']
[0.191s] Level 1:colcon.colcon_core.package_identification:_identify(src/DynamixelSDK/c#/protocol2.0/factory_reset) by extension 'ros'
[0.191s] Level 1:colcon.colcon_core.package_identification:_identify(src/DynamixelSDK/c#/protocol2.0/factory_reset) by extensions ['cmake', 'python']
[0.191s] Level 1:colcon.colcon_core.package_identification:_identify(src/DynamixelSDK/c#/protocol2.0/factory_reset) by extension 'cmake'
[0.191s] Level 1:colcon.colcon_core.package_identification:_identify(src/DynamixelSDK/c#/protocol2.0/factory_reset) by extension 'python'
[0.191s] Level 1:colcon.colcon_core.package_identification:_identify(src/DynamixelSDK/c#/protocol2.0/factory_reset) by extensions ['python_setup_py']
[0.191s] Level 1:colcon.colcon_core.package_identification:_identify(src/DynamixelSDK/c#/protocol2.0/factory_reset) by extension 'python_setup_py'
[0.191s] Level 1:colcon.colcon_core.package_identification:_identify(src/DynamixelSDK/c#/protocol2.0/factory_reset/win32) by extensions ['ignore', 'ignore_ament_install']
[0.191s] Level 1:colcon.colcon_core.package_identification:_identify(src/DynamixelSDK/c#/protocol2.0/factory_reset/win32) by extension 'ignore'
[0.191s] Level 1:colcon.colcon_core.package_identification:_identify(src/DynamixelSDK/c#/protocol2.0/factory_reset/win32) by extension 'ignore_ament_install'
[0.191s] Level 1:colcon.colcon_core.package_identification:_identify(src/DynamixelSDK/c#/protocol2.0/factory_reset/win32) by extensions ['colcon_pkg']
[0.191s] Level 1:colcon.colcon_core.package_identification:_identify(src/DynamixelSDK/c#/protocol2.0/factory_reset/win32) by extension 'colcon_pkg'
[0.191s] Level 1:colcon.colcon_core.package_identification:_identify(src/DynamixelSDK/c#/protocol2.0/factory_reset/win32) by extensions ['colcon_meta']
[0.191s] Level 1:colcon.colcon_core.package_identification:_identify(src/DynamixelSDK/c#/protocol2.0/factory_reset/win32) by extension 'colcon_meta'
[0.191s] Level 1:colcon.colcon_core.package_identification:_identify(src/DynamixelSDK/c#/protocol2.0/factory_reset/win32) by extensions ['ros']
[0.191s] Level 1:colcon.colcon_core.package_identification:_identify(src/DynamixelSDK/c#/protocol2.0/factory_reset/win32) by extension 'ros'
[0.191s] Level 1:colcon.colcon_core.package_identification:_identify(src/DynamixelSDK/c#/protocol2.0/factory_reset/win32) by extensions ['cmake', 'python']
[0.191s] Level 1:colcon.colcon_core.package_identification:_identify(src/DynamixelSDK/c#/protocol2.0/factory_reset/win32) by extension 'cmake'
[0.191s] Level 1:colcon.colcon_core.package_identification:_identify(src/DynamixelSDK/c#/protocol2.0/factory_reset/win32) by extension 'python'
[0.191s] Level 1:colcon.colcon_core.package_identification:_identify(src/DynamixelSDK/c#/protocol2.0/factory_reset/win32) by extensions ['python_setup_py']
[0.191s] Level 1:colcon.colcon_core.package_identification:_identify(src/DynamixelSDK/c#/protocol2.0/factory_reset/win32) by extension 'python_setup_py'
[0.191s] Level 1:colcon.colcon_core.package_identification:_identify(src/DynamixelSDK/c#/protocol2.0/factory_reset/win32/factory_reset) by extensions ['ignore', 'ignore_ament_install']
[0.191s] Level 1:colcon.colcon_core.package_identification:_identify(src/DynamixelSDK/c#/protocol2.0/factory_reset/win32/factory_reset) by extension 'ignore'
[0.191s] Level 1:colcon.colcon_core.package_identification:_identify(src/DynamixelSDK/c#/protocol2.0/factory_reset/win32/factory_reset) by extension 'ignore_ament_install'
[0.192s] Level 1:colcon.colcon_core.package_identification:_identify(src/DynamixelSDK/c#/protocol2.0/factory_reset/win32/factory_reset) by extensions ['colcon_pkg']
[0.192s] Level 1:colcon.colcon_core.package_identification:_identify(src/DynamixelSDK/c#/protocol2.0/factory_reset/win32/factory_reset) by extension 'colcon_pkg'
[0.192s] Level 1:colcon.colcon_core.package_identification:_identify(src/DynamixelSDK/c#/protocol2.0/factory_reset/win32/factory_reset) by extensions ['colcon_meta']
[0.192s] Level 1:colcon.colcon_core.package_identification:_identify(src/DynamixelSDK/c#/protocol2.0/factory_reset/win32/factory_reset) by extension 'colcon_meta'
[0.192s] Level 1:colcon.colcon_core.package_identification:_identify(src/DynamixelSDK/c#/protocol2.0/factory_reset/win32/factory_reset) by extensions ['ros']
[0.192s] Level 1:colcon.colcon_core.package_identification:_identify(src/DynamixelSDK/c#/protocol2.0/factory_reset/win32/factory_reset) by extension 'ros'
[0.192s] Level 1:colcon.colcon_core.package_identification:_identify(src/DynamixelSDK/c#/protocol2.0/factory_reset/win32/factory_reset) by extensions ['cmake', 'python']
[0.192s] Level 1:colcon.colcon_core.package_identification:_identify(src/DynamixelSDK/c#/protocol2.0/factory_reset/win32/factory_reset) by extension 'cmake'
[0.192s] Level 1:colcon.colcon_core.package_identification:_identify(src/DynamixelSDK/c#/protocol2.0/factory_reset/win32/factory_reset) by extension 'python'
[0.192s] Level 1:colcon.colcon_core.package_identification:_identify(src/DynamixelSDK/c#/protocol2.0/factory_reset/win32/factory_reset) by extensions ['python_setup_py']
[0.192s] Level 1:colcon.colcon_core.package_identification:_identify(src/DynamixelSDK/c#/protocol2.0/factory_reset/win32/factory_reset) by extension 'python_setup_py'
[0.192s] Level 1:colcon.colcon_core.package_identification:_identify(src/DynamixelSDK/c#/protocol2.0/factory_reset/win32/factory_reset/Properties) by extensions ['ignore', 'ignore_ament_install']
[0.192s] Level 1:colcon.colcon_core.package_identification:_identify(src/DynamixelSDK/c#/protocol2.0/factory_reset/win32/factory_reset/Properties) by extension 'ignore'
[0.192s] Level 1:colcon.colcon_core.package_identification:_identify(src/DynamixelSDK/c#/protocol2.0/factory_reset/win32/factory_reset/Properties) by extension 'ignore_ament_install'
[0.192s] Level 1:colcon.colcon_core.package_identification:_identify(src/DynamixelSDK/c#/protocol2.0/factory_reset/win32/factory_reset/Properties) by extensions ['colcon_pkg']
[0.192s] Level 1:colcon.colcon_core.package_identification:_identify(src/DynamixelSDK/c#/protocol2.0/factory_reset/win32/factory_reset/Properties) by extension 'colcon_pkg'
[0.192s] Level 1:colcon.colcon_core.package_identification:_identify(src/DynamixelSDK/c#/protocol2.0/factory_reset/win32/factory_reset/Properties) by extensions ['colcon_meta']
[0.192s] Level 1:colcon.colcon_core.package_identification:_identify(src/DynamixelSDK/c#/protocol2.0/factory_reset/win32/factory_reset/Properties) by extension 'colcon_meta'
[0.192s] Level 1:colcon.colcon_core.package_identification:_identify(src/DynamixelSDK/c#/protocol2.0/factory_reset/win32/factory_reset/Properties) by extensions ['ros']
[0.192s] Level 1:colcon.colcon_core.package_identification:_identify(src/DynamixelSDK/c#/protocol2.0/factory_reset/win32/factory_reset/Properties) by extension 'ros'
[0.192s] Level 1:colcon.colcon_core.package_identification:_identify(src/DynamixelSDK/c#/protocol2.0/factory_reset/win32/factory_reset/Properties) by extensions ['cmake', 'python']
[0.192s] Level 1:colcon.colcon_core.package_identification:_identify(src/DynamixelSDK/c#/protocol2.0/factory_reset/win32/factory_reset/Properties) by extension 'cmake'
[0.193s] Level 1:colcon.colcon_core.package_identification:_identify(src/DynamixelSDK/c#/protocol2.0/factory_reset/win32/factory_reset/Properties) by extension 'python'
[0.193s] Level 1:colcon.colcon_core.package_identification:_identify(src/DynamixelSDK/c#/protocol2.0/factory_reset/win32/factory_reset/Properties) by extensions ['python_setup_py']
[0.193s] Level 1:colcon.colcon_core.package_identification:_identify(src/DynamixelSDK/c#/protocol2.0/factory_reset/win32/factory_reset/Properties) by extension 'python_setup_py'
[0.193s] Level 1:colcon.colcon_core.package_identification:_identify(src/DynamixelSDK/c#/protocol2.0/factory_reset/win64) by extensions ['ignore', 'ignore_ament_install']
[0.193s] Level 1:colcon.colcon_core.package_identification:_identify(src/DynamixelSDK/c#/protocol2.0/factory_reset/win64) by extension 'ignore'
[0.193s] Level 1:colcon.colcon_core.package_identification:_identify(src/DynamixelSDK/c#/protocol2.0/factory_reset/win64) by extension 'ignore_ament_install'
[0.193s] Level 1:colcon.colcon_core.package_identification:_identify(src/DynamixelSDK/c#/protocol2.0/factory_reset/win64) by extensions ['colcon_pkg']
[0.193s] Level 1:colcon.colcon_core.package_identification:_identify(src/DynamixelSDK/c#/protocol2.0/factory_reset/win64) by extension 'colcon_pkg'
[0.193s] Level 1:colcon.colcon_core.package_identification:_identify(src/DynamixelSDK/c#/protocol2.0/factory_reset/win64) by extensions ['colcon_meta']
[0.193s] Level 1:colcon.colcon_core.package_identification:_identify(src/DynamixelSDK/c#/protocol2.0/factory_reset/win64) by extension 'colcon_meta'
[0.193s] Level 1:colcon.colcon_core.package_identification:_identify(src/DynamixelSDK/c#/protocol2.0/factory_reset/win64) by extensions ['ros']
[0.193s] Level 1:colcon.colcon_core.package_identification:_identify(src/DynamixelSDK/c#/protocol2.0/factory_reset/win64) by extension 'ros'
[0.193s] Level 1:colcon.colcon_core.package_identification:_identify(src/DynamixelSDK/c#/protocol2.0/factory_reset/win64) by extensions ['cmake', 'python']
[0.193s] Level 1:colcon.colcon_core.package_identification:_identify(src/DynamixelSDK/c#/protocol2.0/factory_reset/win64) by extension 'cmake'
[0.193s] Level 1:colcon.colcon_core.package_identification:_identify(src/DynamixelSDK/c#/protocol2.0/factory_reset/win64) by extension 'python'
[0.193s] Level 1:colcon.colcon_core.package_identification:_identify(src/DynamixelSDK/c#/protocol2.0/factory_reset/win64) by extensions ['python_setup_py']
[0.193s] Level 1:colcon.colcon_core.package_identification:_identify(src/DynamixelSDK/c#/protocol2.0/factory_reset/win64) by extension 'python_setup_py'
[0.193s] Level 1:colcon.colcon_core.package_identification:_identify(src/DynamixelSDK/c#/protocol2.0/factory_reset/win64/factory_reset) by extensions ['ignore', 'ignore_ament_install']
[0.193s] Level 1:colcon.colcon_core.package_identification:_identify(src/DynamixelSDK/c#/protocol2.0/factory_reset/win64/factory_reset) by extension 'ignore'
[0.193s] Level 1:colcon.colcon_core.package_identification:_identify(src/DynamixelSDK/c#/protocol2.0/factory_reset/win64/factory_reset) by extension 'ignore_ament_install'
[0.193s] Level 1:colcon.colcon_core.package_identification:_identify(src/DynamixelSDK/c#/protocol2.0/factory_reset/win64/factory_reset) by extensions ['colcon_pkg']
[0.193s] Level 1:colcon.colcon_core.package_identification:_identify(src/DynamixelSDK/c#/protocol2.0/factory_reset/win64/factory_reset) by extension 'colcon_pkg'
[0.193s] Level 1:colcon.colcon_core.package_identification:_identify(src/DynamixelSDK/c#/protocol2.0/factory_reset/win64/factory_reset) by extensions ['colcon_meta']
[0.193s] Level 1:colcon.colcon_core.package_identification:_identify(src/DynamixelSDK/c#/protocol2.0/factory_reset/win64/factory_reset) by extension 'colcon_meta'
[0.194s] Level 1:colcon.colcon_core.package_identification:_identify(src/DynamixelSDK/c#/protocol2.0/factory_reset/win64/factory_reset) by extensions ['ros']
[0.194s] Level 1:colcon.colcon_core.package_identification:_identify(src/DynamixelSDK/c#/protocol2.0/factory_reset/win64/factory_reset) by extension 'ros'
[0.194s] Level 1:colcon.colcon_core.package_identification:_identify(src/DynamixelSDK/c#/protocol2.0/factory_reset/win64/factory_reset) by extensions ['cmake', 'python']
[0.194s] Level 1:colcon.colcon_core.package_identification:_identify(src/DynamixelSDK/c#/protocol2.0/factory_reset/win64/factory_reset) by extension 'cmake'
[0.194s] Level 1:colcon.colcon_core.package_identification:_identify(src/DynamixelSDK/c#/protocol2.0/factory_reset/win64/factory_reset) by extension 'python'
[0.194s] Level 1:colcon.colcon_core.package_identification:_identify(src/DynamixelSDK/c#/protocol2.0/factory_reset/win64/factory_reset) by extensions ['python_setup_py']
[0.194s] Level 1:colcon.colcon_core.package_identification:_identify(src/DynamixelSDK/c#/protocol2.0/factory_reset/win64/factory_reset) by extension 'python_setup_py'
[0.194s] Level 1:colcon.colcon_core.package_identification:_identify(src/DynamixelSDK/c#/protocol2.0/factory_reset/win64/factory_reset/Properties) by extensions ['ignore', 'ignore_ament_install']
[0.194s] Level 1:colcon.colcon_core.package_identification:_identify(src/DynamixelSDK/c#/protocol2.0/factory_reset/win64/factory_reset/Properties) by extension 'ignore'
[0.194s] Level 1:colcon.colcon_core.package_identification:_identify(src/DynamixelSDK/c#/protocol2.0/factory_reset/win64/factory_reset/Properties) by extension 'ignore_ament_install'
[0.194s] Level 1:colcon.colcon_core.package_identification:_identify(src/DynamixelSDK/c#/protocol2.0/factory_reset/win64/factory_reset/Properties) by extensions ['colcon_pkg']
[0.194s] Level 1:colcon.colcon_core.package_identification:_identify(src/DynamixelSDK/c#/protocol2.0/factory_reset/win64/factory_reset/Properties) by extension 'colcon_pkg'
[0.194s] Level 1:colcon.colcon_core.package_identification:_identify(src/DynamixelSDK/c#/protocol2.0/factory_reset/win64/factory_reset/Properties) by extensions ['colcon_meta']
[0.194s] Level 1:colcon.colcon_core.package_identification:_identify(src/DynamixelSDK/c#/protocol2.0/factory_reset/win64/factory_reset/Properties) by extension 'colcon_meta'
[0.194s] Level 1:colcon.colcon_core.package_identification:_identify(src/DynamixelSDK/c#/protocol2.0/factory_reset/win64/factory_reset/Properties) by extensions ['ros']
[0.194s] Level 1:colcon.colcon_core.package_identification:_identify(src/DynamixelSDK/c#/protocol2.0/factory_reset/win64/factory_reset/Properties) by extension 'ros'
[0.194s] Level 1:colcon.colcon_core.package_identification:_identify(src/DynamixelSDK/c#/protocol2.0/factory_reset/win64/factory_reset/Properties) by extensions ['cmake', 'python']
[0.194s] Level 1:colcon.colcon_core.package_identification:_identify(src/DynamixelSDK/c#/protocol2.0/factory_reset/win64/factory_reset/Properties) by extension 'cmake'
[0.195s] Level 1:colcon.colcon_core.package_identification:_identify(src/DynamixelSDK/c#/protocol2.0/factory_reset/win64/factory_reset/Properties) by extension 'python'
[0.195s] Level 1:colcon.colcon_core.package_identification:_identify(src/DynamixelSDK/c#/protocol2.0/factory_reset/win64/factory_reset/Properties) by extensions ['python_setup_py']
[0.195s] Level 1:colcon.colcon_core.package_identification:_identify(src/DynamixelSDK/c#/protocol2.0/factory_reset/win64/factory_reset/Properties) by extension 'python_setup_py'
[0.195s] Level 1:colcon.colcon_core.package_identification:_identify(src/DynamixelSDK/c#/protocol2.0/indirect_address) by extensions ['ignore', 'ignore_ament_install']
[0.195s] Level 1:colcon.colcon_core.package_identification:_identify(src/DynamixelSDK/c#/protocol2.0/indirect_address) by extension 'ignore'
[0.195s] Level 1:colcon.colcon_core.package_identification:_identify(src/DynamixelSDK/c#/protocol2.0/indirect_address) by extension 'ignore_ament_install'
[0.195s] Level 1:colcon.colcon_core.package_identification:_identify(src/DynamixelSDK/c#/protocol2.0/indirect_address) by extensions ['colcon_pkg']
[0.195s] Level 1:colcon.colcon_core.package_identification:_identify(src/DynamixelSDK/c#/protocol2.0/indirect_address) by extension 'colcon_pkg'
[0.195s] Level 1:colcon.colcon_core.package_identification:_identify(src/DynamixelSDK/c#/protocol2.0/indirect_address) by extensions ['colcon_meta']
[0.195s] Level 1:colcon.colcon_core.package_identification:_identify(src/DynamixelSDK/c#/protocol2.0/indirect_address) by extension 'colcon_meta'
[0.195s] Level 1:colcon.colcon_core.package_identification:_identify(src/DynamixelSDK/c#/protocol2.0/indirect_address) by extensions ['ros']
[0.195s] Level 1:colcon.colcon_core.package_identification:_identify(src/DynamixelSDK/c#/protocol2.0/indirect_address) by extension 'ros'
[0.195s] Level 1:colcon.colcon_core.package_identification:_identify(src/DynamixelSDK/c#/protocol2.0/indirect_address) by extensions ['cmake', 'python']
[0.195s] Level 1:colcon.colcon_core.package_identification:_identify(src/DynamixelSDK/c#/protocol2.0/indirect_address) by extension 'cmake'
[0.195s] Level 1:colcon.colcon_core.package_identification:_identify(src/DynamixelSDK/c#/protocol2.0/indirect_address) by extension 'python'
[0.195s] Level 1:colcon.colcon_core.package_identification:_identify(src/DynamixelSDK/c#/protocol2.0/indirect_address) by extensions ['python_setup_py']
[0.195s] Level 1:colcon.colcon_core.package_identification:_identify(src/DynamixelSDK/c#/protocol2.0/indirect_address) by extension 'python_setup_py'
[0.195s] Level 1:colcon.colcon_core.package_identification:_identify(src/DynamixelSDK/c#/protocol2.0/indirect_address/win32) by extensions ['ignore', 'ignore_ament_install']
[0.195s] Level 1:colcon.colcon_core.package_identification:_identify(src/DynamixelSDK/c#/protocol2.0/indirect_address/win32) by extension 'ignore'
[0.195s] Level 1:colcon.colcon_core.package_identification:_identify(src/DynamixelSDK/c#/protocol2.0/indirect_address/win32) by extension 'ignore_ament_install'
[0.195s] Level 1:colcon.colcon_core.package_identification:_identify(src/DynamixelSDK/c#/protocol2.0/indirect_address/win32) by extensions ['colcon_pkg']
[0.195s] Level 1:colcon.colcon_core.package_identification:_identify(src/DynamixelSDK/c#/protocol2.0/indirect_address/win32) by extension 'colcon_pkg'
[0.195s] Level 1:colcon.colcon_core.package_identification:_identify(src/DynamixelSDK/c#/protocol2.0/indirect_address/win32) by extensions ['colcon_meta']
[0.195s] Level 1:colcon.colcon_core.package_identification:_identify(src/DynamixelSDK/c#/protocol2.0/indirect_address/win32) by extension 'colcon_meta'
[0.195s] Level 1:colcon.colcon_core.package_identification:_identify(src/DynamixelSDK/c#/protocol2.0/indirect_address/win32) by extensions ['ros']
[0.196s] Level 1:colcon.colcon_core.package_identification:_identify(src/DynamixelSDK/c#/protocol2.0/indirect_address/win32) by extension 'ros'
[0.196s] Level 1:colcon.colcon_core.package_identification:_identify(src/DynamixelSDK/c#/protocol2.0/indirect_address/win32) by extensions ['cmake', 'python']
[0.196s] Level 1:colcon.colcon_core.package_identification:_identify(src/DynamixelSDK/c#/protocol2.0/indirect_address/win32) by extension 'cmake'
[0.196s] Level 1:colcon.colcon_core.package_identification:_identify(src/DynamixelSDK/c#/protocol2.0/indirect_address/win32) by extension 'python'
[0.196s] Level 1:colcon.colcon_core.package_identification:_identify(src/DynamixelSDK/c#/protocol2.0/indirect_address/win32) by extensions ['python_setup_py']
[0.196s] Level 1:colcon.colcon_core.package_identification:_identify(src/DynamixelSDK/c#/protocol2.0/indirect_address/win32) by extension 'python_setup_py'
[0.196s] Level 1:colcon.colcon_core.package_identification:_identify(src/DynamixelSDK/c#/protocol2.0/indirect_address/win32/indirect_address) by extensions ['ignore', 'ignore_ament_install']
[0.196s] Level 1:colcon.colcon_core.package_identification:_identify(src/DynamixelSDK/c#/protocol2.0/indirect_address/win32/indirect_address) by extension 'ignore'
[0.196s] Level 1:colcon.colcon_core.package_identification:_identify(src/DynamixelSDK/c#/protocol2.0/indirect_address/win32/indirect_address) by extension 'ignore_ament_install'
[0.197s] Level 1:colcon.colcon_core.package_identification:_identify(src/DynamixelSDK/c#/protocol2.0/indirect_address/win32/indirect_address) by extensions ['colcon_pkg']
[0.197s] Level 1:colcon.colcon_core.package_identification:_identify(src/DynamixelSDK/c#/protocol2.0/indirect_address/win32/indirect_address) by extension 'colcon_pkg'
[0.197s] Level 1:colcon.colcon_core.package_identification:_identify(src/DynamixelSDK/c#/protocol2.0/indirect_address/win32/indirect_address) by extensions ['colcon_meta']
[0.197s] Level 1:colcon.colcon_core.package_identification:_identify(src/DynamixelSDK/c#/protocol2.0/indirect_address/win32/indirect_address) by extension 'colcon_meta'
[0.197s] Level 1:colcon.colcon_core.package_identification:_identify(src/DynamixelSDK/c#/protocol2.0/indirect_address/win32/indirect_address) by extensions ['ros']
[0.197s] Level 1:colcon.colcon_core.package_identification:_identify(src/DynamixelSDK/c#/protocol2.0/indirect_address/win32/indirect_address) by extension 'ros'
[0.197s] Level 1:colcon.colcon_core.package_identification:_identify(src/DynamixelSDK/c#/protocol2.0/indirect_address/win32/indirect_address) by extensions ['cmake', 'python']
[0.197s] Level 1:colcon.colcon_core.package_identification:_identify(src/DynamixelSDK/c#/protocol2.0/indirect_address/win32/indirect_address) by extension 'cmake'
[0.197s] Level 1:colcon.colcon_core.package_identification:_identify(src/DynamixelSDK/c#/protocol2.0/indirect_address/win32/indirect_address) by extension 'python'
[0.197s] Level 1:colcon.colcon_core.package_identification:_identify(src/DynamixelSDK/c#/protocol2.0/indirect_address/win32/indirect_address) by extensions ['python_setup_py']
[0.197s] Level 1:colcon.colcon_core.package_identification:_identify(src/DynamixelSDK/c#/protocol2.0/indirect_address/win32/indirect_address) by extension 'python_setup_py'
[0.197s] Level 1:colcon.colcon_core.package_identification:_identify(src/DynamixelSDK/c#/protocol2.0/indirect_address/win32/indirect_address/Properties) by extensions ['ignore', 'ignore_ament_install']
[0.197s] Level 1:colcon.colcon_core.package_identification:_identify(src/DynamixelSDK/c#/protocol2.0/indirect_address/win32/indirect_address/Properties) by extension 'ignore'
[0.197s] Level 1:colcon.colcon_core.package_identification:_identify(src/DynamixelSDK/c#/protocol2.0/indirect_address/win32/indirect_address/Properties) by extension 'ignore_ament_install'
[0.197s] Level 1:colcon.colcon_core.package_identification:_identify(src/DynamixelSDK/c#/protocol2.0/indirect_address/win32/indirect_address/Properties) by extensions ['colcon_pkg']
[0.197s] Level 1:colcon.colcon_core.package_identification:_identify(src/DynamixelSDK/c#/protocol2.0/indirect_address/win32/indirect_address/Properties) by extension 'colcon_pkg'
[0.197s] Level 1:colcon.colcon_core.package_identification:_identify(src/DynamixelSDK/c#/protocol2.0/indirect_address/win32/indirect_address/Properties) by extensions ['colcon_meta']
[0.197s] Level 1:colcon.colcon_core.package_identification:_identify(src/DynamixelSDK/c#/protocol2.0/indirect_address/win32/indirect_address/Properties) by extension 'colcon_meta'
[0.197s] Level 1:colcon.colcon_core.package_identification:_identify(src/DynamixelSDK/c#/protocol2.0/indirect_address/win32/indirect_address/Properties) by extensions ['ros']
[0.197s] Level 1:colcon.colcon_core.package_identification:_identify(src/DynamixelSDK/c#/protocol2.0/indirect_address/win32/indirect_address/Properties) by extension 'ros'
[0.197s] Level 1:colcon.colcon_core.package_identification:_identify(src/DynamixelSDK/c#/protocol2.0/indirect_address/win32/indirect_address/Properties) by extensions ['cmake', 'python']
[0.197s] Level 1:colcon.colcon_core.package_identification:_identify(src/DynamixelSDK/c#/protocol2.0/indirect_address/win32/indirect_address/Properties) by extension 'cmake'
[0.197s] Level 1:colcon.colcon_core.package_identification:_identify(src/DynamixelSDK/c#/protocol2.0/indirect_address/win32/indirect_address/Properties) by extension 'python'
[0.197s] Level 1:colcon.colcon_core.package_identification:_identify(src/DynamixelSDK/c#/protocol2.0/indirect_address/win32/indirect_address/Properties) by extensions ['python_setup_py']
[0.197s] Level 1:colcon.colcon_core.package_identification:_identify(src/DynamixelSDK/c#/protocol2.0/indirect_address/win32/indirect_address/Properties) by extension 'python_setup_py'
[0.197s] Level 1:colcon.colcon_core.package_identification:_identify(src/DynamixelSDK/c#/protocol2.0/indirect_address/win64) by extensions ['ignore', 'ignore_ament_install']
[0.197s] Level 1:colcon.colcon_core.package_identification:_identify(src/DynamixelSDK/c#/protocol2.0/indirect_address/win64) by extension 'ignore'
[0.197s] Level 1:colcon.colcon_core.package_identification:_identify(src/DynamixelSDK/c#/protocol2.0/indirect_address/win64) by extension 'ignore_ament_install'
[0.197s] Level 1:colcon.colcon_core.package_identification:_identify(src/DynamixelSDK/c#/protocol2.0/indirect_address/win64) by extensions ['colcon_pkg']
[0.197s] Level 1:colcon.colcon_core.package_identification:_identify(src/DynamixelSDK/c#/protocol2.0/indirect_address/win64) by extension 'colcon_pkg'
[0.197s] Level 1:colcon.colcon_core.package_identification:_identify(src/DynamixelSDK/c#/protocol2.0/indirect_address/win64) by extensions ['colcon_meta']
[0.197s] Level 1:colcon.colcon_core.package_identification:_identify(src/DynamixelSDK/c#/protocol2.0/indirect_address/win64) by extension 'colcon_meta'
[0.197s] Level 1:colcon.colcon_core.package_identification:_identify(src/DynamixelSDK/c#/protocol2.0/indirect_address/win64) by extensions ['ros']
[0.197s] Level 1:colcon.colcon_core.package_identification:_identify(src/DynamixelSDK/c#/protocol2.0/indirect_address/win64) by extension 'ros'
[0.198s] Level 1:colcon.colcon_core.package_identification:_identify(src/DynamixelSDK/c#/protocol2.0/indirect_address/win64) by extensions ['cmake', 'python']
[0.198s] Level 1:colcon.colcon_core.package_identification:_identify(src/DynamixelSDK/c#/protocol2.0/indirect_address/win64) by extension 'cmake'
[0.198s] Level 1:colcon.colcon_core.package_identification:_identify(src/DynamixelSDK/c#/protocol2.0/indirect_address/win64) by extension 'python'
[0.198s] Level 1:colcon.colcon_core.package_identification:_identify(src/DynamixelSDK/c#/protocol2.0/indirect_address/win64) by extensions ['python_setup_py']
[0.198s] Level 1:colcon.colcon_core.package_identification:_identify(src/DynamixelSDK/c#/protocol2.0/indirect_address/win64) by extension 'python_setup_py'
[0.198s] Level 1:colcon.colcon_core.package_identification:_identify(src/DynamixelSDK/c#/protocol2.0/indirect_address/win64/indirect_address) by extensions ['ignore', 'ignore_ament_install']
[0.198s] Level 1:colcon.colcon_core.package_identification:_identify(src/DynamixelSDK/c#/protocol2.0/indirect_address/win64/indirect_address) by extension 'ignore'
[0.198s] Level 1:colcon.colcon_core.package_identification:_identify(src/DynamixelSDK/c#/protocol2.0/indirect_address/win64/indirect_address) by extension 'ignore_ament_install'
[0.198s] Level 1:colcon.colcon_core.package_identification:_identify(src/DynamixelSDK/c#/protocol2.0/indirect_address/win64/indirect_address) by extensions ['colcon_pkg']
[0.198s] Level 1:colcon.colcon_core.package_identification:_identify(src/DynamixelSDK/c#/protocol2.0/indirect_address/win64/indirect_address) by extension 'colcon_pkg'
[0.198s] Level 1:colcon.colcon_core.package_identification:_identify(src/DynamixelSDK/c#/protocol2.0/indirect_address/win64/indirect_address) by extensions ['colcon_meta']
[0.198s] Level 1:colcon.colcon_core.package_identification:_identify(src/DynamixelSDK/c#/protocol2.0/indirect_address/win64/indirect_address) by extension 'colcon_meta'
[0.198s] Level 1:colcon.colcon_core.package_identification:_identify(src/DynamixelSDK/c#/protocol2.0/indirect_address/win64/indirect_address) by extensions ['ros']
[0.198s] Level 1:colcon.colcon_core.package_identification:_identify(src/DynamixelSDK/c#/protocol2.0/indirect_address/win64/indirect_address) by extension 'ros'
[0.198s] Level 1:colcon.colcon_core.package_identification:_identify(src/DynamixelSDK/c#/protocol2.0/indirect_address/win64/indirect_address) by extensions ['cmake', 'python']
[0.198s] Level 1:colcon.colcon_core.package_identification:_identify(src/DynamixelSDK/c#/protocol2.0/indirect_address/win64/indirect_address) by extension 'cmake'
[0.198s] Level 1:colcon.colcon_core.package_identification:_identify(src/DynamixelSDK/c#/protocol2.0/indirect_address/win64/indirect_address) by extension 'python'
[0.198s] Level 1:colcon.colcon_core.package_identification:_identify(src/DynamixelSDK/c#/protocol2.0/indirect_address/win64/indirect_address) by extensions ['python_setup_py']
[0.198s] Level 1:colcon.colcon_core.package_identification:_identify(src/DynamixelSDK/c#/protocol2.0/indirect_address/win64/indirect_address) by extension 'python_setup_py'
[0.198s] Level 1:colcon.colcon_core.package_identification:_identify(src/DynamixelSDK/c#/protocol2.0/indirect_address/win64/indirect_address/Properties) by extensions ['ignore', 'ignore_ament_install']
[0.198s] Level 1:colcon.colcon_core.package_identification:_identify(src/DynamixelSDK/c#/protocol2.0/indirect_address/win64/indirect_address/Properties) by extension 'ignore'
[0.198s] Level 1:colcon.colcon_core.package_identification:_identify(src/DynamixelSDK/c#/protocol2.0/indirect_address/win64/indirect_address/Properties) by extension 'ignore_ament_install'
[0.198s] Level 1:colcon.colcon_core.package_identification:_identify(src/DynamixelSDK/c#/protocol2.0/indirect_address/win64/indirect_address/Properties) by extensions ['colcon_pkg']
[0.198s] Level 1:colcon.colcon_core.package_identification:_identify(src/DynamixelSDK/c#/protocol2.0/indirect_address/win64/indirect_address/Properties) by extension 'colcon_pkg'
[0.198s] Level 1:colcon.colcon_core.package_identification:_identify(src/DynamixelSDK/c#/protocol2.0/indirect_address/win64/indirect_address/Properties) by extensions ['colcon_meta']
[0.198s] Level 1:colcon.colcon_core.package_identification:_identify(src/DynamixelSDK/c#/protocol2.0/indirect_address/win64/indirect_address/Properties) by extension 'colcon_meta'
[0.198s] Level 1:colcon.colcon_core.package_identification:_identify(src/DynamixelSDK/c#/protocol2.0/indirect_address/win64/indirect_address/Properties) by extensions ['ros']
[0.198s] Level 1:colcon.colcon_core.package_identification:_identify(src/DynamixelSDK/c#/protocol2.0/indirect_address/win64/indirect_address/Properties) by extension 'ros'
[0.198s] Level 1:colcon.colcon_core.package_identification:_identify(src/DynamixelSDK/c#/protocol2.0/indirect_address/win64/indirect_address/Properties) by extensions ['cmake', 'python']
[0.198s] Level 1:colcon.colcon_core.package_identification:_identify(src/DynamixelSDK/c#/protocol2.0/indirect_address/win64/indirect_address/Properties) by extension 'cmake'
[0.198s] Level 1:colcon.colcon_core.package_identification:_identify(src/DynamixelSDK/c#/protocol2.0/indirect_address/win64/indirect_address/Properties) by extension 'python'
[0.198s] Level 1:colcon.colcon_core.package_identification:_identify(src/DynamixelSDK/c#/protocol2.0/indirect_address/win64/indirect_address/Properties) by extensions ['python_setup_py']
[0.198s] Level 1:colcon.colcon_core.package_identification:_identify(src/DynamixelSDK/c#/protocol2.0/indirect_address/win64/indirect_address/Properties) by extension 'python_setup_py'
[0.198s] Level 1:colcon.colcon_core.package_identification:_identify(src/DynamixelSDK/c#/protocol2.0/multi_port) by extensions ['ignore', 'ignore_ament_install']
[0.198s] Level 1:colcon.colcon_core.package_identification:_identify(src/DynamixelSDK/c#/protocol2.0/multi_port) by extension 'ignore'
[0.198s] Level 1:colcon.colcon_core.package_identification:_identify(src/DynamixelSDK/c#/protocol2.0/multi_port) by extension 'ignore_ament_install'
[0.199s] Level 1:colcon.colcon_core.package_identification:_identify(src/DynamixelSDK/c#/protocol2.0/multi_port) by extensions ['colcon_pkg']
[0.199s] Level 1:colcon.colcon_core.package_identification:_identify(src/DynamixelSDK/c#/protocol2.0/multi_port) by extension 'colcon_pkg'
[0.199s] Level 1:colcon.colcon_core.package_identification:_identify(src/DynamixelSDK/c#/protocol2.0/multi_port) by extensions ['colcon_meta']
[0.199s] Level 1:colcon.colcon_core.package_identification:_identify(src/DynamixelSDK/c#/protocol2.0/multi_port) by extension 'colcon_meta'
[0.199s] Level 1:colcon.colcon_core.package_identification:_identify(src/DynamixelSDK/c#/protocol2.0/multi_port) by extensions ['ros']
[0.199s] Level 1:colcon.colcon_core.package_identification:_identify(src/DynamixelSDK/c#/protocol2.0/multi_port) by extension 'ros'
[0.199s] Level 1:colcon.colcon_core.package_identification:_identify(src/DynamixelSDK/c#/protocol2.0/multi_port) by extensions ['cmake', 'python']
[0.199s] Level 1:colcon.colcon_core.package_identification:_identify(src/DynamixelSDK/c#/protocol2.0/multi_port) by extension 'cmake'
[0.199s] Level 1:colcon.colcon_core.package_identification:_identify(src/DynamixelSDK/c#/protocol2.0/multi_port) by extension 'python'
[0.199s] Level 1:colcon.colcon_core.package_identification:_identify(src/DynamixelSDK/c#/protocol2.0/multi_port) by extensions ['python_setup_py']
[0.199s] Level 1:colcon.colcon_core.package_identification:_identify(src/DynamixelSDK/c#/protocol2.0/multi_port) by extension 'python_setup_py'
[0.199s] Level 1:colcon.colcon_core.package_identification:_identify(src/DynamixelSDK/c#/protocol2.0/multi_port/win32) by extensions ['ignore', 'ignore_ament_install']
[0.199s] Level 1:colcon.colcon_core.package_identification:_identify(src/DynamixelSDK/c#/protocol2.0/multi_port/win32) by extension 'ignore'
[0.199s] Level 1:colcon.colcon_core.package_identification:_identify(src/DynamixelSDK/c#/protocol2.0/multi_port/win32) by extension 'ignore_ament_install'
[0.199s] Level 1:colcon.colcon_core.package_identification:_identify(src/DynamixelSDK/c#/protocol2.0/multi_port/win32) by extensions ['colcon_pkg']
[0.199s] Level 1:colcon.colcon_core.package_identification:_identify(src/DynamixelSDK/c#/protocol2.0/multi_port/win32) by extension 'colcon_pkg'
[0.199s] Level 1:colcon.colcon_core.package_identification:_identify(src/DynamixelSDK/c#/protocol2.0/multi_port/win32) by extensions ['colcon_meta']
[0.199s] Level 1:colcon.colcon_core.package_identification:_identify(src/DynamixelSDK/c#/protocol2.0/multi_port/win32) by extension 'colcon_meta'
[0.199s] Level 1:colcon.colcon_core.package_identification:_identify(src/DynamixelSDK/c#/protocol2.0/multi_port/win32) by extensions ['ros']
[0.199s] Level 1:colcon.colcon_core.package_identification:_identify(src/DynamixelSDK/c#/protocol2.0/multi_port/win32) by extension 'ros'
[0.199s] Level 1:colcon.colcon_core.package_identification:_identify(src/DynamixelSDK/c#/protocol2.0/multi_port/win32) by extensions ['cmake', 'python']
[0.199s] Level 1:colcon.colcon_core.package_identification:_identify(src/DynamixelSDK/c#/protocol2.0/multi_port/win32) by extension 'cmake'
[0.199s] Level 1:colcon.colcon_core.package_identification:_identify(src/DynamixelSDK/c#/protocol2.0/multi_port/win32) by extension 'python'
[0.199s] Level 1:colcon.colcon_core.package_identification:_identify(src/DynamixelSDK/c#/protocol2.0/multi_port/win32) by extensions ['python_setup_py']
[0.199s] Level 1:colcon.colcon_core.package_identification:_identify(src/DynamixelSDK/c#/protocol2.0/multi_port/win32) by extension 'python_setup_py'
[0.199s] Level 1:colcon.colcon_core.package_identification:_identify(src/DynamixelSDK/c#/protocol2.0/multi_port/win32/multi_port) by extensions ['ignore', 'ignore_ament_install']
[0.199s] Level 1:colcon.colcon_core.package_identification:_identify(src/DynamixelSDK/c#/protocol2.0/multi_port/win32/multi_port) by extension 'ignore'
[0.199s] Level 1:colcon.colcon_core.package_identification:_identify(src/DynamixelSDK/c#/protocol2.0/multi_port/win32/multi_port) by extension 'ignore_ament_install'
[0.199s] Level 1:colcon.colcon_core.package_identification:_identify(src/DynamixelSDK/c#/protocol2.0/multi_port/win32/multi_port) by extensions ['colcon_pkg']
[0.199s] Level 1:colcon.colcon_core.package_identification:_identify(src/DynamixelSDK/c#/protocol2.0/multi_port/win32/multi_port) by extension 'colcon_pkg'
[0.199s] Level 1:colcon.colcon_core.package_identification:_identify(src/DynamixelSDK/c#/protocol2.0/multi_port/win32/multi_port) by extensions ['colcon_meta']
[0.199s] Level 1:colcon.colcon_core.package_identification:_identify(src/DynamixelSDK/c#/protocol2.0/multi_port/win32/multi_port) by extension 'colcon_meta'
[0.199s] Level 1:colcon.colcon_core.package_identification:_identify(src/DynamixelSDK/c#/protocol2.0/multi_port/win32/multi_port) by extensions ['ros']
[0.199s] Level 1:colcon.colcon_core.package_identification:_identify(src/DynamixelSDK/c#/protocol2.0/multi_port/win32/multi_port) by extension 'ros'
[0.199s] Level 1:colcon.colcon_core.package_identification:_identify(src/DynamixelSDK/c#/protocol2.0/multi_port/win32/multi_port) by extensions ['cmake', 'python']
[0.199s] Level 1:colcon.colcon_core.package_identification:_identify(src/DynamixelSDK/c#/protocol2.0/multi_port/win32/multi_port) by extension 'cmake'
[0.199s] Level 1:colcon.colcon_core.package_identification:_identify(src/DynamixelSDK/c#/protocol2.0/multi_port/win32/multi_port) by extension 'python'
[0.199s] Level 1:colcon.colcon_core.package_identification:_identify(src/DynamixelSDK/c#/protocol2.0/multi_port/win32/multi_port) by extensions ['python_setup_py']
[0.199s] Level 1:colcon.colcon_core.package_identification:_identify(src/DynamixelSDK/c#/protocol2.0/multi_port/win32/multi_port) by extension 'python_setup_py'
[0.199s] Level 1:colcon.colcon_core.package_identification:_identify(src/DynamixelSDK/c#/protocol2.0/multi_port/win32/multi_port/Properties) by extensions ['ignore', 'ignore_ament_install']
[0.199s] Level 1:colcon.colcon_core.package_identification:_identify(src/DynamixelSDK/c#/protocol2.0/multi_port/win32/multi_port/Properties) by extension 'ignore'
[0.200s] Level 1:colcon.colcon_core.package_identification:_identify(src/DynamixelSDK/c#/protocol2.0/multi_port/win32/multi_port/Properties) by extension 'ignore_ament_install'
[0.200s] Level 1:colcon.colcon_core.package_identification:_identify(src/DynamixelSDK/c#/protocol2.0/multi_port/win32/multi_port/Properties) by extensions ['colcon_pkg']
[0.200s] Level 1:colcon.colcon_core.package_identification:_identify(src/DynamixelSDK/c#/protocol2.0/multi_port/win32/multi_port/Properties) by extension 'colcon_pkg'
[0.200s] Level 1:colcon.colcon_core.package_identification:_identify(src/DynamixelSDK/c#/protocol2.0/multi_port/win32/multi_port/Properties) by extensions ['colcon_meta']
[0.200s] Level 1:colcon.colcon_core.package_identification:_identify(src/DynamixelSDK/c#/protocol2.0/multi_port/win32/multi_port/Properties) by extension 'colcon_meta'
[0.200s] Level 1:colcon.colcon_core.package_identification:_identify(src/DynamixelSDK/c#/protocol2.0/multi_port/win32/multi_port/Properties) by extensions ['ros']
[0.200s] Level 1:colcon.colcon_core.package_identification:_identify(src/DynamixelSDK/c#/protocol2.0/multi_port/win32/multi_port/Properties) by extension 'ros'
[0.200s] Level 1:colcon.colcon_core.package_identification:_identify(src/DynamixelSDK/c#/protocol2.0/multi_port/win32/multi_port/Properties) by extensions ['cmake', 'python']
[0.200s] Level 1:colcon.colcon_core.package_identification:_identify(src/DynamixelSDK/c#/protocol2.0/multi_port/win32/multi_port/Properties) by extension 'cmake'
[0.200s] Level 1:colcon.colcon_core.package_identification:_identify(src/DynamixelSDK/c#/protocol2.0/multi_port/win32/multi_port/Properties) by extension 'python'
[0.200s] Level 1:colcon.colcon_core.package_identification:_identify(src/DynamixelSDK/c#/protocol2.0/multi_port/win32/multi_port/Properties) by extensions ['python_setup_py']
[0.200s] Level 1:colcon.colcon_core.package_identification:_identify(src/DynamixelSDK/c#/protocol2.0/multi_port/win32/multi_port/Properties) by extension 'python_setup_py'
[0.200s] Level 1:colcon.colcon_core.package_identification:_identify(src/DynamixelSDK/c#/protocol2.0/multi_port/win64) by extensions ['ignore', 'ignore_ament_install']
[0.200s] Level 1:colcon.colcon_core.package_identification:_identify(src/DynamixelSDK/c#/protocol2.0/multi_port/win64) by extension 'ignore'
[0.200s] Level 1:colcon.colcon_core.package_identification:_identify(src/DynamixelSDK/c#/protocol2.0/multi_port/win64) by extension 'ignore_ament_install'
[0.200s] Level 1:colcon.colcon_core.package_identification:_identify(src/DynamixelSDK/c#/protocol2.0/multi_port/win64) by extensions ['colcon_pkg']
[0.200s] Level 1:colcon.colcon_core.package_identification:_identify(src/DynamixelSDK/c#/protocol2.0/multi_port/win64) by extension 'colcon_pkg'
[0.200s] Level 1:colcon.colcon_core.package_identification:_identify(src/DynamixelSDK/c#/protocol2.0/multi_port/win64) by extensions ['colcon_meta']
[0.200s] Level 1:colcon.colcon_core.package_identification:_identify(src/DynamixelSDK/c#/protocol2.0/multi_port/win64) by extension 'colcon_meta'
[0.200s] Level 1:colcon.colcon_core.package_identification:_identify(src/DynamixelSDK/c#/protocol2.0/multi_port/win64) by extensions ['ros']
[0.200s] Level 1:colcon.colcon_core.package_identification:_identify(src/DynamixelSDK/c#/protocol2.0/multi_port/win64) by extension 'ros'
[0.200s] Level 1:colcon.colcon_core.package_identification:_identify(src/DynamixelSDK/c#/protocol2.0/multi_port/win64) by extensions ['cmake', 'python']
[0.200s] Level 1:colcon.colcon_core.package_identification:_identify(src/DynamixelSDK/c#/protocol2.0/multi_port/win64) by extension 'cmake'
[0.200s] Level 1:colcon.colcon_core.package_identification:_identify(src/DynamixelSDK/c#/protocol2.0/multi_port/win64) by extension 'python'
[0.200s] Level 1:colcon.colcon_core.package_identification:_identify(src/DynamixelSDK/c#/protocol2.0/multi_port/win64) by extensions ['python_setup_py']
[0.200s] Level 1:colcon.colcon_core.package_identification:_identify(src/DynamixelSDK/c#/protocol2.0/multi_port/win64) by extension 'python_setup_py'
[0.200s] Level 1:colcon.colcon_core.package_identification:_identify(src/DynamixelSDK/c#/protocol2.0/multi_port/win64/multi_port) by extensions ['ignore', 'ignore_ament_install']
[0.200s] Level 1:colcon.colcon_core.package_identification:_identify(src/DynamixelSDK/c#/protocol2.0/multi_port/win64/multi_port) by extension 'ignore'
[0.200s] Level 1:colcon.colcon_core.package_identification:_identify(src/DynamixelSDK/c#/protocol2.0/multi_port/win64/multi_port) by extension 'ignore_ament_install'
[0.200s] Level 1:colcon.colcon_core.package_identification:_identify(src/DynamixelSDK/c#/protocol2.0/multi_port/win64/multi_port) by extensions ['colcon_pkg']
[0.200s] Level 1:colcon.colcon_core.package_identification:_identify(src/DynamixelSDK/c#/protocol2.0/multi_port/win64/multi_port) by extension 'colcon_pkg'
[0.200s] Level 1:colcon.colcon_core.package_identification:_identify(src/DynamixelSDK/c#/protocol2.0/multi_port/win64/multi_port) by extensions ['colcon_meta']
[0.200s] Level 1:colcon.colcon_core.package_identification:_identify(src/DynamixelSDK/c#/protocol2.0/multi_port/win64/multi_port) by extension 'colcon_meta'
[0.200s] Level 1:colcon.colcon_core.package_identification:_identify(src/DynamixelSDK/c#/protocol2.0/multi_port/win64/multi_port) by extensions ['ros']
[0.200s] Level 1:colcon.colcon_core.package_identification:_identify(src/DynamixelSDK/c#/protocol2.0/multi_port/win64/multi_port) by extension 'ros'
[0.200s] Level 1:colcon.colcon_core.package_identification:_identify(src/DynamixelSDK/c#/protocol2.0/multi_port/win64/multi_port) by extensions ['cmake', 'python']
[0.200s] Level 1:colcon.colcon_core.package_identification:_identify(src/DynamixelSDK/c#/protocol2.0/multi_port/win64/multi_port) by extension 'cmake'
[0.200s] Level 1:colcon.colcon_core.package_identification:_identify(src/DynamixelSDK/c#/protocol2.0/multi_port/win64/multi_port) by extension 'python'
[0.200s] Level 1:colcon.colcon_core.package_identification:_identify(src/DynamixelSDK/c#/protocol2.0/multi_port/win64/multi_port) by extensions ['python_setup_py']
[0.200s] Level 1:colcon.colcon_core.package_identification:_identify(src/DynamixelSDK/c#/protocol2.0/multi_port/win64/multi_port) by extension 'python_setup_py'
[0.200s] Level 1:colcon.colcon_core.package_identification:_identify(src/DynamixelSDK/c#/protocol2.0/multi_port/win64/multi_port/Properties) by extensions ['ignore', 'ignore_ament_install']
[0.200s] Level 1:colcon.colcon_core.package_identification:_identify(src/DynamixelSDK/c#/protocol2.0/multi_port/win64/multi_port/Properties) by extension 'ignore'
[0.201s] Level 1:colcon.colcon_core.package_identification:_identify(src/DynamixelSDK/c#/protocol2.0/multi_port/win64/multi_port/Properties) by extension 'ignore_ament_install'
[0.201s] Level 1:colcon.colcon_core.package_identification:_identify(src/DynamixelSDK/c#/protocol2.0/multi_port/win64/multi_port/Properties) by extensions ['colcon_pkg']
[0.201s] Level 1:colcon.colcon_core.package_identification:_identify(src/DynamixelSDK/c#/protocol2.0/multi_port/win64/multi_port/Properties) by extension 'colcon_pkg'
[0.201s] Level 1:colcon.colcon_core.package_identification:_identify(src/DynamixelSDK/c#/protocol2.0/multi_port/win64/multi_port/Properties) by extensions ['colcon_meta']
[0.201s] Level 1:colcon.colcon_core.package_identification:_identify(src/DynamixelSDK/c#/protocol2.0/multi_port/win64/multi_port/Properties) by extension 'colcon_meta'
[0.201s] Level 1:colcon.colcon_core.package_identification:_identify(src/DynamixelSDK/c#/protocol2.0/multi_port/win64/multi_port/Properties) by extensions ['ros']
[0.201s] Level 1:colcon.colcon_core.package_identification:_identify(src/DynamixelSDK/c#/protocol2.0/multi_port/win64/multi_port/Properties) by extension 'ros'
[0.201s] Level 1:colcon.colcon_core.package_identification:_identify(src/DynamixelSDK/c#/protocol2.0/multi_port/win64/multi_port/Properties) by extensions ['cmake', 'python']
[0.201s] Level 1:colcon.colcon_core.package_identification:_identify(src/DynamixelSDK/c#/protocol2.0/multi_port/win64/multi_port/Properties) by extension 'cmake'
[0.201s] Level 1:colcon.colcon_core.package_identification:_identify(src/DynamixelSDK/c#/protocol2.0/multi_port/win64/multi_port/Properties) by extension 'python'
[0.201s] Level 1:colcon.colcon_core.package_identification:_identify(src/DynamixelSDK/c#/protocol2.0/multi_port/win64/multi_port/Properties) by extensions ['python_setup_py']
[0.201s] Level 1:colcon.colcon_core.package_identification:_identify(src/DynamixelSDK/c#/protocol2.0/multi_port/win64/multi_port/Properties) by extension 'python_setup_py'
[0.201s] Level 1:colcon.colcon_core.package_identification:_identify(src/DynamixelSDK/c#/protocol2.0/ping) by extensions ['ignore', 'ignore_ament_install']
[0.201s] Level 1:colcon.colcon_core.package_identification:_identify(src/DynamixelSDK/c#/protocol2.0/ping) by extension 'ignore'
[0.201s] Level 1:colcon.colcon_core.package_identification:_identify(src/DynamixelSDK/c#/protocol2.0/ping) by extension 'ignore_ament_install'
[0.201s] Level 1:colcon.colcon_core.package_identification:_identify(src/DynamixelSDK/c#/protocol2.0/ping) by extensions ['colcon_pkg']
[0.201s] Level 1:colcon.colcon_core.package_identification:_identify(src/DynamixelSDK/c#/protocol2.0/ping) by extension 'colcon_pkg'
[0.201s] Level 1:colcon.colcon_core.package_identification:_identify(src/DynamixelSDK/c#/protocol2.0/ping) by extensions ['colcon_meta']
[0.201s] Level 1:colcon.colcon_core.package_identification:_identify(src/DynamixelSDK/c#/protocol2.0/ping) by extension 'colcon_meta'
[0.201s] Level 1:colcon.colcon_core.package_identification:_identify(src/DynamixelSDK/c#/protocol2.0/ping) by extensions ['ros']
[0.201s] Level 1:colcon.colcon_core.package_identification:_identify(src/DynamixelSDK/c#/protocol2.0/ping) by extension 'ros'
[0.201s] Level 1:colcon.colcon_core.package_identification:_identify(src/DynamixelSDK/c#/protocol2.0/ping) by extensions ['cmake', 'python']
[0.201s] Level 1:colcon.colcon_core.package_identification:_identify(src/DynamixelSDK/c#/protocol2.0/ping) by extension 'cmake'
[0.201s] Level 1:colcon.colcon_core.package_identification:_identify(src/DynamixelSDK/c#/protocol2.0/ping) by extension 'python'
[0.201s] Level 1:colcon.colcon_core.package_identification:_identify(src/DynamixelSDK/c#/protocol2.0/ping) by extensions ['python_setup_py']
[0.201s] Level 1:colcon.colcon_core.package_identification:_identify(src/DynamixelSDK/c#/protocol2.0/ping) by extension 'python_setup_py'
[0.201s] Level 1:colcon.colcon_core.package_identification:_identify(src/DynamixelSDK/c#/protocol2.0/ping/win32) by extensions ['ignore', 'ignore_ament_install']
[0.201s] Level 1:colcon.colcon_core.package_identification:_identify(src/DynamixelSDK/c#/protocol2.0/ping/win32) by extension 'ignore'
[0.201s] Level 1:colcon.colcon_core.package_identification:_identify(src/DynamixelSDK/c#/protocol2.0/ping/win32) by extension 'ignore_ament_install'
[0.201s] Level 1:colcon.colcon_core.package_identification:_identify(src/DynamixelSDK/c#/protocol2.0/ping/win32) by extensions ['colcon_pkg']
[0.201s] Level 1:colcon.colcon_core.package_identification:_identify(src/DynamixelSDK/c#/protocol2.0/ping/win32) by extension 'colcon_pkg'
[0.201s] Level 1:colcon.colcon_core.package_identification:_identify(src/DynamixelSDK/c#/protocol2.0/ping/win32) by extensions ['colcon_meta']
[0.201s] Level 1:colcon.colcon_core.package_identification:_identify(src/DynamixelSDK/c#/protocol2.0/ping/win32) by extension 'colcon_meta'
[0.201s] Level 1:colcon.colcon_core.package_identification:_identify(src/DynamixelSDK/c#/protocol2.0/ping/win32) by extensions ['ros']
[0.201s] Level 1:colcon.colcon_core.package_identification:_identify(src/DynamixelSDK/c#/protocol2.0/ping/win32) by extension 'ros'
[0.201s] Level 1:colcon.colcon_core.package_identification:_identify(src/DynamixelSDK/c#/protocol2.0/ping/win32) by extensions ['cmake', 'python']
[0.201s] Level 1:colcon.colcon_core.package_identification:_identify(src/DynamixelSDK/c#/protocol2.0/ping/win32) by extension 'cmake'
[0.201s] Level 1:colcon.colcon_core.package_identification:_identify(src/DynamixelSDK/c#/protocol2.0/ping/win32) by extension 'python'
[0.201s] Level 1:colcon.colcon_core.package_identification:_identify(src/DynamixelSDK/c#/protocol2.0/ping/win32) by extensions ['python_setup_py']
[0.201s] Level 1:colcon.colcon_core.package_identification:_identify(src/DynamixelSDK/c#/protocol2.0/ping/win32) by extension 'python_setup_py'
[0.202s] Level 1:colcon.colcon_core.package_identification:_identify(src/DynamixelSDK/c#/protocol2.0/ping/win32/ping) by extensions ['ignore', 'ignore_ament_install']
[0.202s] Level 1:colcon.colcon_core.package_identification:_identify(src/DynamixelSDK/c#/protocol2.0/ping/win32/ping) by extension 'ignore'
[0.202s] Level 1:colcon.colcon_core.package_identification:_identify(src/DynamixelSDK/c#/protocol2.0/ping/win32/ping) by extension 'ignore_ament_install'
[0.202s] Level 1:colcon.colcon_core.package_identification:_identify(src/DynamixelSDK/c#/protocol2.0/ping/win32/ping) by extensions ['colcon_pkg']
[0.202s] Level 1:colcon.colcon_core.package_identification:_identify(src/DynamixelSDK/c#/protocol2.0/ping/win32/ping) by extension 'colcon_pkg'
[0.202s] Level 1:colcon.colcon_core.package_identification:_identify(src/DynamixelSDK/c#/protocol2.0/ping/win32/ping) by extensions ['colcon_meta']
[0.202s] Level 1:colcon.colcon_core.package_identification:_identify(src/DynamixelSDK/c#/protocol2.0/ping/win32/ping) by extension 'colcon_meta'
[0.202s] Level 1:colcon.colcon_core.package_identification:_identify(src/DynamixelSDK/c#/protocol2.0/ping/win32/ping) by extensions ['ros']
[0.202s] Level 1:colcon.colcon_core.package_identification:_identify(src/DynamixelSDK/c#/protocol2.0/ping/win32/ping) by extension 'ros'
[0.202s] Level 1:colcon.colcon_core.package_identification:_identify(src/DynamixelSDK/c#/protocol2.0/ping/win32/ping) by extensions ['cmake', 'python']
[0.202s] Level 1:colcon.colcon_core.package_identification:_identify(src/DynamixelSDK/c#/protocol2.0/ping/win32/ping) by extension 'cmake'
[0.202s] Level 1:colcon.colcon_core.package_identification:_identify(src/DynamixelSDK/c#/protocol2.0/ping/win32/ping) by extension 'python'
[0.202s] Level 1:colcon.colcon_core.package_identification:_identify(src/DynamixelSDK/c#/protocol2.0/ping/win32/ping) by extensions ['python_setup_py']
[0.202s] Level 1:colcon.colcon_core.package_identification:_identify(src/DynamixelSDK/c#/protocol2.0/ping/win32/ping) by extension 'python_setup_py'
[0.202s] Level 1:colcon.colcon_core.package_identification:_identify(src/DynamixelSDK/c#/protocol2.0/ping/win32/ping/Properties) by extensions ['ignore', 'ignore_ament_install']
[0.202s] Level 1:colcon.colcon_core.package_identification:_identify(src/DynamixelSDK/c#/protocol2.0/ping/win32/ping/Properties) by extension 'ignore'
[0.202s] Level 1:colcon.colcon_core.package_identification:_identify(src/DynamixelSDK/c#/protocol2.0/ping/win32/ping/Properties) by extension 'ignore_ament_install'
[0.202s] Level 1:colcon.colcon_core.package_identification:_identify(src/DynamixelSDK/c#/protocol2.0/ping/win32/ping/Properties) by extensions ['colcon_pkg']
[0.202s] Level 1:colcon.colcon_core.package_identification:_identify(src/DynamixelSDK/c#/protocol2.0/ping/win32/ping/Properties) by extension 'colcon_pkg'
[0.202s] Level 1:colcon.colcon_core.package_identification:_identify(src/DynamixelSDK/c#/protocol2.0/ping/win32/ping/Properties) by extensions ['colcon_meta']
[0.202s] Level 1:colcon.colcon_core.package_identification:_identify(src/DynamixelSDK/c#/protocol2.0/ping/win32/ping/Properties) by extension 'colcon_meta'
[0.202s] Level 1:colcon.colcon_core.package_identification:_identify(src/DynamixelSDK/c#/protocol2.0/ping/win32/ping/Properties) by extensions ['ros']
[0.202s] Level 1:colcon.colcon_core.package_identification:_identify(src/DynamixelSDK/c#/protocol2.0/ping/win32/ping/Properties) by extension 'ros'
[0.202s] Level 1:colcon.colcon_core.package_identification:_identify(src/DynamixelSDK/c#/protocol2.0/ping/win32/ping/Properties) by extensions ['cmake', 'python']
[0.202s] Level 1:colcon.colcon_core.package_identification:_identify(src/DynamixelSDK/c#/protocol2.0/ping/win32/ping/Properties) by extension 'cmake'
[0.202s] Level 1:colcon.colcon_core.package_identification:_identify(src/DynamixelSDK/c#/protocol2.0/ping/win32/ping/Properties) by extension 'python'
[0.202s] Level 1:colcon.colcon_core.package_identification:_identify(src/DynamixelSDK/c#/protocol2.0/ping/win32/ping/Properties) by extensions ['python_setup_py']
[0.202s] Level 1:colcon.colcon_core.package_identification:_identify(src/DynamixelSDK/c#/protocol2.0/ping/win32/ping/Properties) by extension 'python_setup_py'
[0.202s] Level 1:colcon.colcon_core.package_identification:_identify(src/DynamixelSDK/c#/protocol2.0/ping/win64) by extensions ['ignore', 'ignore_ament_install']
[0.202s] Level 1:colcon.colcon_core.package_identification:_identify(src/DynamixelSDK/c#/protocol2.0/ping/win64) by extension 'ignore'
[0.202s] Level 1:colcon.colcon_core.package_identification:_identify(src/DynamixelSDK/c#/protocol2.0/ping/win64) by extension 'ignore_ament_install'
[0.202s] Level 1:colcon.colcon_core.package_identification:_identify(src/DynamixelSDK/c#/protocol2.0/ping/win64) by extensions ['colcon_pkg']
[0.202s] Level 1:colcon.colcon_core.package_identification:_identify(src/DynamixelSDK/c#/protocol2.0/ping/win64) by extension 'colcon_pkg'
[0.202s] Level 1:colcon.colcon_core.package_identification:_identify(src/DynamixelSDK/c#/protocol2.0/ping/win64) by extensions ['colcon_meta']
[0.202s] Level 1:colcon.colcon_core.package_identification:_identify(src/DynamixelSDK/c#/protocol2.0/ping/win64) by extension 'colcon_meta'
[0.202s] Level 1:colcon.colcon_core.package_identification:_identify(src/DynamixelSDK/c#/protocol2.0/ping/win64) by extensions ['ros']
[0.202s] Level 1:colcon.colcon_core.package_identification:_identify(src/DynamixelSDK/c#/protocol2.0/ping/win64) by extension 'ros'
[0.202s] Level 1:colcon.colcon_core.package_identification:_identify(src/DynamixelSDK/c#/protocol2.0/ping/win64) by extensions ['cmake', 'python']
[0.202s] Level 1:colcon.colcon_core.package_identification:_identify(src/DynamixelSDK/c#/protocol2.0/ping/win64) by extension 'cmake'
[0.202s] Level 1:colcon.colcon_core.package_identification:_identify(src/DynamixelSDK/c#/protocol2.0/ping/win64) by extension 'python'
[0.202s] Level 1:colcon.colcon_core.package_identification:_identify(src/DynamixelSDK/c#/protocol2.0/ping/win64) by extensions ['python_setup_py']
[0.202s] Level 1:colcon.colcon_core.package_identification:_identify(src/DynamixelSDK/c#/protocol2.0/ping/win64) by extension 'python_setup_py'
[0.203s] Level 1:colcon.colcon_core.package_identification:_identify(src/DynamixelSDK/c#/protocol2.0/ping/win64/ping) by extensions ['ignore', 'ignore_ament_install']
[0.203s] Level 1:colcon.colcon_core.package_identification:_identify(src/DynamixelSDK/c#/protocol2.0/ping/win64/ping) by extension 'ignore'
[0.203s] Level 1:colcon.colcon_core.package_identification:_identify(src/DynamixelSDK/c#/protocol2.0/ping/win64/ping) by extension 'ignore_ament_install'
[0.203s] Level 1:colcon.colcon_core.package_identification:_identify(src/DynamixelSDK/c#/protocol2.0/ping/win64/ping) by extensions ['colcon_pkg']
[0.203s] Level 1:colcon.colcon_core.package_identification:_identify(src/DynamixelSDK/c#/protocol2.0/ping/win64/ping) by extension 'colcon_pkg'
[0.203s] Level 1:colcon.colcon_core.package_identification:_identify(src/DynamixelSDK/c#/protocol2.0/ping/win64/ping) by extensions ['colcon_meta']
[0.203s] Level 1:colcon.colcon_core.package_identification:_identify(src/DynamixelSDK/c#/protocol2.0/ping/win64/ping) by extension 'colcon_meta'
[0.203s] Level 1:colcon.colcon_core.package_identification:_identify(src/DynamixelSDK/c#/protocol2.0/ping/win64/ping) by extensions ['ros']
[0.203s] Level 1:colcon.colcon_core.package_identification:_identify(src/DynamixelSDK/c#/protocol2.0/ping/win64/ping) by extension 'ros'
[0.203s] Level 1:colcon.colcon_core.package_identification:_identify(src/DynamixelSDK/c#/protocol2.0/ping/win64/ping) by extensions ['cmake', 'python']
[0.203s] Level 1:colcon.colcon_core.package_identification:_identify(src/DynamixelSDK/c#/protocol2.0/ping/win64/ping) by extension 'cmake'
[0.203s] Level 1:colcon.colcon_core.package_identification:_identify(src/DynamixelSDK/c#/protocol2.0/ping/win64/ping) by extension 'python'
[0.203s] Level 1:colcon.colcon_core.package_identification:_identify(src/DynamixelSDK/c#/protocol2.0/ping/win64/ping) by extensions ['python_setup_py']
[0.203s] Level 1:colcon.colcon_core.package_identification:_identify(src/DynamixelSDK/c#/protocol2.0/ping/win64/ping) by extension 'python_setup_py'
[0.203s] Level 1:colcon.colcon_core.package_identification:_identify(src/DynamixelSDK/c#/protocol2.0/ping/win64/ping/Properties) by extensions ['ignore', 'ignore_ament_install']
[0.203s] Level 1:colcon.colcon_core.package_identification:_identify(src/DynamixelSDK/c#/protocol2.0/ping/win64/ping/Properties) by extension 'ignore'
[0.203s] Level 1:colcon.colcon_core.package_identification:_identify(src/DynamixelSDK/c#/protocol2.0/ping/win64/ping/Properties) by extension 'ignore_ament_install'
[0.203s] Level 1:colcon.colcon_core.package_identification:_identify(src/DynamixelSDK/c#/protocol2.0/ping/win64/ping/Properties) by extensions ['colcon_pkg']
[0.203s] Level 1:colcon.colcon_core.package_identification:_identify(src/DynamixelSDK/c#/protocol2.0/ping/win64/ping/Properties) by extension 'colcon_pkg'
[0.203s] Level 1:colcon.colcon_core.package_identification:_identify(src/DynamixelSDK/c#/protocol2.0/ping/win64/ping/Properties) by extensions ['colcon_meta']
[0.203s] Level 1:colcon.colcon_core.package_identification:_identify(src/DynamixelSDK/c#/protocol2.0/ping/win64/ping/Properties) by extension 'colcon_meta'
[0.203s] Level 1:colcon.colcon_core.package_identification:_identify(src/DynamixelSDK/c#/protocol2.0/ping/win64/ping/Properties) by extensions ['ros']
[0.203s] Level 1:colcon.colcon_core.package_identification:_identify(src/DynamixelSDK/c#/protocol2.0/ping/win64/ping/Properties) by extension 'ros'
[0.203s] Level 1:colcon.colcon_core.package_identification:_identify(src/DynamixelSDK/c#/protocol2.0/ping/win64/ping/Properties) by extensions ['cmake', 'python']
[0.203s] Level 1:colcon.colcon_core.package_identification:_identify(src/DynamixelSDK/c#/protocol2.0/ping/win64/ping/Properties) by extension 'cmake'
[0.203s] Level 1:colcon.colcon_core.package_identification:_identify(src/DynamixelSDK/c#/protocol2.0/ping/win64/ping/Properties) by extension 'python'
[0.203s] Level 1:colcon.colcon_core.package_identification:_identify(src/DynamixelSDK/c#/protocol2.0/ping/win64/ping/Properties) by extensions ['python_setup_py']
[0.203s] Level 1:colcon.colcon_core.package_identification:_identify(src/DynamixelSDK/c#/protocol2.0/ping/win64/ping/Properties) by extension 'python_setup_py'
[0.203s] Level 1:colcon.colcon_core.package_identification:_identify(src/DynamixelSDK/c#/protocol2.0/read_write) by extensions ['ignore', 'ignore_ament_install']
[0.203s] Level 1:colcon.colcon_core.package_identification:_identify(src/DynamixelSDK/c#/protocol2.0/read_write) by extension 'ignore'
[0.203s] Level 1:colcon.colcon_core.package_identification:_identify(src/DynamixelSDK/c#/protocol2.0/read_write) by extension 'ignore_ament_install'
[0.203s] Level 1:colcon.colcon_core.package_identification:_identify(src/DynamixelSDK/c#/protocol2.0/read_write) by extensions ['colcon_pkg']
[0.203s] Level 1:colcon.colcon_core.package_identification:_identify(src/DynamixelSDK/c#/protocol2.0/read_write) by extension 'colcon_pkg'
[0.203s] Level 1:colcon.colcon_core.package_identification:_identify(src/DynamixelSDK/c#/protocol2.0/read_write) by extensions ['colcon_meta']
[0.203s] Level 1:colcon.colcon_core.package_identification:_identify(src/DynamixelSDK/c#/protocol2.0/read_write) by extension 'colcon_meta'
[0.203s] Level 1:colcon.colcon_core.package_identification:_identify(src/DynamixelSDK/c#/protocol2.0/read_write) by extensions ['ros']
[0.203s] Level 1:colcon.colcon_core.package_identification:_identify(src/DynamixelSDK/c#/protocol2.0/read_write) by extension 'ros'
[0.203s] Level 1:colcon.colcon_core.package_identification:_identify(src/DynamixelSDK/c#/protocol2.0/read_write) by extensions ['cmake', 'python']
[0.203s] Level 1:colcon.colcon_core.package_identification:_identify(src/DynamixelSDK/c#/protocol2.0/read_write) by extension 'cmake'
[0.203s] Level 1:colcon.colcon_core.package_identification:_identify(src/DynamixelSDK/c#/protocol2.0/read_write) by extension 'python'
[0.203s] Level 1:colcon.colcon_core.package_identification:_identify(src/DynamixelSDK/c#/protocol2.0/read_write) by extensions ['python_setup_py']
[0.203s] Level 1:colcon.colcon_core.package_identification:_identify(src/DynamixelSDK/c#/protocol2.0/read_write) by extension 'python_setup_py'
[0.203s] Level 1:colcon.colcon_core.package_identification:_identify(src/DynamixelSDK/c#/protocol2.0/read_write/win32) by extensions ['ignore', 'ignore_ament_install']
[0.204s] Level 1:colcon.colcon_core.package_identification:_identify(src/DynamixelSDK/c#/protocol2.0/read_write/win32) by extension 'ignore'
[0.204s] Level 1:colcon.colcon_core.package_identification:_identify(src/DynamixelSDK/c#/protocol2.0/read_write/win32) by extension 'ignore_ament_install'
[0.204s] Level 1:colcon.colcon_core.package_identification:_identify(src/DynamixelSDK/c#/protocol2.0/read_write/win32) by extensions ['colcon_pkg']
[0.204s] Level 1:colcon.colcon_core.package_identification:_identify(src/DynamixelSDK/c#/protocol2.0/read_write/win32) by extension 'colcon_pkg'
[0.204s] Level 1:colcon.colcon_core.package_identification:_identify(src/DynamixelSDK/c#/protocol2.0/read_write/win32) by extensions ['colcon_meta']
[0.204s] Level 1:colcon.colcon_core.package_identification:_identify(src/DynamixelSDK/c#/protocol2.0/read_write/win32) by extension 'colcon_meta'
[0.204s] Level 1:colcon.colcon_core.package_identification:_identify(src/DynamixelSDK/c#/protocol2.0/read_write/win32) by extensions ['ros']
[0.204s] Level 1:colcon.colcon_core.package_identification:_identify(src/DynamixelSDK/c#/protocol2.0/read_write/win32) by extension 'ros'
[0.204s] Level 1:colcon.colcon_core.package_identification:_identify(src/DynamixelSDK/c#/protocol2.0/read_write/win32) by extensions ['cmake', 'python']
[0.204s] Level 1:colcon.colcon_core.package_identification:_identify(src/DynamixelSDK/c#/protocol2.0/read_write/win32) by extension 'cmake'
[0.204s] Level 1:colcon.colcon_core.package_identification:_identify(src/DynamixelSDK/c#/protocol2.0/read_write/win32) by extension 'python'
[0.204s] Level 1:colcon.colcon_core.package_identification:_identify(src/DynamixelSDK/c#/protocol2.0/read_write/win32) by extensions ['python_setup_py']
[0.204s] Level 1:colcon.colcon_core.package_identification:_identify(src/DynamixelSDK/c#/protocol2.0/read_write/win32) by extension 'python_setup_py'
[0.204s] Level 1:colcon.colcon_core.package_identification:_identify(src/DynamixelSDK/c#/protocol2.0/read_write/win32/read_write) by extensions ['ignore', 'ignore_ament_install']
[0.204s] Level 1:colcon.colcon_core.package_identification:_identify(src/DynamixelSDK/c#/protocol2.0/read_write/win32/read_write) by extension 'ignore'
[0.204s] Level 1:colcon.colcon_core.package_identification:_identify(src/DynamixelSDK/c#/protocol2.0/read_write/win32/read_write) by extension 'ignore_ament_install'
[0.204s] Level 1:colcon.colcon_core.package_identification:_identify(src/DynamixelSDK/c#/protocol2.0/read_write/win32/read_write) by extensions ['colcon_pkg']
[0.204s] Level 1:colcon.colcon_core.package_identification:_identify(src/DynamixelSDK/c#/protocol2.0/read_write/win32/read_write) by extension 'colcon_pkg'
[0.204s] Level 1:colcon.colcon_core.package_identification:_identify(src/DynamixelSDK/c#/protocol2.0/read_write/win32/read_write) by extensions ['colcon_meta']
[0.204s] Level 1:colcon.colcon_core.package_identification:_identify(src/DynamixelSDK/c#/protocol2.0/read_write/win32/read_write) by extension 'colcon_meta'
[0.204s] Level 1:colcon.colcon_core.package_identification:_identify(src/DynamixelSDK/c#/protocol2.0/read_write/win32/read_write) by extensions ['ros']
[0.204s] Level 1:colcon.colcon_core.package_identification:_identify(src/DynamixelSDK/c#/protocol2.0/read_write/win32/read_write) by extension 'ros'
[0.204s] Level 1:colcon.colcon_core.package_identification:_identify(src/DynamixelSDK/c#/protocol2.0/read_write/win32/read_write) by extensions ['cmake', 'python']
[0.204s] Level 1:colcon.colcon_core.package_identification:_identify(src/DynamixelSDK/c#/protocol2.0/read_write/win32/read_write) by extension 'cmake'
[0.204s] Level 1:colcon.colcon_core.package_identification:_identify(src/DynamixelSDK/c#/protocol2.0/read_write/win32/read_write) by extension 'python'
[0.204s] Level 1:colcon.colcon_core.package_identification:_identify(src/DynamixelSDK/c#/protocol2.0/read_write/win32/read_write) by extensions ['python_setup_py']
[0.204s] Level 1:colcon.colcon_core.package_identification:_identify(src/DynamixelSDK/c#/protocol2.0/read_write/win32/read_write) by extension 'python_setup_py'
[0.204s] Level 1:colcon.colcon_core.package_identification:_identify(src/DynamixelSDK/c#/protocol2.0/read_write/win32/read_write/Properties) by extensions ['ignore', 'ignore_ament_install']
[0.204s] Level 1:colcon.colcon_core.package_identification:_identify(src/DynamixelSDK/c#/protocol2.0/read_write/win32/read_write/Properties) by extension 'ignore'
[0.204s] Level 1:colcon.colcon_core.package_identification:_identify(src/DynamixelSDK/c#/protocol2.0/read_write/win32/read_write/Properties) by extension 'ignore_ament_install'
[0.204s] Level 1:colcon.colcon_core.package_identification:_identify(src/DynamixelSDK/c#/protocol2.0/read_write/win32/read_write/Properties) by extensions ['colcon_pkg']
[0.204s] Level 1:colcon.colcon_core.package_identification:_identify(src/DynamixelSDK/c#/protocol2.0/read_write/win32/read_write/Properties) by extension 'colcon_pkg'
[0.204s] Level 1:colcon.colcon_core.package_identification:_identify(src/DynamixelSDK/c#/protocol2.0/read_write/win32/read_write/Properties) by extensions ['colcon_meta']
[0.204s] Level 1:colcon.colcon_core.package_identification:_identify(src/DynamixelSDK/c#/protocol2.0/read_write/win32/read_write/Properties) by extension 'colcon_meta'
[0.204s] Level 1:colcon.colcon_core.package_identification:_identify(src/DynamixelSDK/c#/protocol2.0/read_write/win32/read_write/Properties) by extensions ['ros']
[0.204s] Level 1:colcon.colcon_core.package_identification:_identify(src/DynamixelSDK/c#/protocol2.0/read_write/win32/read_write/Properties) by extension 'ros'
[0.204s] Level 1:colcon.colcon_core.package_identification:_identify(src/DynamixelSDK/c#/protocol2.0/read_write/win32/read_write/Properties) by extensions ['cmake', 'python']
[0.204s] Level 1:colcon.colcon_core.package_identification:_identify(src/DynamixelSDK/c#/protocol2.0/read_write/win32/read_write/Properties) by extension 'cmake'
[0.204s] Level 1:colcon.colcon_core.package_identification:_identify(src/DynamixelSDK/c#/protocol2.0/read_write/win32/read_write/Properties) by extension 'python'
[0.204s] Level 1:colcon.colcon_core.package_identification:_identify(src/DynamixelSDK/c#/protocol2.0/read_write/win32/read_write/Properties) by extensions ['python_setup_py']
[0.204s] Level 1:colcon.colcon_core.package_identification:_identify(src/DynamixelSDK/c#/protocol2.0/read_write/win32/read_write/Properties) by extension 'python_setup_py'
[0.205s] Level 1:colcon.colcon_core.package_identification:_identify(src/DynamixelSDK/c#/protocol2.0/read_write/win64) by extensions ['ignore', 'ignore_ament_install']
[0.205s] Level 1:colcon.colcon_core.package_identification:_identify(src/DynamixelSDK/c#/protocol2.0/read_write/win64) by extension 'ignore'
[0.205s] Level 1:colcon.colcon_core.package_identification:_identify(src/DynamixelSDK/c#/protocol2.0/read_write/win64) by extension 'ignore_ament_install'
[0.205s] Level 1:colcon.colcon_core.package_identification:_identify(src/DynamixelSDK/c#/protocol2.0/read_write/win64) by extensions ['colcon_pkg']
[0.205s] Level 1:colcon.colcon_core.package_identification:_identify(src/DynamixelSDK/c#/protocol2.0/read_write/win64) by extension 'colcon_pkg'
[0.205s] Level 1:colcon.colcon_core.package_identification:_identify(src/DynamixelSDK/c#/protocol2.0/read_write/win64) by extensions ['colcon_meta']
[0.205s] Level 1:colcon.colcon_core.package_identification:_identify(src/DynamixelSDK/c#/protocol2.0/read_write/win64) by extension 'colcon_meta'
[0.205s] Level 1:colcon.colcon_core.package_identification:_identify(src/DynamixelSDK/c#/protocol2.0/read_write/win64) by extensions ['ros']
[0.205s] Level 1:colcon.colcon_core.package_identification:_identify(src/DynamixelSDK/c#/protocol2.0/read_write/win64) by extension 'ros'
[0.205s] Level 1:colcon.colcon_core.package_identification:_identify(src/DynamixelSDK/c#/protocol2.0/read_write/win64) by extensions ['cmake', 'python']
[0.205s] Level 1:colcon.colcon_core.package_identification:_identify(src/DynamixelSDK/c#/protocol2.0/read_write/win64) by extension 'cmake'
[0.205s] Level 1:colcon.colcon_core.package_identification:_identify(src/DynamixelSDK/c#/protocol2.0/read_write/win64) by extension 'python'
[0.205s] Level 1:colcon.colcon_core.package_identification:_identify(src/DynamixelSDK/c#/protocol2.0/read_write/win64) by extensions ['python_setup_py']
[0.205s] Level 1:colcon.colcon_core.package_identification:_identify(src/DynamixelSDK/c#/protocol2.0/read_write/win64) by extension 'python_setup_py'
[0.205s] Level 1:colcon.colcon_core.package_identification:_identify(src/DynamixelSDK/c#/protocol2.0/read_write/win64/read_write) by extensions ['ignore', 'ignore_ament_install']
[0.205s] Level 1:colcon.colcon_core.package_identification:_identify(src/DynamixelSDK/c#/protocol2.0/read_write/win64/read_write) by extension 'ignore'
[0.205s] Level 1:colcon.colcon_core.package_identification:_identify(src/DynamixelSDK/c#/protocol2.0/read_write/win64/read_write) by extension 'ignore_ament_install'
[0.205s] Level 1:colcon.colcon_core.package_identification:_identify(src/DynamixelSDK/c#/protocol2.0/read_write/win64/read_write) by extensions ['colcon_pkg']
[0.205s] Level 1:colcon.colcon_core.package_identification:_identify(src/DynamixelSDK/c#/protocol2.0/read_write/win64/read_write) by extension 'colcon_pkg'
[0.205s] Level 1:colcon.colcon_core.package_identification:_identify(src/DynamixelSDK/c#/protocol2.0/read_write/win64/read_write) by extensions ['colcon_meta']
[0.205s] Level 1:colcon.colcon_core.package_identification:_identify(src/DynamixelSDK/c#/protocol2.0/read_write/win64/read_write) by extension 'colcon_meta'
[0.205s] Level 1:colcon.colcon_core.package_identification:_identify(src/DynamixelSDK/c#/protocol2.0/read_write/win64/read_write) by extensions ['ros']
[0.205s] Level 1:colcon.colcon_core.package_identification:_identify(src/DynamixelSDK/c#/protocol2.0/read_write/win64/read_write) by extension 'ros'
[0.205s] Level 1:colcon.colcon_core.package_identification:_identify(src/DynamixelSDK/c#/protocol2.0/read_write/win64/read_write) by extensions ['cmake', 'python']
[0.205s] Level 1:colcon.colcon_core.package_identification:_identify(src/DynamixelSDK/c#/protocol2.0/read_write/win64/read_write) by extension 'cmake'
[0.205s] Level 1:colcon.colcon_core.package_identification:_identify(src/DynamixelSDK/c#/protocol2.0/read_write/win64/read_write) by extension 'python'
[0.205s] Level 1:colcon.colcon_core.package_identification:_identify(src/DynamixelSDK/c#/protocol2.0/read_write/win64/read_write) by extensions ['python_setup_py']
[0.205s] Level 1:colcon.colcon_core.package_identification:_identify(src/DynamixelSDK/c#/protocol2.0/read_write/win64/read_write) by extension 'python_setup_py'
[0.205s] Level 1:colcon.colcon_core.package_identification:_identify(src/DynamixelSDK/c#/protocol2.0/read_write/win64/read_write/Properties) by extensions ['ignore', 'ignore_ament_install']
[0.205s] Level 1:colcon.colcon_core.package_identification:_identify(src/DynamixelSDK/c#/protocol2.0/read_write/win64/read_write/Properties) by extension 'ignore'
[0.205s] Level 1:colcon.colcon_core.package_identification:_identify(src/DynamixelSDK/c#/protocol2.0/read_write/win64/read_write/Properties) by extension 'ignore_ament_install'
[0.205s] Level 1:colcon.colcon_core.package_identification:_identify(src/DynamixelSDK/c#/protocol2.0/read_write/win64/read_write/Properties) by extensions ['colcon_pkg']
[0.205s] Level 1:colcon.colcon_core.package_identification:_identify(src/DynamixelSDK/c#/protocol2.0/read_write/win64/read_write/Properties) by extension 'colcon_pkg'
[0.205s] Level 1:colcon.colcon_core.package_identification:_identify(src/DynamixelSDK/c#/protocol2.0/read_write/win64/read_write/Properties) by extensions ['colcon_meta']
[0.205s] Level 1:colcon.colcon_core.package_identification:_identify(src/DynamixelSDK/c#/protocol2.0/read_write/win64/read_write/Properties) by extension 'colcon_meta'
[0.205s] Level 1:colcon.colcon_core.package_identification:_identify(src/DynamixelSDK/c#/protocol2.0/read_write/win64/read_write/Properties) by extensions ['ros']
[0.205s] Level 1:colcon.colcon_core.package_identification:_identify(src/DynamixelSDK/c#/protocol2.0/read_write/win64/read_write/Properties) by extension 'ros'
[0.205s] Level 1:colcon.colcon_core.package_identification:_identify(src/DynamixelSDK/c#/protocol2.0/read_write/win64/read_write/Properties) by extensions ['cmake', 'python']
[0.205s] Level 1:colcon.colcon_core.package_identification:_identify(src/DynamixelSDK/c#/protocol2.0/read_write/win64/read_write/Properties) by extension 'cmake'
[0.205s] Level 1:colcon.colcon_core.package_identification:_identify(src/DynamixelSDK/c#/protocol2.0/read_write/win64/read_write/Properties) by extension 'python'
[0.205s] Level 1:colcon.colcon_core.package_identification:_identify(src/DynamixelSDK/c#/protocol2.0/read_write/win64/read_write/Properties) by extensions ['python_setup_py']
[0.206s] Level 1:colcon.colcon_core.package_identification:_identify(src/DynamixelSDK/c#/protocol2.0/read_write/win64/read_write/Properties) by extension 'python_setup_py'
[0.206s] Level 1:colcon.colcon_core.package_identification:_identify(src/DynamixelSDK/c#/protocol2.0/reboot) by extensions ['ignore', 'ignore_ament_install']
[0.206s] Level 1:colcon.colcon_core.package_identification:_identify(src/DynamixelSDK/c#/protocol2.0/reboot) by extension 'ignore'
[0.206s] Level 1:colcon.colcon_core.package_identification:_identify(src/DynamixelSDK/c#/protocol2.0/reboot) by extension 'ignore_ament_install'
[0.206s] Level 1:colcon.colcon_core.package_identification:_identify(src/DynamixelSDK/c#/protocol2.0/reboot) by extensions ['colcon_pkg']
[0.206s] Level 1:colcon.colcon_core.package_identification:_identify(src/DynamixelSDK/c#/protocol2.0/reboot) by extension 'colcon_pkg'
[0.206s] Level 1:colcon.colcon_core.package_identification:_identify(src/DynamixelSDK/c#/protocol2.0/reboot) by extensions ['colcon_meta']
[0.206s] Level 1:colcon.colcon_core.package_identification:_identify(src/DynamixelSDK/c#/protocol2.0/reboot) by extension 'colcon_meta'
[0.206s] Level 1:colcon.colcon_core.package_identification:_identify(src/DynamixelSDK/c#/protocol2.0/reboot) by extensions ['ros']
[0.206s] Level 1:colcon.colcon_core.package_identification:_identify(src/DynamixelSDK/c#/protocol2.0/reboot) by extension 'ros'
[0.206s] Level 1:colcon.colcon_core.package_identification:_identify(src/DynamixelSDK/c#/protocol2.0/reboot) by extensions ['cmake', 'python']
[0.206s] Level 1:colcon.colcon_core.package_identification:_identify(src/DynamixelSDK/c#/protocol2.0/reboot) by extension 'cmake'
[0.206s] Level 1:colcon.colcon_core.package_identification:_identify(src/DynamixelSDK/c#/protocol2.0/reboot) by extension 'python'
[0.206s] Level 1:colcon.colcon_core.package_identification:_identify(src/DynamixelSDK/c#/protocol2.0/reboot) by extensions ['python_setup_py']
[0.206s] Level 1:colcon.colcon_core.package_identification:_identify(src/DynamixelSDK/c#/protocol2.0/reboot) by extension 'python_setup_py'
[0.206s] Level 1:colcon.colcon_core.package_identification:_identify(src/DynamixelSDK/c#/protocol2.0/reboot/win32) by extensions ['ignore', 'ignore_ament_install']
[0.206s] Level 1:colcon.colcon_core.package_identification:_identify(src/DynamixelSDK/c#/protocol2.0/reboot/win32) by extension 'ignore'
[0.206s] Level 1:colcon.colcon_core.package_identification:_identify(src/DynamixelSDK/c#/protocol2.0/reboot/win32) by extension 'ignore_ament_install'
[0.206s] Level 1:colcon.colcon_core.package_identification:_identify(src/DynamixelSDK/c#/protocol2.0/reboot/win32) by extensions ['colcon_pkg']
[0.206s] Level 1:colcon.colcon_core.package_identification:_identify(src/DynamixelSDK/c#/protocol2.0/reboot/win32) by extension 'colcon_pkg'
[0.206s] Level 1:colcon.colcon_core.package_identification:_identify(src/DynamixelSDK/c#/protocol2.0/reboot/win32) by extensions ['colcon_meta']
[0.206s] Level 1:colcon.colcon_core.package_identification:_identify(src/DynamixelSDK/c#/protocol2.0/reboot/win32) by extension 'colcon_meta'
[0.206s] Level 1:colcon.colcon_core.package_identification:_identify(src/DynamixelSDK/c#/protocol2.0/reboot/win32) by extensions ['ros']
[0.206s] Level 1:colcon.colcon_core.package_identification:_identify(src/DynamixelSDK/c#/protocol2.0/reboot/win32) by extension 'ros'
[0.206s] Level 1:colcon.colcon_core.package_identification:_identify(src/DynamixelSDK/c#/protocol2.0/reboot/win32) by extensions ['cmake', 'python']
[0.206s] Level 1:colcon.colcon_core.package_identification:_identify(src/DynamixelSDK/c#/protocol2.0/reboot/win32) by extension 'cmake'
[0.206s] Level 1:colcon.colcon_core.package_identification:_identify(src/DynamixelSDK/c#/protocol2.0/reboot/win32) by extension 'python'
[0.206s] Level 1:colcon.colcon_core.package_identification:_identify(src/DynamixelSDK/c#/protocol2.0/reboot/win32) by extensions ['python_setup_py']
[0.206s] Level 1:colcon.colcon_core.package_identification:_identify(src/DynamixelSDK/c#/protocol2.0/reboot/win32) by extension 'python_setup_py'
[0.206s] Level 1:colcon.colcon_core.package_identification:_identify(src/DynamixelSDK/c#/protocol2.0/reboot/win32/reboot) by extensions ['ignore', 'ignore_ament_install']
[0.206s] Level 1:colcon.colcon_core.package_identification:_identify(src/DynamixelSDK/c#/protocol2.0/reboot/win32/reboot) by extension 'ignore'
[0.206s] Level 1:colcon.colcon_core.package_identification:_identify(src/DynamixelSDK/c#/protocol2.0/reboot/win32/reboot) by extension 'ignore_ament_install'
[0.206s] Level 1:colcon.colcon_core.package_identification:_identify(src/DynamixelSDK/c#/protocol2.0/reboot/win32/reboot) by extensions ['colcon_pkg']
[0.206s] Level 1:colcon.colcon_core.package_identification:_identify(src/DynamixelSDK/c#/protocol2.0/reboot/win32/reboot) by extension 'colcon_pkg'
[0.206s] Level 1:colcon.colcon_core.package_identification:_identify(src/DynamixelSDK/c#/protocol2.0/reboot/win32/reboot) by extensions ['colcon_meta']
[0.206s] Level 1:colcon.colcon_core.package_identification:_identify(src/DynamixelSDK/c#/protocol2.0/reboot/win32/reboot) by extension 'colcon_meta'
[0.206s] Level 1:colcon.colcon_core.package_identification:_identify(src/DynamixelSDK/c#/protocol2.0/reboot/win32/reboot) by extensions ['ros']
[0.206s] Level 1:colcon.colcon_core.package_identification:_identify(src/DynamixelSDK/c#/protocol2.0/reboot/win32/reboot) by extension 'ros'
[0.206s] Level 1:colcon.colcon_core.package_identification:_identify(src/DynamixelSDK/c#/protocol2.0/reboot/win32/reboot) by extensions ['cmake', 'python']
[0.206s] Level 1:colcon.colcon_core.package_identification:_identify(src/DynamixelSDK/c#/protocol2.0/reboot/win32/reboot) by extension 'cmake'
[0.206s] Level 1:colcon.colcon_core.package_identification:_identify(src/DynamixelSDK/c#/protocol2.0/reboot/win32/reboot) by extension 'python'
[0.206s] Level 1:colcon.colcon_core.package_identification:_identify(src/DynamixelSDK/c#/protocol2.0/reboot/win32/reboot) by extensions ['python_setup_py']
[0.206s] Level 1:colcon.colcon_core.package_identification:_identify(src/DynamixelSDK/c#/protocol2.0/reboot/win32/reboot) by extension 'python_setup_py'
[0.207s] Level 1:colcon.colcon_core.package_identification:_identify(src/DynamixelSDK/c#/protocol2.0/reboot/win32/reboot/Properties) by extensions ['ignore', 'ignore_ament_install']
[0.207s] Level 1:colcon.colcon_core.package_identification:_identify(src/DynamixelSDK/c#/protocol2.0/reboot/win32/reboot/Properties) by extension 'ignore'
[0.207s] Level 1:colcon.colcon_core.package_identification:_identify(src/DynamixelSDK/c#/protocol2.0/reboot/win32/reboot/Properties) by extension 'ignore_ament_install'
[0.207s] Level 1:colcon.colcon_core.package_identification:_identify(src/DynamixelSDK/c#/protocol2.0/reboot/win32/reboot/Properties) by extensions ['colcon_pkg']
[0.207s] Level 1:colcon.colcon_core.package_identification:_identify(src/DynamixelSDK/c#/protocol2.0/reboot/win32/reboot/Properties) by extension 'colcon_pkg'
[0.207s] Level 1:colcon.colcon_core.package_identification:_identify(src/DynamixelSDK/c#/protocol2.0/reboot/win32/reboot/Properties) by extensions ['colcon_meta']
[0.207s] Level 1:colcon.colcon_core.package_identification:_identify(src/DynamixelSDK/c#/protocol2.0/reboot/win32/reboot/Properties) by extension 'colcon_meta'
[0.207s] Level 1:colcon.colcon_core.package_identification:_identify(src/DynamixelSDK/c#/protocol2.0/reboot/win32/reboot/Properties) by extensions ['ros']
[0.207s] Level 1:colcon.colcon_core.package_identification:_identify(src/DynamixelSDK/c#/protocol2.0/reboot/win32/reboot/Properties) by extension 'ros'
[0.207s] Level 1:colcon.colcon_core.package_identification:_identify(src/DynamixelSDK/c#/protocol2.0/reboot/win32/reboot/Properties) by extensions ['cmake', 'python']
[0.207s] Level 1:colcon.colcon_core.package_identification:_identify(src/DynamixelSDK/c#/protocol2.0/reboot/win32/reboot/Properties) by extension 'cmake'
[0.207s] Level 1:colcon.colcon_core.package_identification:_identify(src/DynamixelSDK/c#/protocol2.0/reboot/win32/reboot/Properties) by extension 'python'
[0.207s] Level 1:colcon.colcon_core.package_identification:_identify(src/DynamixelSDK/c#/protocol2.0/reboot/win32/reboot/Properties) by extensions ['python_setup_py']
[0.207s] Level 1:colcon.colcon_core.package_identification:_identify(src/DynamixelSDK/c#/protocol2.0/reboot/win32/reboot/Properties) by extension 'python_setup_py'
[0.207s] Level 1:colcon.colcon_core.package_identification:_identify(src/DynamixelSDK/c#/protocol2.0/reboot/win64) by extensions ['ignore', 'ignore_ament_install']
[0.207s] Level 1:colcon.colcon_core.package_identification:_identify(src/DynamixelSDK/c#/protocol2.0/reboot/win64) by extension 'ignore'
[0.207s] Level 1:colcon.colcon_core.package_identification:_identify(src/DynamixelSDK/c#/protocol2.0/reboot/win64) by extension 'ignore_ament_install'
[0.207s] Level 1:colcon.colcon_core.package_identification:_identify(src/DynamixelSDK/c#/protocol2.0/reboot/win64) by extensions ['colcon_pkg']
[0.207s] Level 1:colcon.colcon_core.package_identification:_identify(src/DynamixelSDK/c#/protocol2.0/reboot/win64) by extension 'colcon_pkg'
[0.207s] Level 1:colcon.colcon_core.package_identification:_identify(src/DynamixelSDK/c#/protocol2.0/reboot/win64) by extensions ['colcon_meta']
[0.207s] Level 1:colcon.colcon_core.package_identification:_identify(src/DynamixelSDK/c#/protocol2.0/reboot/win64) by extension 'colcon_meta'
[0.207s] Level 1:colcon.colcon_core.package_identification:_identify(src/DynamixelSDK/c#/protocol2.0/reboot/win64) by extensions ['ros']
[0.207s] Level 1:colcon.colcon_core.package_identification:_identify(src/DynamixelSDK/c#/protocol2.0/reboot/win64) by extension 'ros'
[0.207s] Level 1:colcon.colcon_core.package_identification:_identify(src/DynamixelSDK/c#/protocol2.0/reboot/win64) by extensions ['cmake', 'python']
[0.207s] Level 1:colcon.colcon_core.package_identification:_identify(src/DynamixelSDK/c#/protocol2.0/reboot/win64) by extension 'cmake'
[0.207s] Level 1:colcon.colcon_core.package_identification:_identify(src/DynamixelSDK/c#/protocol2.0/reboot/win64) by extension 'python'
[0.207s] Level 1:colcon.colcon_core.package_identification:_identify(src/DynamixelSDK/c#/protocol2.0/reboot/win64) by extensions ['python_setup_py']
[0.207s] Level 1:colcon.colcon_core.package_identification:_identify(src/DynamixelSDK/c#/protocol2.0/reboot/win64) by extension 'python_setup_py'
[0.207s] Level 1:colcon.colcon_core.package_identification:_identify(src/DynamixelSDK/c#/protocol2.0/reboot/win64/reboot) by extensions ['ignore', 'ignore_ament_install']
[0.207s] Level 1:colcon.colcon_core.package_identification:_identify(src/DynamixelSDK/c#/protocol2.0/reboot/win64/reboot) by extension 'ignore'
[0.207s] Level 1:colcon.colcon_core.package_identification:_identify(src/DynamixelSDK/c#/protocol2.0/reboot/win64/reboot) by extension 'ignore_ament_install'
[0.207s] Level 1:colcon.colcon_core.package_identification:_identify(src/DynamixelSDK/c#/protocol2.0/reboot/win64/reboot) by extensions ['colcon_pkg']
[0.207s] Level 1:colcon.colcon_core.package_identification:_identify(src/DynamixelSDK/c#/protocol2.0/reboot/win64/reboot) by extension 'colcon_pkg'
[0.207s] Level 1:colcon.colcon_core.package_identification:_identify(src/DynamixelSDK/c#/protocol2.0/reboot/win64/reboot) by extensions ['colcon_meta']
[0.208s] Level 1:colcon.colcon_core.package_identification:_identify(src/DynamixelSDK/c#/protocol2.0/reboot/win64/reboot) by extension 'colcon_meta'
[0.208s] Level 1:colcon.colcon_core.package_identification:_identify(src/DynamixelSDK/c#/protocol2.0/reboot/win64/reboot) by extensions ['ros']
[0.208s] Level 1:colcon.colcon_core.package_identification:_identify(src/DynamixelSDK/c#/protocol2.0/reboot/win64/reboot) by extension 'ros'
[0.208s] Level 1:colcon.colcon_core.package_identification:_identify(src/DynamixelSDK/c#/protocol2.0/reboot/win64/reboot) by extensions ['cmake', 'python']
[0.208s] Level 1:colcon.colcon_core.package_identification:_identify(src/DynamixelSDK/c#/protocol2.0/reboot/win64/reboot) by extension 'cmake'
[0.208s] Level 1:colcon.colcon_core.package_identification:_identify(src/DynamixelSDK/c#/protocol2.0/reboot/win64/reboot) by extension 'python'
[0.208s] Level 1:colcon.colcon_core.package_identification:_identify(src/DynamixelSDK/c#/protocol2.0/reboot/win64/reboot) by extensions ['python_setup_py']
[0.208s] Level 1:colcon.colcon_core.package_identification:_identify(src/DynamixelSDK/c#/protocol2.0/reboot/win64/reboot) by extension 'python_setup_py'
[0.208s] Level 1:colcon.colcon_core.package_identification:_identify(src/DynamixelSDK/c#/protocol2.0/reboot/win64/reboot/Properties) by extensions ['ignore', 'ignore_ament_install']
[0.208s] Level 1:colcon.colcon_core.package_identification:_identify(src/DynamixelSDK/c#/protocol2.0/reboot/win64/reboot/Properties) by extension 'ignore'
[0.208s] Level 1:colcon.colcon_core.package_identification:_identify(src/DynamixelSDK/c#/protocol2.0/reboot/win64/reboot/Properties) by extension 'ignore_ament_install'
[0.208s] Level 1:colcon.colcon_core.package_identification:_identify(src/DynamixelSDK/c#/protocol2.0/reboot/win64/reboot/Properties) by extensions ['colcon_pkg']
[0.208s] Level 1:colcon.colcon_core.package_identification:_identify(src/DynamixelSDK/c#/protocol2.0/reboot/win64/reboot/Properties) by extension 'colcon_pkg'
[0.208s] Level 1:colcon.colcon_core.package_identification:_identify(src/DynamixelSDK/c#/protocol2.0/reboot/win64/reboot/Properties) by extensions ['colcon_meta']
[0.208s] Level 1:colcon.colcon_core.package_identification:_identify(src/DynamixelSDK/c#/protocol2.0/reboot/win64/reboot/Properties) by extension 'colcon_meta'
[0.208s] Level 1:colcon.colcon_core.package_identification:_identify(src/DynamixelSDK/c#/protocol2.0/reboot/win64/reboot/Properties) by extensions ['ros']
[0.208s] Level 1:colcon.colcon_core.package_identification:_identify(src/DynamixelSDK/c#/protocol2.0/reboot/win64/reboot/Properties) by extension 'ros'
[0.208s] Level 1:colcon.colcon_core.package_identification:_identify(src/DynamixelSDK/c#/protocol2.0/reboot/win64/reboot/Properties) by extensions ['cmake', 'python']
[0.208s] Level 1:colcon.colcon_core.package_identification:_identify(src/DynamixelSDK/c#/protocol2.0/reboot/win64/reboot/Properties) by extension 'cmake'
[0.208s] Level 1:colcon.colcon_core.package_identification:_identify(src/DynamixelSDK/c#/protocol2.0/reboot/win64/reboot/Properties) by extension 'python'
[0.208s] Level 1:colcon.colcon_core.package_identification:_identify(src/DynamixelSDK/c#/protocol2.0/reboot/win64/reboot/Properties) by extensions ['python_setup_py']
[0.208s] Level 1:colcon.colcon_core.package_identification:_identify(src/DynamixelSDK/c#/protocol2.0/reboot/win64/reboot/Properties) by extension 'python_setup_py'
[0.208s] Level 1:colcon.colcon_core.package_identification:_identify(src/DynamixelSDK/c#/protocol2.0/sync_read_write) by extensions ['ignore', 'ignore_ament_install']
[0.208s] Level 1:colcon.colcon_core.package_identification:_identify(src/DynamixelSDK/c#/protocol2.0/sync_read_write) by extension 'ignore'
[0.208s] Level 1:colcon.colcon_core.package_identification:_identify(src/DynamixelSDK/c#/protocol2.0/sync_read_write) by extension 'ignore_ament_install'
[0.208s] Level 1:colcon.colcon_core.package_identification:_identify(src/DynamixelSDK/c#/protocol2.0/sync_read_write) by extensions ['colcon_pkg']
[0.208s] Level 1:colcon.colcon_core.package_identification:_identify(src/DynamixelSDK/c#/protocol2.0/sync_read_write) by extension 'colcon_pkg'
[0.208s] Level 1:colcon.colcon_core.package_identification:_identify(src/DynamixelSDK/c#/protocol2.0/sync_read_write) by extensions ['colcon_meta']
[0.208s] Level 1:colcon.colcon_core.package_identification:_identify(src/DynamixelSDK/c#/protocol2.0/sync_read_write) by extension 'colcon_meta'
[0.208s] Level 1:colcon.colcon_core.package_identification:_identify(src/DynamixelSDK/c#/protocol2.0/sync_read_write) by extensions ['ros']
[0.208s] Level 1:colcon.colcon_core.package_identification:_identify(src/DynamixelSDK/c#/protocol2.0/sync_read_write) by extension 'ros'
[0.208s] Level 1:colcon.colcon_core.package_identification:_identify(src/DynamixelSDK/c#/protocol2.0/sync_read_write) by extensions ['cmake', 'python']
[0.208s] Level 1:colcon.colcon_core.package_identification:_identify(src/DynamixelSDK/c#/protocol2.0/sync_read_write) by extension 'cmake'
[0.208s] Level 1:colcon.colcon_core.package_identification:_identify(src/DynamixelSDK/c#/protocol2.0/sync_read_write) by extension 'python'
[0.208s] Level 1:colcon.colcon_core.package_identification:_identify(src/DynamixelSDK/c#/protocol2.0/sync_read_write) by extensions ['python_setup_py']
[0.208s] Level 1:colcon.colcon_core.package_identification:_identify(src/DynamixelSDK/c#/protocol2.0/sync_read_write) by extension 'python_setup_py'
[0.208s] Level 1:colcon.colcon_core.package_identification:_identify(src/DynamixelSDK/c#/protocol2.0/sync_read_write/win32) by extensions ['ignore', 'ignore_ament_install']
[0.208s] Level 1:colcon.colcon_core.package_identification:_identify(src/DynamixelSDK/c#/protocol2.0/sync_read_write/win32) by extension 'ignore'
[0.208s] Level 1:colcon.colcon_core.package_identification:_identify(src/DynamixelSDK/c#/protocol2.0/sync_read_write/win32) by extension 'ignore_ament_install'
[0.208s] Level 1:colcon.colcon_core.package_identification:_identify(src/DynamixelSDK/c#/protocol2.0/sync_read_write/win32) by extensions ['colcon_pkg']
[0.209s] Level 1:colcon.colcon_core.package_identification:_identify(src/DynamixelSDK/c#/protocol2.0/sync_read_write/win32) by extension 'colcon_pkg'
[0.209s] Level 1:colcon.colcon_core.package_identification:_identify(src/DynamixelSDK/c#/protocol2.0/sync_read_write/win32) by extensions ['colcon_meta']
[0.209s] Level 1:colcon.colcon_core.package_identification:_identify(src/DynamixelSDK/c#/protocol2.0/sync_read_write/win32) by extension 'colcon_meta'
[0.209s] Level 1:colcon.colcon_core.package_identification:_identify(src/DynamixelSDK/c#/protocol2.0/sync_read_write/win32) by extensions ['ros']
[0.209s] Level 1:colcon.colcon_core.package_identification:_identify(src/DynamixelSDK/c#/protocol2.0/sync_read_write/win32) by extension 'ros'
[0.209s] Level 1:colcon.colcon_core.package_identification:_identify(src/DynamixelSDK/c#/protocol2.0/sync_read_write/win32) by extensions ['cmake', 'python']
[0.209s] Level 1:colcon.colcon_core.package_identification:_identify(src/DynamixelSDK/c#/protocol2.0/sync_read_write/win32) by extension 'cmake'
[0.209s] Level 1:colcon.colcon_core.package_identification:_identify(src/DynamixelSDK/c#/protocol2.0/sync_read_write/win32) by extension 'python'
[0.209s] Level 1:colcon.colcon_core.package_identification:_identify(src/DynamixelSDK/c#/protocol2.0/sync_read_write/win32) by extensions ['python_setup_py']
[0.209s] Level 1:colcon.colcon_core.package_identification:_identify(src/DynamixelSDK/c#/protocol2.0/sync_read_write/win32) by extension 'python_setup_py'
[0.209s] Level 1:colcon.colcon_core.package_identification:_identify(src/DynamixelSDK/c#/protocol2.0/sync_read_write/win32/sync_read_write) by extensions ['ignore', 'ignore_ament_install']
[0.209s] Level 1:colcon.colcon_core.package_identification:_identify(src/DynamixelSDK/c#/protocol2.0/sync_read_write/win32/sync_read_write) by extension 'ignore'
[0.209s] Level 1:colcon.colcon_core.package_identification:_identify(src/DynamixelSDK/c#/protocol2.0/sync_read_write/win32/sync_read_write) by extension 'ignore_ament_install'
[0.209s] Level 1:colcon.colcon_core.package_identification:_identify(src/DynamixelSDK/c#/protocol2.0/sync_read_write/win32/sync_read_write) by extensions ['colcon_pkg']
[0.209s] Level 1:colcon.colcon_core.package_identification:_identify(src/DynamixelSDK/c#/protocol2.0/sync_read_write/win32/sync_read_write) by extension 'colcon_pkg'
[0.209s] Level 1:colcon.colcon_core.package_identification:_identify(src/DynamixelSDK/c#/protocol2.0/sync_read_write/win32/sync_read_write) by extensions ['colcon_meta']
[0.209s] Level 1:colcon.colcon_core.package_identification:_identify(src/DynamixelSDK/c#/protocol2.0/sync_read_write/win32/sync_read_write) by extension 'colcon_meta'
[0.209s] Level 1:colcon.colcon_core.package_identification:_identify(src/DynamixelSDK/c#/protocol2.0/sync_read_write/win32/sync_read_write) by extensions ['ros']
[0.209s] Level 1:colcon.colcon_core.package_identification:_identify(src/DynamixelSDK/c#/protocol2.0/sync_read_write/win32/sync_read_write) by extension 'ros'
[0.209s] Level 1:colcon.colcon_core.package_identification:_identify(src/DynamixelSDK/c#/protocol2.0/sync_read_write/win32/sync_read_write) by extensions ['cmake', 'python']
[0.209s] Level 1:colcon.colcon_core.package_identification:_identify(src/DynamixelSDK/c#/protocol2.0/sync_read_write/win32/sync_read_write) by extension 'cmake'
[0.209s] Level 1:colcon.colcon_core.package_identification:_identify(src/DynamixelSDK/c#/protocol2.0/sync_read_write/win32/sync_read_write) by extension 'python'
[0.209s] Level 1:colcon.colcon_core.package_identification:_identify(src/DynamixelSDK/c#/protocol2.0/sync_read_write/win32/sync_read_write) by extensions ['python_setup_py']
[0.209s] Level 1:colcon.colcon_core.package_identification:_identify(src/DynamixelSDK/c#/protocol2.0/sync_read_write/win32/sync_read_write) by extension 'python_setup_py'
[0.209s] Level 1:colcon.colcon_core.package_identification:_identify(src/DynamixelSDK/c#/protocol2.0/sync_read_write/win32/sync_read_write/Properties) by extensions ['ignore', 'ignore_ament_install']
[0.209s] Level 1:colcon.colcon_core.package_identification:_identify(src/DynamixelSDK/c#/protocol2.0/sync_read_write/win32/sync_read_write/Properties) by extension 'ignore'
[0.209s] Level 1:colcon.colcon_core.package_identification:_identify(src/DynamixelSDK/c#/protocol2.0/sync_read_write/win32/sync_read_write/Properties) by extension 'ignore_ament_install'
[0.209s] Level 1:colcon.colcon_core.package_identification:_identify(src/DynamixelSDK/c#/protocol2.0/sync_read_write/win32/sync_read_write/Properties) by extensions ['colcon_pkg']
[0.209s] Level 1:colcon.colcon_core.package_identification:_identify(src/DynamixelSDK/c#/protocol2.0/sync_read_write/win32/sync_read_write/Properties) by extension 'colcon_pkg'
[0.209s] Level 1:colcon.colcon_core.package_identification:_identify(src/DynamixelSDK/c#/protocol2.0/sync_read_write/win32/sync_read_write/Properties) by extensions ['colcon_meta']
[0.209s] Level 1:colcon.colcon_core.package_identification:_identify(src/DynamixelSDK/c#/protocol2.0/sync_read_write/win32/sync_read_write/Properties) by extension 'colcon_meta'
[0.209s] Level 1:colcon.colcon_core.package_identification:_identify(src/DynamixelSDK/c#/protocol2.0/sync_read_write/win32/sync_read_write/Properties) by extensions ['ros']
[0.209s] Level 1:colcon.colcon_core.package_identification:_identify(src/DynamixelSDK/c#/protocol2.0/sync_read_write/win32/sync_read_write/Properties) by extension 'ros'
[0.209s] Level 1:colcon.colcon_core.package_identification:_identify(src/DynamixelSDK/c#/protocol2.0/sync_read_write/win32/sync_read_write/Properties) by extensions ['cmake', 'python']
[0.209s] Level 1:colcon.colcon_core.package_identification:_identify(src/DynamixelSDK/c#/protocol2.0/sync_read_write/win32/sync_read_write/Properties) by extension 'cmake'
[0.209s] Level 1:colcon.colcon_core.package_identification:_identify(src/DynamixelSDK/c#/protocol2.0/sync_read_write/win32/sync_read_write/Properties) by extension 'python'
[0.209s] Level 1:colcon.colcon_core.package_identification:_identify(src/DynamixelSDK/c#/protocol2.0/sync_read_write/win32/sync_read_write/Properties) by extensions ['python_setup_py']
[0.209s] Level 1:colcon.colcon_core.package_identification:_identify(src/DynamixelSDK/c#/protocol2.0/sync_read_write/win32/sync_read_write/Properties) by extension 'python_setup_py'
[0.209s] Level 1:colcon.colcon_core.package_identification:_identify(src/DynamixelSDK/c#/protocol2.0/sync_read_write/win64) by extensions ['ignore', 'ignore_ament_install']
[0.210s] Level 1:colcon.colcon_core.package_identification:_identify(src/DynamixelSDK/c#/protocol2.0/sync_read_write/win64) by extension 'ignore'
[0.210s] Level 1:colcon.colcon_core.package_identification:_identify(src/DynamixelSDK/c#/protocol2.0/sync_read_write/win64) by extension 'ignore_ament_install'
[0.210s] Level 1:colcon.colcon_core.package_identification:_identify(src/DynamixelSDK/c#/protocol2.0/sync_read_write/win64) by extensions ['colcon_pkg']
[0.210s] Level 1:colcon.colcon_core.package_identification:_identify(src/DynamixelSDK/c#/protocol2.0/sync_read_write/win64) by extension 'colcon_pkg'
[0.210s] Level 1:colcon.colcon_core.package_identification:_identify(src/DynamixelSDK/c#/protocol2.0/sync_read_write/win64) by extensions ['colcon_meta']
[0.210s] Level 1:colcon.colcon_core.package_identification:_identify(src/DynamixelSDK/c#/protocol2.0/sync_read_write/win64) by extension 'colcon_meta'
[0.210s] Level 1:colcon.colcon_core.package_identification:_identify(src/DynamixelSDK/c#/protocol2.0/sync_read_write/win64) by extensions ['ros']
[0.210s] Level 1:colcon.colcon_core.package_identification:_identify(src/DynamixelSDK/c#/protocol2.0/sync_read_write/win64) by extension 'ros'
[0.210s] Level 1:colcon.colcon_core.package_identification:_identify(src/DynamixelSDK/c#/protocol2.0/sync_read_write/win64) by extensions ['cmake', 'python']
[0.210s] Level 1:colcon.colcon_core.package_identification:_identify(src/DynamixelSDK/c#/protocol2.0/sync_read_write/win64) by extension 'cmake'
[0.210s] Level 1:colcon.colcon_core.package_identification:_identify(src/DynamixelSDK/c#/protocol2.0/sync_read_write/win64) by extension 'python'
[0.210s] Level 1:colcon.colcon_core.package_identification:_identify(src/DynamixelSDK/c#/protocol2.0/sync_read_write/win64) by extensions ['python_setup_py']
[0.210s] Level 1:colcon.colcon_core.package_identification:_identify(src/DynamixelSDK/c#/protocol2.0/sync_read_write/win64) by extension 'python_setup_py'
[0.210s] Level 1:colcon.colcon_core.package_identification:_identify(src/DynamixelSDK/c#/protocol2.0/sync_read_write/win64/sync_read_write) by extensions ['ignore', 'ignore_ament_install']
[0.210s] Level 1:colcon.colcon_core.package_identification:_identify(src/DynamixelSDK/c#/protocol2.0/sync_read_write/win64/sync_read_write) by extension 'ignore'
[0.210s] Level 1:colcon.colcon_core.package_identification:_identify(src/DynamixelSDK/c#/protocol2.0/sync_read_write/win64/sync_read_write) by extension 'ignore_ament_install'
[0.210s] Level 1:colcon.colcon_core.package_identification:_identify(src/DynamixelSDK/c#/protocol2.0/sync_read_write/win64/sync_read_write) by extensions ['colcon_pkg']
[0.210s] Level 1:colcon.colcon_core.package_identification:_identify(src/DynamixelSDK/c#/protocol2.0/sync_read_write/win64/sync_read_write) by extension 'colcon_pkg'
[0.210s] Level 1:colcon.colcon_core.package_identification:_identify(src/DynamixelSDK/c#/protocol2.0/sync_read_write/win64/sync_read_write) by extensions ['colcon_meta']
[0.210s] Level 1:colcon.colcon_core.package_identification:_identify(src/DynamixelSDK/c#/protocol2.0/sync_read_write/win64/sync_read_write) by extension 'colcon_meta'
[0.210s] Level 1:colcon.colcon_core.package_identification:_identify(src/DynamixelSDK/c#/protocol2.0/sync_read_write/win64/sync_read_write) by extensions ['ros']
[0.210s] Level 1:colcon.colcon_core.package_identification:_identify(src/DynamixelSDK/c#/protocol2.0/sync_read_write/win64/sync_read_write) by extension 'ros'
[0.210s] Level 1:colcon.colcon_core.package_identification:_identify(src/DynamixelSDK/c#/protocol2.0/sync_read_write/win64/sync_read_write) by extensions ['cmake', 'python']
[0.210s] Level 1:colcon.colcon_core.package_identification:_identify(src/DynamixelSDK/c#/protocol2.0/sync_read_write/win64/sync_read_write) by extension 'cmake'
[0.210s] Level 1:colcon.colcon_core.package_identification:_identify(src/DynamixelSDK/c#/protocol2.0/sync_read_write/win64/sync_read_write) by extension 'python'
[0.210s] Level 1:colcon.colcon_core.package_identification:_identify(src/DynamixelSDK/c#/protocol2.0/sync_read_write/win64/sync_read_write) by extensions ['python_setup_py']
[0.210s] Level 1:colcon.colcon_core.package_identification:_identify(src/DynamixelSDK/c#/protocol2.0/sync_read_write/win64/sync_read_write) by extension 'python_setup_py'
[0.210s] Level 1:colcon.colcon_core.package_identification:_identify(src/DynamixelSDK/c#/protocol2.0/sync_read_write/win64/sync_read_write/Properties) by extensions ['ignore', 'ignore_ament_install']
[0.210s] Level 1:colcon.colcon_core.package_identification:_identify(src/DynamixelSDK/c#/protocol2.0/sync_read_write/win64/sync_read_write/Properties) by extension 'ignore'
[0.210s] Level 1:colcon.colcon_core.package_identification:_identify(src/DynamixelSDK/c#/protocol2.0/sync_read_write/win64/sync_read_write/Properties) by extension 'ignore_ament_install'
[0.210s] Level 1:colcon.colcon_core.package_identification:_identify(src/DynamixelSDK/c#/protocol2.0/sync_read_write/win64/sync_read_write/Properties) by extensions ['colcon_pkg']
[0.210s] Level 1:colcon.colcon_core.package_identification:_identify(src/DynamixelSDK/c#/protocol2.0/sync_read_write/win64/sync_read_write/Properties) by extension 'colcon_pkg'
[0.210s] Level 1:colcon.colcon_core.package_identification:_identify(src/DynamixelSDK/c#/protocol2.0/sync_read_write/win64/sync_read_write/Properties) by extensions ['colcon_meta']
[0.210s] Level 1:colcon.colcon_core.package_identification:_identify(src/DynamixelSDK/c#/protocol2.0/sync_read_write/win64/sync_read_write/Properties) by extension 'colcon_meta'
[0.210s] Level 1:colcon.colcon_core.package_identification:_identify(src/DynamixelSDK/c#/protocol2.0/sync_read_write/win64/sync_read_write/Properties) by extensions ['ros']
[0.210s] Level 1:colcon.colcon_core.package_identification:_identify(src/DynamixelSDK/c#/protocol2.0/sync_read_write/win64/sync_read_write/Properties) by extension 'ros'
[0.210s] Level 1:colcon.colcon_core.package_identification:_identify(src/DynamixelSDK/c#/protocol2.0/sync_read_write/win64/sync_read_write/Properties) by extensions ['cmake', 'python']
[0.210s] Level 1:colcon.colcon_core.package_identification:_identify(src/DynamixelSDK/c#/protocol2.0/sync_read_write/win64/sync_read_write/Properties) by extension 'cmake'
[0.210s] Level 1:colcon.colcon_core.package_identification:_identify(src/DynamixelSDK/c#/protocol2.0/sync_read_write/win64/sync_read_write/Properties) by extension 'python'
[0.210s] Level 1:colcon.colcon_core.package_identification:_identify(src/DynamixelSDK/c#/protocol2.0/sync_read_write/win64/sync_read_write/Properties) by extensions ['python_setup_py']
[0.211s] Level 1:colcon.colcon_core.package_identification:_identify(src/DynamixelSDK/c#/protocol2.0/sync_read_write/win64/sync_read_write/Properties) by extension 'python_setup_py'
[0.211s] Level 1:colcon.colcon_core.package_identification:_identify(src/DynamixelSDK/c#/protocol_combined) by extensions ['ignore', 'ignore_ament_install']
[0.211s] Level 1:colcon.colcon_core.package_identification:_identify(src/DynamixelSDK/c#/protocol_combined) by extension 'ignore'
[0.211s] Level 1:colcon.colcon_core.package_identification:_identify(src/DynamixelSDK/c#/protocol_combined) by extension 'ignore_ament_install'
[0.211s] Level 1:colcon.colcon_core.package_identification:_identify(src/DynamixelSDK/c#/protocol_combined) by extensions ['colcon_pkg']
[0.211s] Level 1:colcon.colcon_core.package_identification:_identify(src/DynamixelSDK/c#/protocol_combined) by extension 'colcon_pkg'
[0.211s] Level 1:colcon.colcon_core.package_identification:_identify(src/DynamixelSDK/c#/protocol_combined) by extensions ['colcon_meta']
[0.211s] Level 1:colcon.colcon_core.package_identification:_identify(src/DynamixelSDK/c#/protocol_combined) by extension 'colcon_meta'
[0.211s] Level 1:colcon.colcon_core.package_identification:_identify(src/DynamixelSDK/c#/protocol_combined) by extensions ['ros']
[0.211s] Level 1:colcon.colcon_core.package_identification:_identify(src/DynamixelSDK/c#/protocol_combined) by extension 'ros'
[0.211s] Level 1:colcon.colcon_core.package_identification:_identify(src/DynamixelSDK/c#/protocol_combined) by extensions ['cmake', 'python']
[0.211s] Level 1:colcon.colcon_core.package_identification:_identify(src/DynamixelSDK/c#/protocol_combined) by extension 'cmake'
[0.211s] Level 1:colcon.colcon_core.package_identification:_identify(src/DynamixelSDK/c#/protocol_combined) by extension 'python'
[0.211s] Level 1:colcon.colcon_core.package_identification:_identify(src/DynamixelSDK/c#/protocol_combined) by extensions ['python_setup_py']
[0.211s] Level 1:colcon.colcon_core.package_identification:_identify(src/DynamixelSDK/c#/protocol_combined) by extension 'python_setup_py'
[0.211s] Level 1:colcon.colcon_core.package_identification:_identify(src/DynamixelSDK/c#/protocol_combined/win32) by extensions ['ignore', 'ignore_ament_install']
[0.211s] Level 1:colcon.colcon_core.package_identification:_identify(src/DynamixelSDK/c#/protocol_combined/win32) by extension 'ignore'
[0.211s] Level 1:colcon.colcon_core.package_identification:_identify(src/DynamixelSDK/c#/protocol_combined/win32) by extension 'ignore_ament_install'
[0.211s] Level 1:colcon.colcon_core.package_identification:_identify(src/DynamixelSDK/c#/protocol_combined/win32) by extensions ['colcon_pkg']
[0.211s] Level 1:colcon.colcon_core.package_identification:_identify(src/DynamixelSDK/c#/protocol_combined/win32) by extension 'colcon_pkg'
[0.211s] Level 1:colcon.colcon_core.package_identification:_identify(src/DynamixelSDK/c#/protocol_combined/win32) by extensions ['colcon_meta']
[0.211s] Level 1:colcon.colcon_core.package_identification:_identify(src/DynamixelSDK/c#/protocol_combined/win32) by extension 'colcon_meta'
[0.211s] Level 1:colcon.colcon_core.package_identification:_identify(src/DynamixelSDK/c#/protocol_combined/win32) by extensions ['ros']
[0.211s] Level 1:colcon.colcon_core.package_identification:_identify(src/DynamixelSDK/c#/protocol_combined/win32) by extension 'ros'
[0.211s] Level 1:colcon.colcon_core.package_identification:_identify(src/DynamixelSDK/c#/protocol_combined/win32) by extensions ['cmake', 'python']
[0.211s] Level 1:colcon.colcon_core.package_identification:_identify(src/DynamixelSDK/c#/protocol_combined/win32) by extension 'cmake'
[0.211s] Level 1:colcon.colcon_core.package_identification:_identify(src/DynamixelSDK/c#/protocol_combined/win32) by extension 'python'
[0.211s] Level 1:colcon.colcon_core.package_identification:_identify(src/DynamixelSDK/c#/protocol_combined/win32) by extensions ['python_setup_py']
[0.211s] Level 1:colcon.colcon_core.package_identification:_identify(src/DynamixelSDK/c#/protocol_combined/win32) by extension 'python_setup_py'
[0.211s] Level 1:colcon.colcon_core.package_identification:_identify(src/DynamixelSDK/c#/protocol_combined/win32/protocol_combined) by extensions ['ignore', 'ignore_ament_install']
[0.211s] Level 1:colcon.colcon_core.package_identification:_identify(src/DynamixelSDK/c#/protocol_combined/win32/protocol_combined) by extension 'ignore'
[0.211s] Level 1:colcon.colcon_core.package_identification:_identify(src/DynamixelSDK/c#/protocol_combined/win32/protocol_combined) by extension 'ignore_ament_install'
[0.211s] Level 1:colcon.colcon_core.package_identification:_identify(src/DynamixelSDK/c#/protocol_combined/win32/protocol_combined) by extensions ['colcon_pkg']
[0.211s] Level 1:colcon.colcon_core.package_identification:_identify(src/DynamixelSDK/c#/protocol_combined/win32/protocol_combined) by extension 'colcon_pkg'
[0.211s] Level 1:colcon.colcon_core.package_identification:_identify(src/DynamixelSDK/c#/protocol_combined/win32/protocol_combined) by extensions ['colcon_meta']
[0.211s] Level 1:colcon.colcon_core.package_identification:_identify(src/DynamixelSDK/c#/protocol_combined/win32/protocol_combined) by extension 'colcon_meta'
[0.211s] Level 1:colcon.colcon_core.package_identification:_identify(src/DynamixelSDK/c#/protocol_combined/win32/protocol_combined) by extensions ['ros']
[0.211s] Level 1:colcon.colcon_core.package_identification:_identify(src/DynamixelSDK/c#/protocol_combined/win32/protocol_combined) by extension 'ros'
[0.211s] Level 1:colcon.colcon_core.package_identification:_identify(src/DynamixelSDK/c#/protocol_combined/win32/protocol_combined) by extensions ['cmake', 'python']
[0.211s] Level 1:colcon.colcon_core.package_identification:_identify(src/DynamixelSDK/c#/protocol_combined/win32/protocol_combined) by extension 'cmake'
[0.212s] Level 1:colcon.colcon_core.package_identification:_identify(src/DynamixelSDK/c#/protocol_combined/win32/protocol_combined) by extension 'python'
[0.212s] Level 1:colcon.colcon_core.package_identification:_identify(src/DynamixelSDK/c#/protocol_combined/win32/protocol_combined) by extensions ['python_setup_py']
[0.212s] Level 1:colcon.colcon_core.package_identification:_identify(src/DynamixelSDK/c#/protocol_combined/win32/protocol_combined) by extension 'python_setup_py'
[0.212s] Level 1:colcon.colcon_core.package_identification:_identify(src/DynamixelSDK/c#/protocol_combined/win32/protocol_combined/Properties) by extensions ['ignore', 'ignore_ament_install']
[0.212s] Level 1:colcon.colcon_core.package_identification:_identify(src/DynamixelSDK/c#/protocol_combined/win32/protocol_combined/Properties) by extension 'ignore'
[0.212s] Level 1:colcon.colcon_core.package_identification:_identify(src/DynamixelSDK/c#/protocol_combined/win32/protocol_combined/Properties) by extension 'ignore_ament_install'
[0.212s] Level 1:colcon.colcon_core.package_identification:_identify(src/DynamixelSDK/c#/protocol_combined/win32/protocol_combined/Properties) by extensions ['colcon_pkg']
[0.212s] Level 1:colcon.colcon_core.package_identification:_identify(src/DynamixelSDK/c#/protocol_combined/win32/protocol_combined/Properties) by extension 'colcon_pkg'
[0.212s] Level 1:colcon.colcon_core.package_identification:_identify(src/DynamixelSDK/c#/protocol_combined/win32/protocol_combined/Properties) by extensions ['colcon_meta']
[0.212s] Level 1:colcon.colcon_core.package_identification:_identify(src/DynamixelSDK/c#/protocol_combined/win32/protocol_combined/Properties) by extension 'colcon_meta'
[0.212s] Level 1:colcon.colcon_core.package_identification:_identify(src/DynamixelSDK/c#/protocol_combined/win32/protocol_combined/Properties) by extensions ['ros']
[0.212s] Level 1:colcon.colcon_core.package_identification:_identify(src/DynamixelSDK/c#/protocol_combined/win32/protocol_combined/Properties) by extension 'ros'
[0.212s] Level 1:colcon.colcon_core.package_identification:_identify(src/DynamixelSDK/c#/protocol_combined/win32/protocol_combined/Properties) by extensions ['cmake', 'python']
[0.212s] Level 1:colcon.colcon_core.package_identification:_identify(src/DynamixelSDK/c#/protocol_combined/win32/protocol_combined/Properties) by extension 'cmake'
[0.212s] Level 1:colcon.colcon_core.package_identification:_identify(src/DynamixelSDK/c#/protocol_combined/win32/protocol_combined/Properties) by extension 'python'
[0.212s] Level 1:colcon.colcon_core.package_identification:_identify(src/DynamixelSDK/c#/protocol_combined/win32/protocol_combined/Properties) by extensions ['python_setup_py']
[0.212s] Level 1:colcon.colcon_core.package_identification:_identify(src/DynamixelSDK/c#/protocol_combined/win32/protocol_combined/Properties) by extension 'python_setup_py'
[0.212s] Level 1:colcon.colcon_core.package_identification:_identify(src/DynamixelSDK/c#/protocol_combined/win32/protocol_combined/obj) by extensions ['ignore', 'ignore_ament_install']
[0.212s] Level 1:colcon.colcon_core.package_identification:_identify(src/DynamixelSDK/c#/protocol_combined/win32/protocol_combined/obj) by extension 'ignore'
[0.212s] Level 1:colcon.colcon_core.package_identification:_identify(src/DynamixelSDK/c#/protocol_combined/win32/protocol_combined/obj) by extension 'ignore_ament_install'
[0.212s] Level 1:colcon.colcon_core.package_identification:_identify(src/DynamixelSDK/c#/protocol_combined/win32/protocol_combined/obj) by extensions ['colcon_pkg']
[0.212s] Level 1:colcon.colcon_core.package_identification:_identify(src/DynamixelSDK/c#/protocol_combined/win32/protocol_combined/obj) by extension 'colcon_pkg'
[0.212s] Level 1:colcon.colcon_core.package_identification:_identify(src/DynamixelSDK/c#/protocol_combined/win32/protocol_combined/obj) by extensions ['colcon_meta']
[0.212s] Level 1:colcon.colcon_core.package_identification:_identify(src/DynamixelSDK/c#/protocol_combined/win32/protocol_combined/obj) by extension 'colcon_meta'
[0.212s] Level 1:colcon.colcon_core.package_identification:_identify(src/DynamixelSDK/c#/protocol_combined/win32/protocol_combined/obj) by extensions ['ros']
[0.212s] Level 1:colcon.colcon_core.package_identification:_identify(src/DynamixelSDK/c#/protocol_combined/win32/protocol_combined/obj) by extension 'ros'
[0.212s] Level 1:colcon.colcon_core.package_identification:_identify(src/DynamixelSDK/c#/protocol_combined/win32/protocol_combined/obj) by extensions ['cmake', 'python']
[0.212s] Level 1:colcon.colcon_core.package_identification:_identify(src/DynamixelSDK/c#/protocol_combined/win32/protocol_combined/obj) by extension 'cmake'
[0.212s] Level 1:colcon.colcon_core.package_identification:_identify(src/DynamixelSDK/c#/protocol_combined/win32/protocol_combined/obj) by extension 'python'
[0.212s] Level 1:colcon.colcon_core.package_identification:_identify(src/DynamixelSDK/c#/protocol_combined/win32/protocol_combined/obj) by extensions ['python_setup_py']
[0.212s] Level 1:colcon.colcon_core.package_identification:_identify(src/DynamixelSDK/c#/protocol_combined/win32/protocol_combined/obj) by extension 'python_setup_py'
[0.212s] Level 1:colcon.colcon_core.package_identification:_identify(src/DynamixelSDK/c#/protocol_combined/win32/protocol_combined/obj/Debug) by extensions ['ignore', 'ignore_ament_install']
[0.212s] Level 1:colcon.colcon_core.package_identification:_identify(src/DynamixelSDK/c#/protocol_combined/win32/protocol_combined/obj/Debug) by extension 'ignore'
[0.212s] Level 1:colcon.colcon_core.package_identification:_identify(src/DynamixelSDK/c#/protocol_combined/win32/protocol_combined/obj/Debug) by extension 'ignore_ament_install'
[0.212s] Level 1:colcon.colcon_core.package_identification:_identify(src/DynamixelSDK/c#/protocol_combined/win32/protocol_combined/obj/Debug) by extensions ['colcon_pkg']
[0.212s] Level 1:colcon.colcon_core.package_identification:_identify(src/DynamixelSDK/c#/protocol_combined/win32/protocol_combined/obj/Debug) by extension 'colcon_pkg'
[0.212s] Level 1:colcon.colcon_core.package_identification:_identify(src/DynamixelSDK/c#/protocol_combined/win32/protocol_combined/obj/Debug) by extensions ['colcon_meta']
[0.212s] Level 1:colcon.colcon_core.package_identification:_identify(src/DynamixelSDK/c#/protocol_combined/win32/protocol_combined/obj/Debug) by extension 'colcon_meta'
[0.213s] Level 1:colcon.colcon_core.package_identification:_identify(src/DynamixelSDK/c#/protocol_combined/win32/protocol_combined/obj/Debug) by extensions ['ros']
[0.213s] Level 1:colcon.colcon_core.package_identification:_identify(src/DynamixelSDK/c#/protocol_combined/win32/protocol_combined/obj/Debug) by extension 'ros'
[0.213s] Level 1:colcon.colcon_core.package_identification:_identify(src/DynamixelSDK/c#/protocol_combined/win32/protocol_combined/obj/Debug) by extensions ['cmake', 'python']
[0.213s] Level 1:colcon.colcon_core.package_identification:_identify(src/DynamixelSDK/c#/protocol_combined/win32/protocol_combined/obj/Debug) by extension 'cmake'
[0.213s] Level 1:colcon.colcon_core.package_identification:_identify(src/DynamixelSDK/c#/protocol_combined/win32/protocol_combined/obj/Debug) by extension 'python'
[0.213s] Level 1:colcon.colcon_core.package_identification:_identify(src/DynamixelSDK/c#/protocol_combined/win32/protocol_combined/obj/Debug) by extensions ['python_setup_py']
[0.213s] Level 1:colcon.colcon_core.package_identification:_identify(src/DynamixelSDK/c#/protocol_combined/win32/protocol_combined/obj/Debug) by extension 'python_setup_py'
[0.213s] Level 1:colcon.colcon_core.package_identification:_identify(src/DynamixelSDK/c#/protocol_combined/win32/protocol_combined/obj/Release) by extensions ['ignore', 'ignore_ament_install']
[0.213s] Level 1:colcon.colcon_core.package_identification:_identify(src/DynamixelSDK/c#/protocol_combined/win32/protocol_combined/obj/Release) by extension 'ignore'
[0.213s] Level 1:colcon.colcon_core.package_identification:_identify(src/DynamixelSDK/c#/protocol_combined/win32/protocol_combined/obj/Release) by extension 'ignore_ament_install'
[0.213s] Level 1:colcon.colcon_core.package_identification:_identify(src/DynamixelSDK/c#/protocol_combined/win32/protocol_combined/obj/Release) by extensions ['colcon_pkg']
[0.213s] Level 1:colcon.colcon_core.package_identification:_identify(src/DynamixelSDK/c#/protocol_combined/win32/protocol_combined/obj/Release) by extension 'colcon_pkg'
[0.213s] Level 1:colcon.colcon_core.package_identification:_identify(src/DynamixelSDK/c#/protocol_combined/win32/protocol_combined/obj/Release) by extensions ['colcon_meta']
[0.213s] Level 1:colcon.colcon_core.package_identification:_identify(src/DynamixelSDK/c#/protocol_combined/win32/protocol_combined/obj/Release) by extension 'colcon_meta'
[0.213s] Level 1:colcon.colcon_core.package_identification:_identify(src/DynamixelSDK/c#/protocol_combined/win32/protocol_combined/obj/Release) by extensions ['ros']
[0.213s] Level 1:colcon.colcon_core.package_identification:_identify(src/DynamixelSDK/c#/protocol_combined/win32/protocol_combined/obj/Release) by extension 'ros'
[0.213s] Level 1:colcon.colcon_core.package_identification:_identify(src/DynamixelSDK/c#/protocol_combined/win32/protocol_combined/obj/Release) by extensions ['cmake', 'python']
[0.213s] Level 1:colcon.colcon_core.package_identification:_identify(src/DynamixelSDK/c#/protocol_combined/win32/protocol_combined/obj/Release) by extension 'cmake'
[0.213s] Level 1:colcon.colcon_core.package_identification:_identify(src/DynamixelSDK/c#/protocol_combined/win32/protocol_combined/obj/Release) by extension 'python'
[0.213s] Level 1:colcon.colcon_core.package_identification:_identify(src/DynamixelSDK/c#/protocol_combined/win32/protocol_combined/obj/Release) by extensions ['python_setup_py']
[0.213s] Level 1:colcon.colcon_core.package_identification:_identify(src/DynamixelSDK/c#/protocol_combined/win32/protocol_combined/obj/Release) by extension 'python_setup_py'
[0.213s] Level 1:colcon.colcon_core.package_identification:_identify(src/DynamixelSDK/c#/protocol_combined/win32/protocol_combined/obj/x86) by extensions ['ignore', 'ignore_ament_install']
[0.213s] Level 1:colcon.colcon_core.package_identification:_identify(src/DynamixelSDK/c#/protocol_combined/win32/protocol_combined/obj/x86) by extension 'ignore'
[0.213s] Level 1:colcon.colcon_core.package_identification:_identify(src/DynamixelSDK/c#/protocol_combined/win32/protocol_combined/obj/x86) by extension 'ignore_ament_install'
[0.213s] Level 1:colcon.colcon_core.package_identification:_identify(src/DynamixelSDK/c#/protocol_combined/win32/protocol_combined/obj/x86) by extensions ['colcon_pkg']
[0.213s] Level 1:colcon.colcon_core.package_identification:_identify(src/DynamixelSDK/c#/protocol_combined/win32/protocol_combined/obj/x86) by extension 'colcon_pkg'
[0.213s] Level 1:colcon.colcon_core.package_identification:_identify(src/DynamixelSDK/c#/protocol_combined/win32/protocol_combined/obj/x86) by extensions ['colcon_meta']
[0.213s] Level 1:colcon.colcon_core.package_identification:_identify(src/DynamixelSDK/c#/protocol_combined/win32/protocol_combined/obj/x86) by extension 'colcon_meta'
[0.213s] Level 1:colcon.colcon_core.package_identification:_identify(src/DynamixelSDK/c#/protocol_combined/win32/protocol_combined/obj/x86) by extensions ['ros']
[0.213s] Level 1:colcon.colcon_core.package_identification:_identify(src/DynamixelSDK/c#/protocol_combined/win32/protocol_combined/obj/x86) by extension 'ros'
[0.213s] Level 1:colcon.colcon_core.package_identification:_identify(src/DynamixelSDK/c#/protocol_combined/win32/protocol_combined/obj/x86) by extensions ['cmake', 'python']
[0.213s] Level 1:colcon.colcon_core.package_identification:_identify(src/DynamixelSDK/c#/protocol_combined/win32/protocol_combined/obj/x86) by extension 'cmake'
[0.213s] Level 1:colcon.colcon_core.package_identification:_identify(src/DynamixelSDK/c#/protocol_combined/win32/protocol_combined/obj/x86) by extension 'python'
[0.213s] Level 1:colcon.colcon_core.package_identification:_identify(src/DynamixelSDK/c#/protocol_combined/win32/protocol_combined/obj/x86) by extensions ['python_setup_py']
[0.213s] Level 1:colcon.colcon_core.package_identification:_identify(src/DynamixelSDK/c#/protocol_combined/win32/protocol_combined/obj/x86) by extension 'python_setup_py'
[0.213s] Level 1:colcon.colcon_core.package_identification:_identify(src/DynamixelSDK/c#/protocol_combined/win32/protocol_combined/obj/x86/Debug) by extensions ['ignore', 'ignore_ament_install']
[0.213s] Level 1:colcon.colcon_core.package_identification:_identify(src/DynamixelSDK/c#/protocol_combined/win32/protocol_combined/obj/x86/Debug) by extension 'ignore'
[0.213s] Level 1:colcon.colcon_core.package_identification:_identify(src/DynamixelSDK/c#/protocol_combined/win32/protocol_combined/obj/x86/Debug) by extension 'ignore_ament_install'
[0.214s] Level 1:colcon.colcon_core.package_identification:_identify(src/DynamixelSDK/c#/protocol_combined/win32/protocol_combined/obj/x86/Debug) by extensions ['colcon_pkg']
[0.214s] Level 1:colcon.colcon_core.package_identification:_identify(src/DynamixelSDK/c#/protocol_combined/win32/protocol_combined/obj/x86/Debug) by extension 'colcon_pkg'
[0.214s] Level 1:colcon.colcon_core.package_identification:_identify(src/DynamixelSDK/c#/protocol_combined/win32/protocol_combined/obj/x86/Debug) by extensions ['colcon_meta']
[0.214s] Level 1:colcon.colcon_core.package_identification:_identify(src/DynamixelSDK/c#/protocol_combined/win32/protocol_combined/obj/x86/Debug) by extension 'colcon_meta'
[0.214s] Level 1:colcon.colcon_core.package_identification:_identify(src/DynamixelSDK/c#/protocol_combined/win32/protocol_combined/obj/x86/Debug) by extensions ['ros']
[0.214s] Level 1:colcon.colcon_core.package_identification:_identify(src/DynamixelSDK/c#/protocol_combined/win32/protocol_combined/obj/x86/Debug) by extension 'ros'
[0.214s] Level 1:colcon.colcon_core.package_identification:_identify(src/DynamixelSDK/c#/protocol_combined/win32/protocol_combined/obj/x86/Debug) by extensions ['cmake', 'python']
[0.214s] Level 1:colcon.colcon_core.package_identification:_identify(src/DynamixelSDK/c#/protocol_combined/win32/protocol_combined/obj/x86/Debug) by extension 'cmake'
[0.214s] Level 1:colcon.colcon_core.package_identification:_identify(src/DynamixelSDK/c#/protocol_combined/win32/protocol_combined/obj/x86/Debug) by extension 'python'
[0.214s] Level 1:colcon.colcon_core.package_identification:_identify(src/DynamixelSDK/c#/protocol_combined/win32/protocol_combined/obj/x86/Debug) by extensions ['python_setup_py']
[0.214s] Level 1:colcon.colcon_core.package_identification:_identify(src/DynamixelSDK/c#/protocol_combined/win32/protocol_combined/obj/x86/Debug) by extension 'python_setup_py'
[0.214s] Level 1:colcon.colcon_core.package_identification:_identify(src/DynamixelSDK/c#/protocol_combined/win32/protocol_combined/obj/x86/Release) by extensions ['ignore', 'ignore_ament_install']
[0.214s] Level 1:colcon.colcon_core.package_identification:_identify(src/DynamixelSDK/c#/protocol_combined/win32/protocol_combined/obj/x86/Release) by extension 'ignore'
[0.214s] Level 1:colcon.colcon_core.package_identification:_identify(src/DynamixelSDK/c#/protocol_combined/win32/protocol_combined/obj/x86/Release) by extension 'ignore_ament_install'
[0.214s] Level 1:colcon.colcon_core.package_identification:_identify(src/DynamixelSDK/c#/protocol_combined/win32/protocol_combined/obj/x86/Release) by extensions ['colcon_pkg']
[0.214s] Level 1:colcon.colcon_core.package_identification:_identify(src/DynamixelSDK/c#/protocol_combined/win32/protocol_combined/obj/x86/Release) by extension 'colcon_pkg'
[0.214s] Level 1:colcon.colcon_core.package_identification:_identify(src/DynamixelSDK/c#/protocol_combined/win32/protocol_combined/obj/x86/Release) by extensions ['colcon_meta']
[0.214s] Level 1:colcon.colcon_core.package_identification:_identify(src/DynamixelSDK/c#/protocol_combined/win32/protocol_combined/obj/x86/Release) by extension 'colcon_meta'
[0.214s] Level 1:colcon.colcon_core.package_identification:_identify(src/DynamixelSDK/c#/protocol_combined/win32/protocol_combined/obj/x86/Release) by extensions ['ros']
[0.214s] Level 1:colcon.colcon_core.package_identification:_identify(src/DynamixelSDK/c#/protocol_combined/win32/protocol_combined/obj/x86/Release) by extension 'ros'
[0.214s] Level 1:colcon.colcon_core.package_identification:_identify(src/DynamixelSDK/c#/protocol_combined/win32/protocol_combined/obj/x86/Release) by extensions ['cmake', 'python']
[0.214s] Level 1:colcon.colcon_core.package_identification:_identify(src/DynamixelSDK/c#/protocol_combined/win32/protocol_combined/obj/x86/Release) by extension 'cmake'
[0.214s] Level 1:colcon.colcon_core.package_identification:_identify(src/DynamixelSDK/c#/protocol_combined/win32/protocol_combined/obj/x86/Release) by extension 'python'
[0.214s] Level 1:colcon.colcon_core.package_identification:_identify(src/DynamixelSDK/c#/protocol_combined/win32/protocol_combined/obj/x86/Release) by extensions ['python_setup_py']
[0.214s] Level 1:colcon.colcon_core.package_identification:_identify(src/DynamixelSDK/c#/protocol_combined/win32/protocol_combined/obj/x86/Release) by extension 'python_setup_py'
[0.214s] Level 1:colcon.colcon_core.package_identification:_identify(src/DynamixelSDK/c#/protocol_combined/win64) by extensions ['ignore', 'ignore_ament_install']
[0.214s] Level 1:colcon.colcon_core.package_identification:_identify(src/DynamixelSDK/c#/protocol_combined/win64) by extension 'ignore'
[0.214s] Level 1:colcon.colcon_core.package_identification:_identify(src/DynamixelSDK/c#/protocol_combined/win64) by extension 'ignore_ament_install'
[0.214s] Level 1:colcon.colcon_core.package_identification:_identify(src/DynamixelSDK/c#/protocol_combined/win64) by extensions ['colcon_pkg']
[0.214s] Level 1:colcon.colcon_core.package_identification:_identify(src/DynamixelSDK/c#/protocol_combined/win64) by extension 'colcon_pkg'
[0.214s] Level 1:colcon.colcon_core.package_identification:_identify(src/DynamixelSDK/c#/protocol_combined/win64) by extensions ['colcon_meta']
[0.214s] Level 1:colcon.colcon_core.package_identification:_identify(src/DynamixelSDK/c#/protocol_combined/win64) by extension 'colcon_meta'
[0.214s] Level 1:colcon.colcon_core.package_identification:_identify(src/DynamixelSDK/c#/protocol_combined/win64) by extensions ['ros']
[0.214s] Level 1:colcon.colcon_core.package_identification:_identify(src/DynamixelSDK/c#/protocol_combined/win64) by extension 'ros'
[0.214s] Level 1:colcon.colcon_core.package_identification:_identify(src/DynamixelSDK/c#/protocol_combined/win64) by extensions ['cmake', 'python']
[0.214s] Level 1:colcon.colcon_core.package_identification:_identify(src/DynamixelSDK/c#/protocol_combined/win64) by extension 'cmake'
[0.214s] Level 1:colcon.colcon_core.package_identification:_identify(src/DynamixelSDK/c#/protocol_combined/win64) by extension 'python'
[0.214s] Level 1:colcon.colcon_core.package_identification:_identify(src/DynamixelSDK/c#/protocol_combined/win64) by extensions ['python_setup_py']
[0.214s] Level 1:colcon.colcon_core.package_identification:_identify(src/DynamixelSDK/c#/protocol_combined/win64) by extension 'python_setup_py'
[0.214s] Level 1:colcon.colcon_core.package_identification:_identify(src/DynamixelSDK/c#/protocol_combined/win64/protocol_combined) by extensions ['ignore', 'ignore_ament_install']
[0.214s] Level 1:colcon.colcon_core.package_identification:_identify(src/DynamixelSDK/c#/protocol_combined/win64/protocol_combined) by extension 'ignore'
[0.214s] Level 1:colcon.colcon_core.package_identification:_identify(src/DynamixelSDK/c#/protocol_combined/win64/protocol_combined) by extension 'ignore_ament_install'
[0.215s] Level 1:colcon.colcon_core.package_identification:_identify(src/DynamixelSDK/c#/protocol_combined/win64/protocol_combined) by extensions ['colcon_pkg']
[0.215s] Level 1:colcon.colcon_core.package_identification:_identify(src/DynamixelSDK/c#/protocol_combined/win64/protocol_combined) by extension 'colcon_pkg'
[0.215s] Level 1:colcon.colcon_core.package_identification:_identify(src/DynamixelSDK/c#/protocol_combined/win64/protocol_combined) by extensions ['colcon_meta']
[0.215s] Level 1:colcon.colcon_core.package_identification:_identify(src/DynamixelSDK/c#/protocol_combined/win64/protocol_combined) by extension 'colcon_meta'
[0.215s] Level 1:colcon.colcon_core.package_identification:_identify(src/DynamixelSDK/c#/protocol_combined/win64/protocol_combined) by extensions ['ros']
[0.215s] Level 1:colcon.colcon_core.package_identification:_identify(src/DynamixelSDK/c#/protocol_combined/win64/protocol_combined) by extension 'ros'
[0.215s] Level 1:colcon.colcon_core.package_identification:_identify(src/DynamixelSDK/c#/protocol_combined/win64/protocol_combined) by extensions ['cmake', 'python']
[0.215s] Level 1:colcon.colcon_core.package_identification:_identify(src/DynamixelSDK/c#/protocol_combined/win64/protocol_combined) by extension 'cmake'
[0.215s] Level 1:colcon.colcon_core.package_identification:_identify(src/DynamixelSDK/c#/protocol_combined/win64/protocol_combined) by extension 'python'
[0.215s] Level 1:colcon.colcon_core.package_identification:_identify(src/DynamixelSDK/c#/protocol_combined/win64/protocol_combined) by extensions ['python_setup_py']
[0.215s] Level 1:colcon.colcon_core.package_identification:_identify(src/DynamixelSDK/c#/protocol_combined/win64/protocol_combined) by extension 'python_setup_py'
[0.215s] Level 1:colcon.colcon_core.package_identification:_identify(src/DynamixelSDK/c#/protocol_combined/win64/protocol_combined/Properties) by extensions ['ignore', 'ignore_ament_install']
[0.215s] Level 1:colcon.colcon_core.package_identification:_identify(src/DynamixelSDK/c#/protocol_combined/win64/protocol_combined/Properties) by extension 'ignore'
[0.215s] Level 1:colcon.colcon_core.package_identification:_identify(src/DynamixelSDK/c#/protocol_combined/win64/protocol_combined/Properties) by extension 'ignore_ament_install'
[0.215s] Level 1:colcon.colcon_core.package_identification:_identify(src/DynamixelSDK/c#/protocol_combined/win64/protocol_combined/Properties) by extensions ['colcon_pkg']
[0.215s] Level 1:colcon.colcon_core.package_identification:_identify(src/DynamixelSDK/c#/protocol_combined/win64/protocol_combined/Properties) by extension 'colcon_pkg'
[0.215s] Level 1:colcon.colcon_core.package_identification:_identify(src/DynamixelSDK/c#/protocol_combined/win64/protocol_combined/Properties) by extensions ['colcon_meta']
[0.215s] Level 1:colcon.colcon_core.package_identification:_identify(src/DynamixelSDK/c#/protocol_combined/win64/protocol_combined/Properties) by extension 'colcon_meta'
[0.215s] Level 1:colcon.colcon_core.package_identification:_identify(src/DynamixelSDK/c#/protocol_combined/win64/protocol_combined/Properties) by extensions ['ros']
[0.215s] Level 1:colcon.colcon_core.package_identification:_identify(src/DynamixelSDK/c#/protocol_combined/win64/protocol_combined/Properties) by extension 'ros'
[0.215s] Level 1:colcon.colcon_core.package_identification:_identify(src/DynamixelSDK/c#/protocol_combined/win64/protocol_combined/Properties) by extensions ['cmake', 'python']
[0.215s] Level 1:colcon.colcon_core.package_identification:_identify(src/DynamixelSDK/c#/protocol_combined/win64/protocol_combined/Properties) by extension 'cmake'
[0.215s] Level 1:colcon.colcon_core.package_identification:_identify(src/DynamixelSDK/c#/protocol_combined/win64/protocol_combined/Properties) by extension 'python'
[0.215s] Level 1:colcon.colcon_core.package_identification:_identify(src/DynamixelSDK/c#/protocol_combined/win64/protocol_combined/Properties) by extensions ['python_setup_py']
[0.215s] Level 1:colcon.colcon_core.package_identification:_identify(src/DynamixelSDK/c#/protocol_combined/win64/protocol_combined/Properties) by extension 'python_setup_py'
[0.215s] Level 1:colcon.colcon_core.package_identification:_identify(src/DynamixelSDK/c#/protocol_combined/win64/protocol_combined/obj) by extensions ['ignore', 'ignore_ament_install']
[0.215s] Level 1:colcon.colcon_core.package_identification:_identify(src/DynamixelSDK/c#/protocol_combined/win64/protocol_combined/obj) by extension 'ignore'
[0.215s] Level 1:colcon.colcon_core.package_identification:_identify(src/DynamixelSDK/c#/protocol_combined/win64/protocol_combined/obj) by extension 'ignore_ament_install'
[0.215s] Level 1:colcon.colcon_core.package_identification:_identify(src/DynamixelSDK/c#/protocol_combined/win64/protocol_combined/obj) by extensions ['colcon_pkg']
[0.215s] Level 1:colcon.colcon_core.package_identification:_identify(src/DynamixelSDK/c#/protocol_combined/win64/protocol_combined/obj) by extension 'colcon_pkg'
[0.215s] Level 1:colcon.colcon_core.package_identification:_identify(src/DynamixelSDK/c#/protocol_combined/win64/protocol_combined/obj) by extensions ['colcon_meta']
[0.215s] Level 1:colcon.colcon_core.package_identification:_identify(src/DynamixelSDK/c#/protocol_combined/win64/protocol_combined/obj) by extension 'colcon_meta'
[0.215s] Level 1:colcon.colcon_core.package_identification:_identify(src/DynamixelSDK/c#/protocol_combined/win64/protocol_combined/obj) by extensions ['ros']
[0.215s] Level 1:colcon.colcon_core.package_identification:_identify(src/DynamixelSDK/c#/protocol_combined/win64/protocol_combined/obj) by extension 'ros'
[0.215s] Level 1:colcon.colcon_core.package_identification:_identify(src/DynamixelSDK/c#/protocol_combined/win64/protocol_combined/obj) by extensions ['cmake', 'python']
[0.215s] Level 1:colcon.colcon_core.package_identification:_identify(src/DynamixelSDK/c#/protocol_combined/win64/protocol_combined/obj) by extension 'cmake'
[0.215s] Level 1:colcon.colcon_core.package_identification:_identify(src/DynamixelSDK/c#/protocol_combined/win64/protocol_combined/obj) by extension 'python'
[0.215s] Level 1:colcon.colcon_core.package_identification:_identify(src/DynamixelSDK/c#/protocol_combined/win64/protocol_combined/obj) by extensions ['python_setup_py']
[0.215s] Level 1:colcon.colcon_core.package_identification:_identify(src/DynamixelSDK/c#/protocol_combined/win64/protocol_combined/obj) by extension 'python_setup_py'
[0.215s] Level 1:colcon.colcon_core.package_identification:_identify(src/DynamixelSDK/c#/protocol_combined/win64/protocol_combined/obj/Debug) by extensions ['ignore', 'ignore_ament_install']
[0.215s] Level 1:colcon.colcon_core.package_identification:_identify(src/DynamixelSDK/c#/protocol_combined/win64/protocol_combined/obj/Debug) by extension 'ignore'
[0.216s] Level 1:colcon.colcon_core.package_identification:_identify(src/DynamixelSDK/c#/protocol_combined/win64/protocol_combined/obj/Debug) by extension 'ignore_ament_install'
[0.216s] Level 1:colcon.colcon_core.package_identification:_identify(src/DynamixelSDK/c#/protocol_combined/win64/protocol_combined/obj/Debug) by extensions ['colcon_pkg']
[0.216s] Level 1:colcon.colcon_core.package_identification:_identify(src/DynamixelSDK/c#/protocol_combined/win64/protocol_combined/obj/Debug) by extension 'colcon_pkg'
[0.216s] Level 1:colcon.colcon_core.package_identification:_identify(src/DynamixelSDK/c#/protocol_combined/win64/protocol_combined/obj/Debug) by extensions ['colcon_meta']
[0.216s] Level 1:colcon.colcon_core.package_identification:_identify(src/DynamixelSDK/c#/protocol_combined/win64/protocol_combined/obj/Debug) by extension 'colcon_meta'
[0.216s] Level 1:colcon.colcon_core.package_identification:_identify(src/DynamixelSDK/c#/protocol_combined/win64/protocol_combined/obj/Debug) by extensions ['ros']
[0.216s] Level 1:colcon.colcon_core.package_identification:_identify(src/DynamixelSDK/c#/protocol_combined/win64/protocol_combined/obj/Debug) by extension 'ros'
[0.216s] Level 1:colcon.colcon_core.package_identification:_identify(src/DynamixelSDK/c#/protocol_combined/win64/protocol_combined/obj/Debug) by extensions ['cmake', 'python']
[0.216s] Level 1:colcon.colcon_core.package_identification:_identify(src/DynamixelSDK/c#/protocol_combined/win64/protocol_combined/obj/Debug) by extension 'cmake'
[0.216s] Level 1:colcon.colcon_core.package_identification:_identify(src/DynamixelSDK/c#/protocol_combined/win64/protocol_combined/obj/Debug) by extension 'python'
[0.216s] Level 1:colcon.colcon_core.package_identification:_identify(src/DynamixelSDK/c#/protocol_combined/win64/protocol_combined/obj/Debug) by extensions ['python_setup_py']
[0.216s] Level 1:colcon.colcon_core.package_identification:_identify(src/DynamixelSDK/c#/protocol_combined/win64/protocol_combined/obj/Debug) by extension 'python_setup_py'
[0.216s] Level 1:colcon.colcon_core.package_identification:_identify(src/DynamixelSDK/c#/protocol_combined/win64/protocol_combined/obj/Release) by extensions ['ignore', 'ignore_ament_install']
[0.216s] Level 1:colcon.colcon_core.package_identification:_identify(src/DynamixelSDK/c#/protocol_combined/win64/protocol_combined/obj/Release) by extension 'ignore'
[0.216s] Level 1:colcon.colcon_core.package_identification:_identify(src/DynamixelSDK/c#/protocol_combined/win64/protocol_combined/obj/Release) by extension 'ignore_ament_install'
[0.216s] Level 1:colcon.colcon_core.package_identification:_identify(src/DynamixelSDK/c#/protocol_combined/win64/protocol_combined/obj/Release) by extensions ['colcon_pkg']
[0.216s] Level 1:colcon.colcon_core.package_identification:_identify(src/DynamixelSDK/c#/protocol_combined/win64/protocol_combined/obj/Release) by extension 'colcon_pkg'
[0.216s] Level 1:colcon.colcon_core.package_identification:_identify(src/DynamixelSDK/c#/protocol_combined/win64/protocol_combined/obj/Release) by extensions ['colcon_meta']
[0.216s] Level 1:colcon.colcon_core.package_identification:_identify(src/DynamixelSDK/c#/protocol_combined/win64/protocol_combined/obj/Release) by extension 'colcon_meta'
[0.216s] Level 1:colcon.colcon_core.package_identification:_identify(src/DynamixelSDK/c#/protocol_combined/win64/protocol_combined/obj/Release) by extensions ['ros']
[0.216s] Level 1:colcon.colcon_core.package_identification:_identify(src/DynamixelSDK/c#/protocol_combined/win64/protocol_combined/obj/Release) by extension 'ros'
[0.216s] Level 1:colcon.colcon_core.package_identification:_identify(src/DynamixelSDK/c#/protocol_combined/win64/protocol_combined/obj/Release) by extensions ['cmake', 'python']
[0.216s] Level 1:colcon.colcon_core.package_identification:_identify(src/DynamixelSDK/c#/protocol_combined/win64/protocol_combined/obj/Release) by extension 'cmake'
[0.216s] Level 1:colcon.colcon_core.package_identification:_identify(src/DynamixelSDK/c#/protocol_combined/win64/protocol_combined/obj/Release) by extension 'python'
[0.216s] Level 1:colcon.colcon_core.package_identification:_identify(src/DynamixelSDK/c#/protocol_combined/win64/protocol_combined/obj/Release) by extensions ['python_setup_py']
[0.216s] Level 1:colcon.colcon_core.package_identification:_identify(src/DynamixelSDK/c#/protocol_combined/win64/protocol_combined/obj/Release) by extension 'python_setup_py'
[0.216s] Level 1:colcon.colcon_core.package_identification:_identify(src/DynamixelSDK/c#/protocol_combined/win64/protocol_combined/obj/x64) by extensions ['ignore', 'ignore_ament_install']
[0.216s] Level 1:colcon.colcon_core.package_identification:_identify(src/DynamixelSDK/c#/protocol_combined/win64/protocol_combined/obj/x64) by extension 'ignore'
[0.216s] Level 1:colcon.colcon_core.package_identification:_identify(src/DynamixelSDK/c#/protocol_combined/win64/protocol_combined/obj/x64) by extension 'ignore_ament_install'
[0.216s] Level 1:colcon.colcon_core.package_identification:_identify(src/DynamixelSDK/c#/protocol_combined/win64/protocol_combined/obj/x64) by extensions ['colcon_pkg']
[0.216s] Level 1:colcon.colcon_core.package_identification:_identify(src/DynamixelSDK/c#/protocol_combined/win64/protocol_combined/obj/x64) by extension 'colcon_pkg'
[0.216s] Level 1:colcon.colcon_core.package_identification:_identify(src/DynamixelSDK/c#/protocol_combined/win64/protocol_combined/obj/x64) by extensions ['colcon_meta']
[0.216s] Level 1:colcon.colcon_core.package_identification:_identify(src/DynamixelSDK/c#/protocol_combined/win64/protocol_combined/obj/x64) by extension 'colcon_meta'
[0.216s] Level 1:colcon.colcon_core.package_identification:_identify(src/DynamixelSDK/c#/protocol_combined/win64/protocol_combined/obj/x64) by extensions ['ros']
[0.216s] Level 1:colcon.colcon_core.package_identification:_identify(src/DynamixelSDK/c#/protocol_combined/win64/protocol_combined/obj/x64) by extension 'ros'
[0.216s] Level 1:colcon.colcon_core.package_identification:_identify(src/DynamixelSDK/c#/protocol_combined/win64/protocol_combined/obj/x64) by extensions ['cmake', 'python']
[0.216s] Level 1:colcon.colcon_core.package_identification:_identify(src/DynamixelSDK/c#/protocol_combined/win64/protocol_combined/obj/x64) by extension 'cmake'
[0.216s] Level 1:colcon.colcon_core.package_identification:_identify(src/DynamixelSDK/c#/protocol_combined/win64/protocol_combined/obj/x64) by extension 'python'
[0.216s] Level 1:colcon.colcon_core.package_identification:_identify(src/DynamixelSDK/c#/protocol_combined/win64/protocol_combined/obj/x64) by extensions ['python_setup_py']
[0.216s] Level 1:colcon.colcon_core.package_identification:_identify(src/DynamixelSDK/c#/protocol_combined/win64/protocol_combined/obj/x64) by extension 'python_setup_py'
[0.216s] Level 1:colcon.colcon_core.package_identification:_identify(src/DynamixelSDK/c#/protocol_combined/win64/protocol_combined/obj/x64/Debug) by extensions ['ignore', 'ignore_ament_install']
[0.217s] Level 1:colcon.colcon_core.package_identification:_identify(src/DynamixelSDK/c#/protocol_combined/win64/protocol_combined/obj/x64/Debug) by extension 'ignore'
[0.217s] Level 1:colcon.colcon_core.package_identification:_identify(src/DynamixelSDK/c#/protocol_combined/win64/protocol_combined/obj/x64/Debug) by extension 'ignore_ament_install'
[0.217s] Level 1:colcon.colcon_core.package_identification:_identify(src/DynamixelSDK/c#/protocol_combined/win64/protocol_combined/obj/x64/Debug) by extensions ['colcon_pkg']
[0.217s] Level 1:colcon.colcon_core.package_identification:_identify(src/DynamixelSDK/c#/protocol_combined/win64/protocol_combined/obj/x64/Debug) by extension 'colcon_pkg'
[0.217s] Level 1:colcon.colcon_core.package_identification:_identify(src/DynamixelSDK/c#/protocol_combined/win64/protocol_combined/obj/x64/Debug) by extensions ['colcon_meta']
[0.217s] Level 1:colcon.colcon_core.package_identification:_identify(src/DynamixelSDK/c#/protocol_combined/win64/protocol_combined/obj/x64/Debug) by extension 'colcon_meta'
[0.217s] Level 1:colcon.colcon_core.package_identification:_identify(src/DynamixelSDK/c#/protocol_combined/win64/protocol_combined/obj/x64/Debug) by extensions ['ros']
[0.217s] Level 1:colcon.colcon_core.package_identification:_identify(src/DynamixelSDK/c#/protocol_combined/win64/protocol_combined/obj/x64/Debug) by extension 'ros'
[0.217s] Level 1:colcon.colcon_core.package_identification:_identify(src/DynamixelSDK/c#/protocol_combined/win64/protocol_combined/obj/x64/Debug) by extensions ['cmake', 'python']
[0.217s] Level 1:colcon.colcon_core.package_identification:_identify(src/DynamixelSDK/c#/protocol_combined/win64/protocol_combined/obj/x64/Debug) by extension 'cmake'
[0.217s] Level 1:colcon.colcon_core.package_identification:_identify(src/DynamixelSDK/c#/protocol_combined/win64/protocol_combined/obj/x64/Debug) by extension 'python'
[0.217s] Level 1:colcon.colcon_core.package_identification:_identify(src/DynamixelSDK/c#/protocol_combined/win64/protocol_combined/obj/x64/Debug) by extensions ['python_setup_py']
[0.217s] Level 1:colcon.colcon_core.package_identification:_identify(src/DynamixelSDK/c#/protocol_combined/win64/protocol_combined/obj/x64/Debug) by extension 'python_setup_py'
[0.217s] Level 1:colcon.colcon_core.package_identification:_identify(src/DynamixelSDK/c#/protocol_combined/win64/protocol_combined/obj/x64/Release) by extensions ['ignore', 'ignore_ament_install']
[0.217s] Level 1:colcon.colcon_core.package_identification:_identify(src/DynamixelSDK/c#/protocol_combined/win64/protocol_combined/obj/x64/Release) by extension 'ignore'
[0.217s] Level 1:colcon.colcon_core.package_identification:_identify(src/DynamixelSDK/c#/protocol_combined/win64/protocol_combined/obj/x64/Release) by extension 'ignore_ament_install'
[0.217s] Level 1:colcon.colcon_core.package_identification:_identify(src/DynamixelSDK/c#/protocol_combined/win64/protocol_combined/obj/x64/Release) by extensions ['colcon_pkg']
[0.217s] Level 1:colcon.colcon_core.package_identification:_identify(src/DynamixelSDK/c#/protocol_combined/win64/protocol_combined/obj/x64/Release) by extension 'colcon_pkg'
[0.217s] Level 1:colcon.colcon_core.package_identification:_identify(src/DynamixelSDK/c#/protocol_combined/win64/protocol_combined/obj/x64/Release) by extensions ['colcon_meta']
[0.217s] Level 1:colcon.colcon_core.package_identification:_identify(src/DynamixelSDK/c#/protocol_combined/win64/protocol_combined/obj/x64/Release) by extension 'colcon_meta'
[0.217s] Level 1:colcon.colcon_core.package_identification:_identify(src/DynamixelSDK/c#/protocol_combined/win64/protocol_combined/obj/x64/Release) by extensions ['ros']
[0.217s] Level 1:colcon.colcon_core.package_identification:_identify(src/DynamixelSDK/c#/protocol_combined/win64/protocol_combined/obj/x64/Release) by extension 'ros'
[0.217s] Level 1:colcon.colcon_core.package_identification:_identify(src/DynamixelSDK/c#/protocol_combined/win64/protocol_combined/obj/x64/Release) by extensions ['cmake', 'python']
[0.217s] Level 1:colcon.colcon_core.package_identification:_identify(src/DynamixelSDK/c#/protocol_combined/win64/protocol_combined/obj/x64/Release) by extension 'cmake'
[0.217s] Level 1:colcon.colcon_core.package_identification:_identify(src/DynamixelSDK/c#/protocol_combined/win64/protocol_combined/obj/x64/Release) by extension 'python'
[0.217s] Level 1:colcon.colcon_core.package_identification:_identify(src/DynamixelSDK/c#/protocol_combined/win64/protocol_combined/obj/x64/Release) by extensions ['python_setup_py']
[0.217s] Level 1:colcon.colcon_core.package_identification:_identify(src/DynamixelSDK/c#/protocol_combined/win64/protocol_combined/obj/x64/Release) by extension 'python_setup_py'
[0.217s] Level 1:colcon.colcon_core.package_identification:_identify(src/DynamixelSDK/c++) by extensions ['ignore', 'ignore_ament_install']
[0.217s] Level 1:colcon.colcon_core.package_identification:_identify(src/DynamixelSDK/c++) by extension 'ignore'
[0.217s] Level 1:colcon.colcon_core.package_identification:_identify(src/DynamixelSDK/c++) ignored
[0.217s] Level 1:colcon.colcon_core.package_identification:_identify(src/DynamixelSDK/control_table) by extensions ['ignore', 'ignore_ament_install']
[0.217s] Level 1:colcon.colcon_core.package_identification:_identify(src/DynamixelSDK/control_table) by extension 'ignore'
[0.217s] Level 1:colcon.colcon_core.package_identification:_identify(src/DynamixelSDK/control_table) by extension 'ignore_ament_install'
[0.217s] Level 1:colcon.colcon_core.package_identification:_identify(src/DynamixelSDK/control_table) by extensions ['colcon_pkg']
[0.217s] Level 1:colcon.colcon_core.package_identification:_identify(src/DynamixelSDK/control_table) by extension 'colcon_pkg'
[0.217s] Level 1:colcon.colcon_core.package_identification:_identify(src/DynamixelSDK/control_table) by extensions ['colcon_meta']
[0.217s] Level 1:colcon.colcon_core.package_identification:_identify(src/DynamixelSDK/control_table) by extension 'colcon_meta'
[0.218s] Level 1:colcon.colcon_core.package_identification:_identify(src/DynamixelSDK/control_table) by extensions ['ros']
[0.218s] Level 1:colcon.colcon_core.package_identification:_identify(src/DynamixelSDK/control_table) by extension 'ros'
[0.218s] Level 1:colcon.colcon_core.package_identification:_identify(src/DynamixelSDK/control_table) by extensions ['cmake', 'python']
[0.218s] Level 1:colcon.colcon_core.package_identification:_identify(src/DynamixelSDK/control_table) by extension 'cmake'
[0.218s] Level 1:colcon.colcon_core.package_identification:_identify(src/DynamixelSDK/control_table) by extension 'python'
[0.218s] Level 1:colcon.colcon_core.package_identification:_identify(src/DynamixelSDK/control_table) by extensions ['python_setup_py']
[0.218s] Level 1:colcon.colcon_core.package_identification:_identify(src/DynamixelSDK/control_table) by extension 'python_setup_py'
[0.218s] Level 1:colcon.colcon_core.package_identification:_identify(src/DynamixelSDK/documents) by extensions ['ignore', 'ignore_ament_install']
[0.218s] Level 1:colcon.colcon_core.package_identification:_identify(src/DynamixelSDK/documents) by extension 'ignore'
[0.218s] Level 1:colcon.colcon_core.package_identification:_identify(src/DynamixelSDK/documents) by extension 'ignore_ament_install'
[0.218s] Level 1:colcon.colcon_core.package_identification:_identify(src/DynamixelSDK/documents) by extensions ['colcon_pkg']
[0.218s] Level 1:colcon.colcon_core.package_identification:_identify(src/DynamixelSDK/documents) by extension 'colcon_pkg'
[0.218s] Level 1:colcon.colcon_core.package_identification:_identify(src/DynamixelSDK/documents) by extensions ['colcon_meta']
[0.218s] Level 1:colcon.colcon_core.package_identification:_identify(src/DynamixelSDK/documents) by extension 'colcon_meta'
[0.218s] Level 1:colcon.colcon_core.package_identification:_identify(src/DynamixelSDK/documents) by extensions ['ros']
[0.218s] Level 1:colcon.colcon_core.package_identification:_identify(src/DynamixelSDK/documents) by extension 'ros'
[0.218s] Level 1:colcon.colcon_core.package_identification:_identify(src/DynamixelSDK/documents) by extensions ['cmake', 'python']
[0.218s] Level 1:colcon.colcon_core.package_identification:_identify(src/DynamixelSDK/documents) by extension 'cmake'
[0.218s] Level 1:colcon.colcon_core.package_identification:_identify(src/DynamixelSDK/documents) by extension 'python'
[0.218s] Level 1:colcon.colcon_core.package_identification:_identify(src/DynamixelSDK/documents) by extensions ['python_setup_py']
[0.218s] Level 1:colcon.colcon_core.package_identification:_identify(src/DynamixelSDK/documents) by extension 'python_setup_py'
[0.218s] Level 1:colcon.colcon_core.package_identification:_identify(src/DynamixelSDK/documents/cpp) by extensions ['ignore', 'ignore_ament_install']
[0.218s] Level 1:colcon.colcon_core.package_identification:_identify(src/DynamixelSDK/documents/cpp) by extension 'ignore'
[0.218s] Level 1:colcon.colcon_core.package_identification:_identify(src/DynamixelSDK/documents/cpp) by extension 'ignore_ament_install'
[0.218s] Level 1:colcon.colcon_core.package_identification:_identify(src/DynamixelSDK/documents/cpp) by extensions ['colcon_pkg']
[0.218s] Level 1:colcon.colcon_core.package_identification:_identify(src/DynamixelSDK/documents/cpp) by extension 'colcon_pkg'
[0.218s] Level 1:colcon.colcon_core.package_identification:_identify(src/DynamixelSDK/documents/cpp) by extensions ['colcon_meta']
[0.218s] Level 1:colcon.colcon_core.package_identification:_identify(src/DynamixelSDK/documents/cpp) by extension 'colcon_meta'
[0.218s] Level 1:colcon.colcon_core.package_identification:_identify(src/DynamixelSDK/documents/cpp) by extensions ['ros']
[0.218s] Level 1:colcon.colcon_core.package_identification:_identify(src/DynamixelSDK/documents/cpp) by extension 'ros'
[0.218s] Level 1:colcon.colcon_core.package_identification:_identify(src/DynamixelSDK/documents/cpp) by extensions ['cmake', 'python']
[0.218s] Level 1:colcon.colcon_core.package_identification:_identify(src/DynamixelSDK/documents/cpp) by extension 'cmake'
[0.218s] Level 1:colcon.colcon_core.package_identification:_identify(src/DynamixelSDK/documents/cpp) by extension 'python'
[0.218s] Level 1:colcon.colcon_core.package_identification:_identify(src/DynamixelSDK/documents/cpp) by extensions ['python_setup_py']
[0.218s] Level 1:colcon.colcon_core.package_identification:_identify(src/DynamixelSDK/documents/cpp) by extension 'python_setup_py'
[0.218s] Level 1:colcon.colcon_core.package_identification:_identify(src/DynamixelSDK/documents/cpp/html) by extensions ['ignore', 'ignore_ament_install']
[0.218s] Level 1:colcon.colcon_core.package_identification:_identify(src/DynamixelSDK/documents/cpp/html) by extension 'ignore'
[0.218s] Level 1:colcon.colcon_core.package_identification:_identify(src/DynamixelSDK/documents/cpp/html) by extension 'ignore_ament_install'
[0.218s] Level 1:colcon.colcon_core.package_identification:_identify(src/DynamixelSDK/documents/cpp/html) by extensions ['colcon_pkg']
[0.218s] Level 1:colcon.colcon_core.package_identification:_identify(src/DynamixelSDK/documents/cpp/html) by extension 'colcon_pkg'
[0.218s] Level 1:colcon.colcon_core.package_identification:_identify(src/DynamixelSDK/documents/cpp/html) by extensions ['colcon_meta']
[0.218s] Level 1:colcon.colcon_core.package_identification:_identify(src/DynamixelSDK/documents/cpp/html) by extension 'colcon_meta'
[0.218s] Level 1:colcon.colcon_core.package_identification:_identify(src/DynamixelSDK/documents/cpp/html) by extensions ['ros']
[0.218s] Level 1:colcon.colcon_core.package_identification:_identify(src/DynamixelSDK/documents/cpp/html) by extension 'ros'
[0.219s] Level 1:colcon.colcon_core.package_identification:_identify(src/DynamixelSDK/documents/cpp/html) by extensions ['cmake', 'python']
[0.219s] Level 1:colcon.colcon_core.package_identification:_identify(src/DynamixelSDK/documents/cpp/html) by extension 'cmake'
[0.219s] Level 1:colcon.colcon_core.package_identification:_identify(src/DynamixelSDK/documents/cpp/html) by extension 'python'
[0.219s] Level 1:colcon.colcon_core.package_identification:_identify(src/DynamixelSDK/documents/cpp/html) by extensions ['python_setup_py']
[0.219s] Level 1:colcon.colcon_core.package_identification:_identify(src/DynamixelSDK/documents/cpp/html) by extension 'python_setup_py'
[0.219s] Level 1:colcon.colcon_core.package_identification:_identify(src/DynamixelSDK/documents/cpp/html/search) by extensions ['ignore', 'ignore_ament_install']
[0.219s] Level 1:colcon.colcon_core.package_identification:_identify(src/DynamixelSDK/documents/cpp/html/search) by extension 'ignore'
[0.219s] Level 1:colcon.colcon_core.package_identification:_identify(src/DynamixelSDK/documents/cpp/html/search) by extension 'ignore_ament_install'
[0.219s] Level 1:colcon.colcon_core.package_identification:_identify(src/DynamixelSDK/documents/cpp/html/search) by extensions ['colcon_pkg']
[0.219s] Level 1:colcon.colcon_core.package_identification:_identify(src/DynamixelSDK/documents/cpp/html/search) by extension 'colcon_pkg'
[0.219s] Level 1:colcon.colcon_core.package_identification:_identify(src/DynamixelSDK/documents/cpp/html/search) by extensions ['colcon_meta']
[0.219s] Level 1:colcon.colcon_core.package_identification:_identify(src/DynamixelSDK/documents/cpp/html/search) by extension 'colcon_meta'
[0.219s] Level 1:colcon.colcon_core.package_identification:_identify(src/DynamixelSDK/documents/cpp/html/search) by extensions ['ros']
[0.219s] Level 1:colcon.colcon_core.package_identification:_identify(src/DynamixelSDK/documents/cpp/html/search) by extension 'ros'
[0.219s] Level 1:colcon.colcon_core.package_identification:_identify(src/DynamixelSDK/documents/cpp/html/search) by extensions ['cmake', 'python']
[0.219s] Level 1:colcon.colcon_core.package_identification:_identify(src/DynamixelSDK/documents/cpp/html/search) by extension 'cmake'
[0.219s] Level 1:colcon.colcon_core.package_identification:_identify(src/DynamixelSDK/documents/cpp/html/search) by extension 'python'
[0.219s] Level 1:colcon.colcon_core.package_identification:_identify(src/DynamixelSDK/documents/cpp/html/search) by extensions ['python_setup_py']
[0.219s] Level 1:colcon.colcon_core.package_identification:_identify(src/DynamixelSDK/documents/cpp/html/search) by extension 'python_setup_py'
[0.219s] Level 1:colcon.colcon_core.package_identification:_identify(src/DynamixelSDK/java) by extensions ['ignore', 'ignore_ament_install']
[0.219s] Level 1:colcon.colcon_core.package_identification:_identify(src/DynamixelSDK/java) by extension 'ignore'
[0.219s] Level 1:colcon.colcon_core.package_identification:_identify(src/DynamixelSDK/java) by extension 'ignore_ament_install'
[0.219s] Level 1:colcon.colcon_core.package_identification:_identify(src/DynamixelSDK/java) by extensions ['colcon_pkg']
[0.219s] Level 1:colcon.colcon_core.package_identification:_identify(src/DynamixelSDK/java) by extension 'colcon_pkg'
[0.219s] Level 1:colcon.colcon_core.package_identification:_identify(src/DynamixelSDK/java) by extensions ['colcon_meta']
[0.219s] Level 1:colcon.colcon_core.package_identification:_identify(src/DynamixelSDK/java) by extension 'colcon_meta'
[0.219s] Level 1:colcon.colcon_core.package_identification:_identify(src/DynamixelSDK/java) by extensions ['ros']
[0.219s] Level 1:colcon.colcon_core.package_identification:_identify(src/DynamixelSDK/java) by extension 'ros'
[0.219s] Level 1:colcon.colcon_core.package_identification:_identify(src/DynamixelSDK/java) by extensions ['cmake', 'python']
[0.219s] Level 1:colcon.colcon_core.package_identification:_identify(src/DynamixelSDK/java) by extension 'cmake'
[0.219s] Level 1:colcon.colcon_core.package_identification:_identify(src/DynamixelSDK/java) by extension 'python'
[0.219s] Level 1:colcon.colcon_core.package_identification:_identify(src/DynamixelSDK/java) by extensions ['python_setup_py']
[0.219s] Level 1:colcon.colcon_core.package_identification:_identify(src/DynamixelSDK/java) by extension 'python_setup_py'
[0.219s] Level 1:colcon.colcon_core.package_identification:_identify(src/DynamixelSDK/java/dynamixel_functions_java) by extensions ['ignore', 'ignore_ament_install']
[0.219s] Level 1:colcon.colcon_core.package_identification:_identify(src/DynamixelSDK/java/dynamixel_functions_java) by extension 'ignore'
[0.219s] Level 1:colcon.colcon_core.package_identification:_identify(src/DynamixelSDK/java/dynamixel_functions_java) by extension 'ignore_ament_install'
[0.219s] Level 1:colcon.colcon_core.package_identification:_identify(src/DynamixelSDK/java/dynamixel_functions_java) by extensions ['colcon_pkg']
[0.219s] Level 1:colcon.colcon_core.package_identification:_identify(src/DynamixelSDK/java/dynamixel_functions_java) by extension 'colcon_pkg'
[0.219s] Level 1:colcon.colcon_core.package_identification:_identify(src/DynamixelSDK/java/dynamixel_functions_java) by extensions ['colcon_meta']
[0.219s] Level 1:colcon.colcon_core.package_identification:_identify(src/DynamixelSDK/java/dynamixel_functions_java) by extension 'colcon_meta'
[0.219s] Level 1:colcon.colcon_core.package_identification:_identify(src/DynamixelSDK/java/dynamixel_functions_java) by extensions ['ros']
[0.219s] Level 1:colcon.colcon_core.package_identification:_identify(src/DynamixelSDK/java/dynamixel_functions_java) by extension 'ros'
[0.220s] Level 1:colcon.colcon_core.package_identification:_identify(src/DynamixelSDK/java/dynamixel_functions_java) by extensions ['cmake', 'python']
[0.220s] Level 1:colcon.colcon_core.package_identification:_identify(src/DynamixelSDK/java/dynamixel_functions_java) by extension 'cmake'
[0.220s] Level 1:colcon.colcon_core.package_identification:_identify(src/DynamixelSDK/java/dynamixel_functions_java) by extension 'python'
[0.220s] Level 1:colcon.colcon_core.package_identification:_identify(src/DynamixelSDK/java/dynamixel_functions_java) by extensions ['python_setup_py']
[0.220s] Level 1:colcon.colcon_core.package_identification:_identify(src/DynamixelSDK/java/dynamixel_functions_java) by extension 'python_setup_py'
[0.220s] Level 1:colcon.colcon_core.package_identification:_identify(src/DynamixelSDK/java/dynamixel_functions_java/mac_x64) by extensions ['ignore', 'ignore_ament_install']
[0.220s] Level 1:colcon.colcon_core.package_identification:_identify(src/DynamixelSDK/java/dynamixel_functions_java/mac_x64) by extension 'ignore'
[0.220s] Level 1:colcon.colcon_core.package_identification:_identify(src/DynamixelSDK/java/dynamixel_functions_java/mac_x64) by extension 'ignore_ament_install'
[0.220s] Level 1:colcon.colcon_core.package_identification:_identify(src/DynamixelSDK/java/dynamixel_functions_java/mac_x64) by extensions ['colcon_pkg']
[0.220s] Level 1:colcon.colcon_core.package_identification:_identify(src/DynamixelSDK/java/dynamixel_functions_java/mac_x64) by extension 'colcon_pkg'
[0.220s] Level 1:colcon.colcon_core.package_identification:_identify(src/DynamixelSDK/java/dynamixel_functions_java/mac_x64) by extensions ['colcon_meta']
[0.220s] Level 1:colcon.colcon_core.package_identification:_identify(src/DynamixelSDK/java/dynamixel_functions_java/mac_x64) by extension 'colcon_meta'
[0.220s] Level 1:colcon.colcon_core.package_identification:_identify(src/DynamixelSDK/java/dynamixel_functions_java/mac_x64) by extensions ['ros']
[0.220s] Level 1:colcon.colcon_core.package_identification:_identify(src/DynamixelSDK/java/dynamixel_functions_java/mac_x64) by extension 'ros'
[0.220s] Level 1:colcon.colcon_core.package_identification:_identify(src/DynamixelSDK/java/dynamixel_functions_java/mac_x64) by extensions ['cmake', 'python']
[0.220s] Level 1:colcon.colcon_core.package_identification:_identify(src/DynamixelSDK/java/dynamixel_functions_java/mac_x64) by extension 'cmake'
[0.220s] Level 1:colcon.colcon_core.package_identification:_identify(src/DynamixelSDK/java/dynamixel_functions_java/mac_x64) by extension 'python'
[0.220s] Level 1:colcon.colcon_core.package_identification:_identify(src/DynamixelSDK/java/dynamixel_functions_java/mac_x64) by extensions ['python_setup_py']
[0.220s] Level 1:colcon.colcon_core.package_identification:_identify(src/DynamixelSDK/java/dynamixel_functions_java/mac_x64) by extension 'python_setup_py'
[0.220s] Level 1:colcon.colcon_core.package_identification:_identify(src/DynamixelSDK/java/dynamixel_functions_java/x64) by extensions ['ignore', 'ignore_ament_install']
[0.220s] Level 1:colcon.colcon_core.package_identification:_identify(src/DynamixelSDK/java/dynamixel_functions_java/x64) by extension 'ignore'
[0.220s] Level 1:colcon.colcon_core.package_identification:_identify(src/DynamixelSDK/java/dynamixel_functions_java/x64) by extension 'ignore_ament_install'
[0.220s] Level 1:colcon.colcon_core.package_identification:_identify(src/DynamixelSDK/java/dynamixel_functions_java/x64) by extensions ['colcon_pkg']
[0.220s] Level 1:colcon.colcon_core.package_identification:_identify(src/DynamixelSDK/java/dynamixel_functions_java/x64) by extension 'colcon_pkg'
[0.220s] Level 1:colcon.colcon_core.package_identification:_identify(src/DynamixelSDK/java/dynamixel_functions_java/x64) by extensions ['colcon_meta']
[0.220s] Level 1:colcon.colcon_core.package_identification:_identify(src/DynamixelSDK/java/dynamixel_functions_java/x64) by extension 'colcon_meta'
[0.220s] Level 1:colcon.colcon_core.package_identification:_identify(src/DynamixelSDK/java/dynamixel_functions_java/x64) by extensions ['ros']
[0.220s] Level 1:colcon.colcon_core.package_identification:_identify(src/DynamixelSDK/java/dynamixel_functions_java/x64) by extension 'ros'
[0.220s] Level 1:colcon.colcon_core.package_identification:_identify(src/DynamixelSDK/java/dynamixel_functions_java/x64) by extensions ['cmake', 'python']
[0.220s] Level 1:colcon.colcon_core.package_identification:_identify(src/DynamixelSDK/java/dynamixel_functions_java/x64) by extension 'cmake'
[0.220s] Level 1:colcon.colcon_core.package_identification:_identify(src/DynamixelSDK/java/dynamixel_functions_java/x64) by extension 'python'
[0.220s] Level 1:colcon.colcon_core.package_identification:_identify(src/DynamixelSDK/java/dynamixel_functions_java/x64) by extensions ['python_setup_py']
[0.220s] Level 1:colcon.colcon_core.package_identification:_identify(src/DynamixelSDK/java/dynamixel_functions_java/x64) by extension 'python_setup_py'
[0.220s] Level 1:colcon.colcon_core.package_identification:_identify(src/DynamixelSDK/java/dynamixel_functions_java/x86) by extensions ['ignore', 'ignore_ament_install']
[0.220s] Level 1:colcon.colcon_core.package_identification:_identify(src/DynamixelSDK/java/dynamixel_functions_java/x86) by extension 'ignore'
[0.220s] Level 1:colcon.colcon_core.package_identification:_identify(src/DynamixelSDK/java/dynamixel_functions_java/x86) by extension 'ignore_ament_install'
[0.220s] Level 1:colcon.colcon_core.package_identification:_identify(src/DynamixelSDK/java/dynamixel_functions_java/x86) by extensions ['colcon_pkg']
[0.220s] Level 1:colcon.colcon_core.package_identification:_identify(src/DynamixelSDK/java/dynamixel_functions_java/x86) by extension 'colcon_pkg'
[0.220s] Level 1:colcon.colcon_core.package_identification:_identify(src/DynamixelSDK/java/dynamixel_functions_java/x86) by extensions ['colcon_meta']
[0.220s] Level 1:colcon.colcon_core.package_identification:_identify(src/DynamixelSDK/java/dynamixel_functions_java/x86) by extension 'colcon_meta'
[0.220s] Level 1:colcon.colcon_core.package_identification:_identify(src/DynamixelSDK/java/dynamixel_functions_java/x86) by extensions ['ros']
[0.220s] Level 1:colcon.colcon_core.package_identification:_identify(src/DynamixelSDK/java/dynamixel_functions_java/x86) by extension 'ros'
[0.220s] Level 1:colcon.colcon_core.package_identification:_identify(src/DynamixelSDK/java/dynamixel_functions_java/x86) by extensions ['cmake', 'python']
[0.220s] Level 1:colcon.colcon_core.package_identification:_identify(src/DynamixelSDK/java/dynamixel_functions_java/x86) by extension 'cmake'
[0.220s] Level 1:colcon.colcon_core.package_identification:_identify(src/DynamixelSDK/java/dynamixel_functions_java/x86) by extension 'python'
[0.220s] Level 1:colcon.colcon_core.package_identification:_identify(src/DynamixelSDK/java/dynamixel_functions_java/x86) by extensions ['python_setup_py']
[0.221s] Level 1:colcon.colcon_core.package_identification:_identify(src/DynamixelSDK/java/dynamixel_functions_java/x86) by extension 'python_setup_py'
[0.221s] Level 1:colcon.colcon_core.package_identification:_identify(src/DynamixelSDK/java/protocol1.0) by extensions ['ignore', 'ignore_ament_install']
[0.221s] Level 1:colcon.colcon_core.package_identification:_identify(src/DynamixelSDK/java/protocol1.0) by extension 'ignore'
[0.221s] Level 1:colcon.colcon_core.package_identification:_identify(src/DynamixelSDK/java/protocol1.0) by extension 'ignore_ament_install'
[0.221s] Level 1:colcon.colcon_core.package_identification:_identify(src/DynamixelSDK/java/protocol1.0) by extensions ['colcon_pkg']
[0.221s] Level 1:colcon.colcon_core.package_identification:_identify(src/DynamixelSDK/java/protocol1.0) by extension 'colcon_pkg'
[0.221s] Level 1:colcon.colcon_core.package_identification:_identify(src/DynamixelSDK/java/protocol1.0) by extensions ['colcon_meta']
[0.221s] Level 1:colcon.colcon_core.package_identification:_identify(src/DynamixelSDK/java/protocol1.0) by extension 'colcon_meta'
[0.221s] Level 1:colcon.colcon_core.package_identification:_identify(src/DynamixelSDK/java/protocol1.0) by extensions ['ros']
[0.221s] Level 1:colcon.colcon_core.package_identification:_identify(src/DynamixelSDK/java/protocol1.0) by extension 'ros'
[0.221s] Level 1:colcon.colcon_core.package_identification:_identify(src/DynamixelSDK/java/protocol1.0) by extensions ['cmake', 'python']
[0.221s] Level 1:colcon.colcon_core.package_identification:_identify(src/DynamixelSDK/java/protocol1.0) by extension 'cmake'
[0.221s] Level 1:colcon.colcon_core.package_identification:_identify(src/DynamixelSDK/java/protocol1.0) by extension 'python'
[0.221s] Level 1:colcon.colcon_core.package_identification:_identify(src/DynamixelSDK/java/protocol1.0) by extensions ['python_setup_py']
[0.221s] Level 1:colcon.colcon_core.package_identification:_identify(src/DynamixelSDK/java/protocol1.0) by extension 'python_setup_py'
[0.221s] Level 1:colcon.colcon_core.package_identification:_identify(src/DynamixelSDK/java/protocol1.0/bulk_read) by extensions ['ignore', 'ignore_ament_install']
[0.221s] Level 1:colcon.colcon_core.package_identification:_identify(src/DynamixelSDK/java/protocol1.0/bulk_read) by extension 'ignore'
[0.221s] Level 1:colcon.colcon_core.package_identification:_identify(src/DynamixelSDK/java/protocol1.0/bulk_read) by extension 'ignore_ament_install'
[0.221s] Level 1:colcon.colcon_core.package_identification:_identify(src/DynamixelSDK/java/protocol1.0/bulk_read) by extensions ['colcon_pkg']
[0.221s] Level 1:colcon.colcon_core.package_identification:_identify(src/DynamixelSDK/java/protocol1.0/bulk_read) by extension 'colcon_pkg'
[0.221s] Level 1:colcon.colcon_core.package_identification:_identify(src/DynamixelSDK/java/protocol1.0/bulk_read) by extensions ['colcon_meta']
[0.221s] Level 1:colcon.colcon_core.package_identification:_identify(src/DynamixelSDK/java/protocol1.0/bulk_read) by extension 'colcon_meta'
[0.221s] Level 1:colcon.colcon_core.package_identification:_identify(src/DynamixelSDK/java/protocol1.0/bulk_read) by extensions ['ros']
[0.221s] Level 1:colcon.colcon_core.package_identification:_identify(src/DynamixelSDK/java/protocol1.0/bulk_read) by extension 'ros'
[0.221s] Level 1:colcon.colcon_core.package_identification:_identify(src/DynamixelSDK/java/protocol1.0/bulk_read) by extensions ['cmake', 'python']
[0.221s] Level 1:colcon.colcon_core.package_identification:_identify(src/DynamixelSDK/java/protocol1.0/bulk_read) by extension 'cmake'
[0.221s] Level 1:colcon.colcon_core.package_identification:_identify(src/DynamixelSDK/java/protocol1.0/bulk_read) by extension 'python'
[0.221s] Level 1:colcon.colcon_core.package_identification:_identify(src/DynamixelSDK/java/protocol1.0/bulk_read) by extensions ['python_setup_py']
[0.221s] Level 1:colcon.colcon_core.package_identification:_identify(src/DynamixelSDK/java/protocol1.0/bulk_read) by extension 'python_setup_py'
[0.221s] Level 1:colcon.colcon_core.package_identification:_identify(src/DynamixelSDK/java/protocol1.0/multi_port) by extensions ['ignore', 'ignore_ament_install']
[0.221s] Level 1:colcon.colcon_core.package_identification:_identify(src/DynamixelSDK/java/protocol1.0/multi_port) by extension 'ignore'
[0.221s] Level 1:colcon.colcon_core.package_identification:_identify(src/DynamixelSDK/java/protocol1.0/multi_port) by extension 'ignore_ament_install'
[0.221s] Level 1:colcon.colcon_core.package_identification:_identify(src/DynamixelSDK/java/protocol1.0/multi_port) by extensions ['colcon_pkg']
[0.221s] Level 1:colcon.colcon_core.package_identification:_identify(src/DynamixelSDK/java/protocol1.0/multi_port) by extension 'colcon_pkg'
[0.221s] Level 1:colcon.colcon_core.package_identification:_identify(src/DynamixelSDK/java/protocol1.0/multi_port) by extensions ['colcon_meta']
[0.221s] Level 1:colcon.colcon_core.package_identification:_identify(src/DynamixelSDK/java/protocol1.0/multi_port) by extension 'colcon_meta'
[0.221s] Level 1:colcon.colcon_core.package_identification:_identify(src/DynamixelSDK/java/protocol1.0/multi_port) by extensions ['ros']
[0.221s] Level 1:colcon.colcon_core.package_identification:_identify(src/DynamixelSDK/java/protocol1.0/multi_port) by extension 'ros'
[0.221s] Level 1:colcon.colcon_core.package_identification:_identify(src/DynamixelSDK/java/protocol1.0/multi_port) by extensions ['cmake', 'python']
[0.221s] Level 1:colcon.colcon_core.package_identification:_identify(src/DynamixelSDK/java/protocol1.0/multi_port) by extension 'cmake'
[0.221s] Level 1:colcon.colcon_core.package_identification:_identify(src/DynamixelSDK/java/protocol1.0/multi_port) by extension 'python'
[0.221s] Level 1:colcon.colcon_core.package_identification:_identify(src/DynamixelSDK/java/protocol1.0/multi_port) by extensions ['python_setup_py']
[0.221s] Level 1:colcon.colcon_core.package_identification:_identify(src/DynamixelSDK/java/protocol1.0/multi_port) by extension 'python_setup_py'
[0.221s] Level 1:colcon.colcon_core.package_identification:_identify(src/DynamixelSDK/java/protocol1.0/ping) by extensions ['ignore', 'ignore_ament_install']
[0.221s] Level 1:colcon.colcon_core.package_identification:_identify(src/DynamixelSDK/java/protocol1.0/ping) by extension 'ignore'
[0.222s] Level 1:colcon.colcon_core.package_identification:_identify(src/DynamixelSDK/java/protocol1.0/ping) by extension 'ignore_ament_install'
[0.222s] Level 1:colcon.colcon_core.package_identification:_identify(src/DynamixelSDK/java/protocol1.0/ping) by extensions ['colcon_pkg']
[0.222s] Level 1:colcon.colcon_core.package_identification:_identify(src/DynamixelSDK/java/protocol1.0/ping) by extension 'colcon_pkg'
[0.222s] Level 1:colcon.colcon_core.package_identification:_identify(src/DynamixelSDK/java/protocol1.0/ping) by extensions ['colcon_meta']
[0.222s] Level 1:colcon.colcon_core.package_identification:_identify(src/DynamixelSDK/java/protocol1.0/ping) by extension 'colcon_meta'
[0.222s] Level 1:colcon.colcon_core.package_identification:_identify(src/DynamixelSDK/java/protocol1.0/ping) by extensions ['ros']
[0.222s] Level 1:colcon.colcon_core.package_identification:_identify(src/DynamixelSDK/java/protocol1.0/ping) by extension 'ros'
[0.222s] Level 1:colcon.colcon_core.package_identification:_identify(src/DynamixelSDK/java/protocol1.0/ping) by extensions ['cmake', 'python']
[0.222s] Level 1:colcon.colcon_core.package_identification:_identify(src/DynamixelSDK/java/protocol1.0/ping) by extension 'cmake'
[0.222s] Level 1:colcon.colcon_core.package_identification:_identify(src/DynamixelSDK/java/protocol1.0/ping) by extension 'python'
[0.222s] Level 1:colcon.colcon_core.package_identification:_identify(src/DynamixelSDK/java/protocol1.0/ping) by extensions ['python_setup_py']
[0.222s] Level 1:colcon.colcon_core.package_identification:_identify(src/DynamixelSDK/java/protocol1.0/ping) by extension 'python_setup_py'
[0.222s] Level 1:colcon.colcon_core.package_identification:_identify(src/DynamixelSDK/java/protocol1.0/read_write) by extensions ['ignore', 'ignore_ament_install']
[0.222s] Level 1:colcon.colcon_core.package_identification:_identify(src/DynamixelSDK/java/protocol1.0/read_write) by extension 'ignore'
[0.222s] Level 1:colcon.colcon_core.package_identification:_identify(src/DynamixelSDK/java/protocol1.0/read_write) by extension 'ignore_ament_install'
[0.222s] Level 1:colcon.colcon_core.package_identification:_identify(src/DynamixelSDK/java/protocol1.0/read_write) by extensions ['colcon_pkg']
[0.222s] Level 1:colcon.colcon_core.package_identification:_identify(src/DynamixelSDK/java/protocol1.0/read_write) by extension 'colcon_pkg'
[0.222s] Level 1:colcon.colcon_core.package_identification:_identify(src/DynamixelSDK/java/protocol1.0/read_write) by extensions ['colcon_meta']
[0.222s] Level 1:colcon.colcon_core.package_identification:_identify(src/DynamixelSDK/java/protocol1.0/read_write) by extension 'colcon_meta'
[0.222s] Level 1:colcon.colcon_core.package_identification:_identify(src/DynamixelSDK/java/protocol1.0/read_write) by extensions ['ros']
[0.222s] Level 1:colcon.colcon_core.package_identification:_identify(src/DynamixelSDK/java/protocol1.0/read_write) by extension 'ros'
[0.222s] Level 1:colcon.colcon_core.package_identification:_identify(src/DynamixelSDK/java/protocol1.0/read_write) by extensions ['cmake', 'python']
[0.222s] Level 1:colcon.colcon_core.package_identification:_identify(src/DynamixelSDK/java/protocol1.0/read_write) by extension 'cmake'
[0.222s] Level 1:colcon.colcon_core.package_identification:_identify(src/DynamixelSDK/java/protocol1.0/read_write) by extension 'python'
[0.222s] Level 1:colcon.colcon_core.package_identification:_identify(src/DynamixelSDK/java/protocol1.0/read_write) by extensions ['python_setup_py']
[0.222s] Level 1:colcon.colcon_core.package_identification:_identify(src/DynamixelSDK/java/protocol1.0/read_write) by extension 'python_setup_py'
[0.222s] Level 1:colcon.colcon_core.package_identification:_identify(src/DynamixelSDK/java/protocol1.0/reset) by extensions ['ignore', 'ignore_ament_install']
[0.222s] Level 1:colcon.colcon_core.package_identification:_identify(src/DynamixelSDK/java/protocol1.0/reset) by extension 'ignore'
[0.222s] Level 1:colcon.colcon_core.package_identification:_identify(src/DynamixelSDK/java/protocol1.0/reset) by extension 'ignore_ament_install'
[0.222s] Level 1:colcon.colcon_core.package_identification:_identify(src/DynamixelSDK/java/protocol1.0/reset) by extensions ['colcon_pkg']
[0.222s] Level 1:colcon.colcon_core.package_identification:_identify(src/DynamixelSDK/java/protocol1.0/reset) by extension 'colcon_pkg'
[0.222s] Level 1:colcon.colcon_core.package_identification:_identify(src/DynamixelSDK/java/protocol1.0/reset) by extensions ['colcon_meta']
[0.222s] Level 1:colcon.colcon_core.package_identification:_identify(src/DynamixelSDK/java/protocol1.0/reset) by extension 'colcon_meta'
[0.222s] Level 1:colcon.colcon_core.package_identification:_identify(src/DynamixelSDK/java/protocol1.0/reset) by extensions ['ros']
[0.222s] Level 1:colcon.colcon_core.package_identification:_identify(src/DynamixelSDK/java/protocol1.0/reset) by extension 'ros'
[0.222s] Level 1:colcon.colcon_core.package_identification:_identify(src/DynamixelSDK/java/protocol1.0/reset) by extensions ['cmake', 'python']
[0.222s] Level 1:colcon.colcon_core.package_identification:_identify(src/DynamixelSDK/java/protocol1.0/reset) by extension 'cmake'
[0.222s] Level 1:colcon.colcon_core.package_identification:_identify(src/DynamixelSDK/java/protocol1.0/reset) by extension 'python'
[0.222s] Level 1:colcon.colcon_core.package_identification:_identify(src/DynamixelSDK/java/protocol1.0/reset) by extensions ['python_setup_py']
[0.222s] Level 1:colcon.colcon_core.package_identification:_identify(src/DynamixelSDK/java/protocol1.0/reset) by extension 'python_setup_py'
[0.222s] Level 1:colcon.colcon_core.package_identification:_identify(src/DynamixelSDK/java/protocol1.0/sync_write) by extensions ['ignore', 'ignore_ament_install']
[0.222s] Level 1:colcon.colcon_core.package_identification:_identify(src/DynamixelSDK/java/protocol1.0/sync_write) by extension 'ignore'
[0.222s] Level 1:colcon.colcon_core.package_identification:_identify(src/DynamixelSDK/java/protocol1.0/sync_write) by extension 'ignore_ament_install'
[0.222s] Level 1:colcon.colcon_core.package_identification:_identify(src/DynamixelSDK/java/protocol1.0/sync_write) by extensions ['colcon_pkg']
[0.222s] Level 1:colcon.colcon_core.package_identification:_identify(src/DynamixelSDK/java/protocol1.0/sync_write) by extension 'colcon_pkg'
[0.223s] Level 1:colcon.colcon_core.package_identification:_identify(src/DynamixelSDK/java/protocol1.0/sync_write) by extensions ['colcon_meta']
[0.223s] Level 1:colcon.colcon_core.package_identification:_identify(src/DynamixelSDK/java/protocol1.0/sync_write) by extension 'colcon_meta'
[0.223s] Level 1:colcon.colcon_core.package_identification:_identify(src/DynamixelSDK/java/protocol1.0/sync_write) by extensions ['ros']
[0.223s] Level 1:colcon.colcon_core.package_identification:_identify(src/DynamixelSDK/java/protocol1.0/sync_write) by extension 'ros'
[0.223s] Level 1:colcon.colcon_core.package_identification:_identify(src/DynamixelSDK/java/protocol1.0/sync_write) by extensions ['cmake', 'python']
[0.223s] Level 1:colcon.colcon_core.package_identification:_identify(src/DynamixelSDK/java/protocol1.0/sync_write) by extension 'cmake'
[0.223s] Level 1:colcon.colcon_core.package_identification:_identify(src/DynamixelSDK/java/protocol1.0/sync_write) by extension 'python'
[0.223s] Level 1:colcon.colcon_core.package_identification:_identify(src/DynamixelSDK/java/protocol1.0/sync_write) by extensions ['python_setup_py']
[0.223s] Level 1:colcon.colcon_core.package_identification:_identify(src/DynamixelSDK/java/protocol1.0/sync_write) by extension 'python_setup_py'
[0.223s] Level 1:colcon.colcon_core.package_identification:_identify(src/DynamixelSDK/java/protocol2.0) by extensions ['ignore', 'ignore_ament_install']
[0.223s] Level 1:colcon.colcon_core.package_identification:_identify(src/DynamixelSDK/java/protocol2.0) by extension 'ignore'
[0.223s] Level 1:colcon.colcon_core.package_identification:_identify(src/DynamixelSDK/java/protocol2.0) by extension 'ignore_ament_install'
[0.223s] Level 1:colcon.colcon_core.package_identification:_identify(src/DynamixelSDK/java/protocol2.0) by extensions ['colcon_pkg']
[0.223s] Level 1:colcon.colcon_core.package_identification:_identify(src/DynamixelSDK/java/protocol2.0) by extension 'colcon_pkg'
[0.223s] Level 1:colcon.colcon_core.package_identification:_identify(src/DynamixelSDK/java/protocol2.0) by extensions ['colcon_meta']
[0.223s] Level 1:colcon.colcon_core.package_identification:_identify(src/DynamixelSDK/java/protocol2.0) by extension 'colcon_meta'
[0.223s] Level 1:colcon.colcon_core.package_identification:_identify(src/DynamixelSDK/java/protocol2.0) by extensions ['ros']
[0.223s] Level 1:colcon.colcon_core.package_identification:_identify(src/DynamixelSDK/java/protocol2.0) by extension 'ros'
[0.223s] Level 1:colcon.colcon_core.package_identification:_identify(src/DynamixelSDK/java/protocol2.0) by extensions ['cmake', 'python']
[0.223s] Level 1:colcon.colcon_core.package_identification:_identify(src/DynamixelSDK/java/protocol2.0) by extension 'cmake'
[0.223s] Level 1:colcon.colcon_core.package_identification:_identify(src/DynamixelSDK/java/protocol2.0) by extension 'python'
[0.223s] Level 1:colcon.colcon_core.package_identification:_identify(src/DynamixelSDK/java/protocol2.0) by extensions ['python_setup_py']
[0.223s] Level 1:colcon.colcon_core.package_identification:_identify(src/DynamixelSDK/java/protocol2.0) by extension 'python_setup_py'
[0.223s] Level 1:colcon.colcon_core.package_identification:_identify(src/DynamixelSDK/java/protocol2.0/broadcast_ping) by extensions ['ignore', 'ignore_ament_install']
[0.223s] Level 1:colcon.colcon_core.package_identification:_identify(src/DynamixelSDK/java/protocol2.0/broadcast_ping) by extension 'ignore'
[0.223s] Level 1:colcon.colcon_core.package_identification:_identify(src/DynamixelSDK/java/protocol2.0/broadcast_ping) by extension 'ignore_ament_install'
[0.223s] Level 1:colcon.colcon_core.package_identification:_identify(src/DynamixelSDK/java/protocol2.0/broadcast_ping) by extensions ['colcon_pkg']
[0.223s] Level 1:colcon.colcon_core.package_identification:_identify(src/DynamixelSDK/java/protocol2.0/broadcast_ping) by extension 'colcon_pkg'
[0.223s] Level 1:colcon.colcon_core.package_identification:_identify(src/DynamixelSDK/java/protocol2.0/broadcast_ping) by extensions ['colcon_meta']
[0.223s] Level 1:colcon.colcon_core.package_identification:_identify(src/DynamixelSDK/java/protocol2.0/broadcast_ping) by extension 'colcon_meta'
[0.223s] Level 1:colcon.colcon_core.package_identification:_identify(src/DynamixelSDK/java/protocol2.0/broadcast_ping) by extensions ['ros']
[0.223s] Level 1:colcon.colcon_core.package_identification:_identify(src/DynamixelSDK/java/protocol2.0/broadcast_ping) by extension 'ros'
[0.223s] Level 1:colcon.colcon_core.package_identification:_identify(src/DynamixelSDK/java/protocol2.0/broadcast_ping) by extensions ['cmake', 'python']
[0.223s] Level 1:colcon.colcon_core.package_identification:_identify(src/DynamixelSDK/java/protocol2.0/broadcast_ping) by extension 'cmake'
[0.223s] Level 1:colcon.colcon_core.package_identification:_identify(src/DynamixelSDK/java/protocol2.0/broadcast_ping) by extension 'python'
[0.223s] Level 1:colcon.colcon_core.package_identification:_identify(src/DynamixelSDK/java/protocol2.0/broadcast_ping) by extensions ['python_setup_py']
[0.223s] Level 1:colcon.colcon_core.package_identification:_identify(src/DynamixelSDK/java/protocol2.0/broadcast_ping) by extension 'python_setup_py'
[0.223s] Level 1:colcon.colcon_core.package_identification:_identify(src/DynamixelSDK/java/protocol2.0/bulk_read_write) by extensions ['ignore', 'ignore_ament_install']
[0.223s] Level 1:colcon.colcon_core.package_identification:_identify(src/DynamixelSDK/java/protocol2.0/bulk_read_write) by extension 'ignore'
[0.223s] Level 1:colcon.colcon_core.package_identification:_identify(src/DynamixelSDK/java/protocol2.0/bulk_read_write) by extension 'ignore_ament_install'
[0.223s] Level 1:colcon.colcon_core.package_identification:_identify(src/DynamixelSDK/java/protocol2.0/bulk_read_write) by extensions ['colcon_pkg']
[0.223s] Level 1:colcon.colcon_core.package_identification:_identify(src/DynamixelSDK/java/protocol2.0/bulk_read_write) by extension 'colcon_pkg'
[0.223s] Level 1:colcon.colcon_core.package_identification:_identify(src/DynamixelSDK/java/protocol2.0/bulk_read_write) by extensions ['colcon_meta']
[0.223s] Level 1:colcon.colcon_core.package_identification:_identify(src/DynamixelSDK/java/protocol2.0/bulk_read_write) by extension 'colcon_meta'
[0.224s] Level 1:colcon.colcon_core.package_identification:_identify(src/DynamixelSDK/java/protocol2.0/bulk_read_write) by extensions ['ros']
[0.224s] Level 1:colcon.colcon_core.package_identification:_identify(src/DynamixelSDK/java/protocol2.0/bulk_read_write) by extension 'ros'
[0.224s] Level 1:colcon.colcon_core.package_identification:_identify(src/DynamixelSDK/java/protocol2.0/bulk_read_write) by extensions ['cmake', 'python']
[0.224s] Level 1:colcon.colcon_core.package_identification:_identify(src/DynamixelSDK/java/protocol2.0/bulk_read_write) by extension 'cmake'
[0.224s] Level 1:colcon.colcon_core.package_identification:_identify(src/DynamixelSDK/java/protocol2.0/bulk_read_write) by extension 'python'
[0.224s] Level 1:colcon.colcon_core.package_identification:_identify(src/DynamixelSDK/java/protocol2.0/bulk_read_write) by extensions ['python_setup_py']
[0.224s] Level 1:colcon.colcon_core.package_identification:_identify(src/DynamixelSDK/java/protocol2.0/bulk_read_write) by extension 'python_setup_py'
[0.224s] Level 1:colcon.colcon_core.package_identification:_identify(src/DynamixelSDK/java/protocol2.0/clear_multi_turn) by extensions ['ignore', 'ignore_ament_install']
[0.224s] Level 1:colcon.colcon_core.package_identification:_identify(src/DynamixelSDK/java/protocol2.0/clear_multi_turn) by extension 'ignore'
[0.224s] Level 1:colcon.colcon_core.package_identification:_identify(src/DynamixelSDK/java/protocol2.0/clear_multi_turn) by extension 'ignore_ament_install'
[0.224s] Level 1:colcon.colcon_core.package_identification:_identify(src/DynamixelSDK/java/protocol2.0/clear_multi_turn) by extensions ['colcon_pkg']
[0.224s] Level 1:colcon.colcon_core.package_identification:_identify(src/DynamixelSDK/java/protocol2.0/clear_multi_turn) by extension 'colcon_pkg'
[0.224s] Level 1:colcon.colcon_core.package_identification:_identify(src/DynamixelSDK/java/protocol2.0/clear_multi_turn) by extensions ['colcon_meta']
[0.224s] Level 1:colcon.colcon_core.package_identification:_identify(src/DynamixelSDK/java/protocol2.0/clear_multi_turn) by extension 'colcon_meta'
[0.224s] Level 1:colcon.colcon_core.package_identification:_identify(src/DynamixelSDK/java/protocol2.0/clear_multi_turn) by extensions ['ros']
[0.224s] Level 1:colcon.colcon_core.package_identification:_identify(src/DynamixelSDK/java/protocol2.0/clear_multi_turn) by extension 'ros'
[0.224s] Level 1:colcon.colcon_core.package_identification:_identify(src/DynamixelSDK/java/protocol2.0/clear_multi_turn) by extensions ['cmake', 'python']
[0.224s] Level 1:colcon.colcon_core.package_identification:_identify(src/DynamixelSDK/java/protocol2.0/clear_multi_turn) by extension 'cmake'
[0.224s] Level 1:colcon.colcon_core.package_identification:_identify(src/DynamixelSDK/java/protocol2.0/clear_multi_turn) by extension 'python'
[0.224s] Level 1:colcon.colcon_core.package_identification:_identify(src/DynamixelSDK/java/protocol2.0/clear_multi_turn) by extensions ['python_setup_py']
[0.224s] Level 1:colcon.colcon_core.package_identification:_identify(src/DynamixelSDK/java/protocol2.0/clear_multi_turn) by extension 'python_setup_py'
[0.224s] Level 1:colcon.colcon_core.package_identification:_identify(src/DynamixelSDK/java/protocol2.0/factory_reset) by extensions ['ignore', 'ignore_ament_install']
[0.224s] Level 1:colcon.colcon_core.package_identification:_identify(src/DynamixelSDK/java/protocol2.0/factory_reset) by extension 'ignore'
[0.224s] Level 1:colcon.colcon_core.package_identification:_identify(src/DynamixelSDK/java/protocol2.0/factory_reset) by extension 'ignore_ament_install'
[0.224s] Level 1:colcon.colcon_core.package_identification:_identify(src/DynamixelSDK/java/protocol2.0/factory_reset) by extensions ['colcon_pkg']
[0.224s] Level 1:colcon.colcon_core.package_identification:_identify(src/DynamixelSDK/java/protocol2.0/factory_reset) by extension 'colcon_pkg'
[0.224s] Level 1:colcon.colcon_core.package_identification:_identify(src/DynamixelSDK/java/protocol2.0/factory_reset) by extensions ['colcon_meta']
[0.224s] Level 1:colcon.colcon_core.package_identification:_identify(src/DynamixelSDK/java/protocol2.0/factory_reset) by extension 'colcon_meta'
[0.224s] Level 1:colcon.colcon_core.package_identification:_identify(src/DynamixelSDK/java/protocol2.0/factory_reset) by extensions ['ros']
[0.224s] Level 1:colcon.colcon_core.package_identification:_identify(src/DynamixelSDK/java/protocol2.0/factory_reset) by extension 'ros'
[0.224s] Level 1:colcon.colcon_core.package_identification:_identify(src/DynamixelSDK/java/protocol2.0/factory_reset) by extensions ['cmake', 'python']
[0.224s] Level 1:colcon.colcon_core.package_identification:_identify(src/DynamixelSDK/java/protocol2.0/factory_reset) by extension 'cmake'
[0.224s] Level 1:colcon.colcon_core.package_identification:_identify(src/DynamixelSDK/java/protocol2.0/factory_reset) by extension 'python'
[0.224s] Level 1:colcon.colcon_core.package_identification:_identify(src/DynamixelSDK/java/protocol2.0/factory_reset) by extensions ['python_setup_py']
[0.224s] Level 1:colcon.colcon_core.package_identification:_identify(src/DynamixelSDK/java/protocol2.0/factory_reset) by extension 'python_setup_py'
[0.224s] Level 1:colcon.colcon_core.package_identification:_identify(src/DynamixelSDK/java/protocol2.0/indirect_address) by extensions ['ignore', 'ignore_ament_install']
[0.224s] Level 1:colcon.colcon_core.package_identification:_identify(src/DynamixelSDK/java/protocol2.0/indirect_address) by extension 'ignore'
[0.224s] Level 1:colcon.colcon_core.package_identification:_identify(src/DynamixelSDK/java/protocol2.0/indirect_address) by extension 'ignore_ament_install'
[0.225s] Level 1:colcon.colcon_core.package_identification:_identify(src/DynamixelSDK/java/protocol2.0/indirect_address) by extensions ['colcon_pkg']
[0.225s] Level 1:colcon.colcon_core.package_identification:_identify(src/DynamixelSDK/java/protocol2.0/indirect_address) by extension 'colcon_pkg'
[0.225s] Level 1:colcon.colcon_core.package_identification:_identify(src/DynamixelSDK/java/protocol2.0/indirect_address) by extensions ['colcon_meta']
[0.225s] Level 1:colcon.colcon_core.package_identification:_identify(src/DynamixelSDK/java/protocol2.0/indirect_address) by extension 'colcon_meta'
[0.225s] Level 1:colcon.colcon_core.package_identification:_identify(src/DynamixelSDK/java/protocol2.0/indirect_address) by extensions ['ros']
[0.225s] Level 1:colcon.colcon_core.package_identification:_identify(src/DynamixelSDK/java/protocol2.0/indirect_address) by extension 'ros'
[0.225s] Level 1:colcon.colcon_core.package_identification:_identify(src/DynamixelSDK/java/protocol2.0/indirect_address) by extensions ['cmake', 'python']
[0.225s] Level 1:colcon.colcon_core.package_identification:_identify(src/DynamixelSDK/java/protocol2.0/indirect_address) by extension 'cmake'
[0.225s] Level 1:colcon.colcon_core.package_identification:_identify(src/DynamixelSDK/java/protocol2.0/indirect_address) by extension 'python'
[0.225s] Level 1:colcon.colcon_core.package_identification:_identify(src/DynamixelSDK/java/protocol2.0/indirect_address) by extensions ['python_setup_py']
[0.225s] Level 1:colcon.colcon_core.package_identification:_identify(src/DynamixelSDK/java/protocol2.0/indirect_address) by extension 'python_setup_py'
[0.225s] Level 1:colcon.colcon_core.package_identification:_identify(src/DynamixelSDK/java/protocol2.0/multi_port) by extensions ['ignore', 'ignore_ament_install']
[0.225s] Level 1:colcon.colcon_core.package_identification:_identify(src/DynamixelSDK/java/protocol2.0/multi_port) by extension 'ignore'
[0.225s] Level 1:colcon.colcon_core.package_identification:_identify(src/DynamixelSDK/java/protocol2.0/multi_port) by extension 'ignore_ament_install'
[0.225s] Level 1:colcon.colcon_core.package_identification:_identify(src/DynamixelSDK/java/protocol2.0/multi_port) by extensions ['colcon_pkg']
[0.225s] Level 1:colcon.colcon_core.package_identification:_identify(src/DynamixelSDK/java/protocol2.0/multi_port) by extension 'colcon_pkg'
[0.225s] Level 1:colcon.colcon_core.package_identification:_identify(src/DynamixelSDK/java/protocol2.0/multi_port) by extensions ['colcon_meta']
[0.225s] Level 1:colcon.colcon_core.package_identification:_identify(src/DynamixelSDK/java/protocol2.0/multi_port) by extension 'colcon_meta'
[0.225s] Level 1:colcon.colcon_core.package_identification:_identify(src/DynamixelSDK/java/protocol2.0/multi_port) by extensions ['ros']
[0.225s] Level 1:colcon.colcon_core.package_identification:_identify(src/DynamixelSDK/java/protocol2.0/multi_port) by extension 'ros'
[0.225s] Level 1:colcon.colcon_core.package_identification:_identify(src/DynamixelSDK/java/protocol2.0/multi_port) by extensions ['cmake', 'python']
[0.225s] Level 1:colcon.colcon_core.package_identification:_identify(src/DynamixelSDK/java/protocol2.0/multi_port) by extension 'cmake'
[0.225s] Level 1:colcon.colcon_core.package_identification:_identify(src/DynamixelSDK/java/protocol2.0/multi_port) by extension 'python'
[0.225s] Level 1:colcon.colcon_core.package_identification:_identify(src/DynamixelSDK/java/protocol2.0/multi_port) by extensions ['python_setup_py']
[0.225s] Level 1:colcon.colcon_core.package_identification:_identify(src/DynamixelSDK/java/protocol2.0/multi_port) by extension 'python_setup_py'
[0.225s] Level 1:colcon.colcon_core.package_identification:_identify(src/DynamixelSDK/java/protocol2.0/ping) by extensions ['ignore', 'ignore_ament_install']
[0.225s] Level 1:colcon.colcon_core.package_identification:_identify(src/DynamixelSDK/java/protocol2.0/ping) by extension 'ignore'
[0.225s] Level 1:colcon.colcon_core.package_identification:_identify(src/DynamixelSDK/java/protocol2.0/ping) by extension 'ignore_ament_install'
[0.225s] Level 1:colcon.colcon_core.package_identification:_identify(src/DynamixelSDK/java/protocol2.0/ping) by extensions ['colcon_pkg']
[0.225s] Level 1:colcon.colcon_core.package_identification:_identify(src/DynamixelSDK/java/protocol2.0/ping) by extension 'colcon_pkg'
[0.225s] Level 1:colcon.colcon_core.package_identification:_identify(src/DynamixelSDK/java/protocol2.0/ping) by extensions ['colcon_meta']
[0.225s] Level 1:colcon.colcon_core.package_identification:_identify(src/DynamixelSDK/java/protocol2.0/ping) by extension 'colcon_meta'
[0.225s] Level 1:colcon.colcon_core.package_identification:_identify(src/DynamixelSDK/java/protocol2.0/ping) by extensions ['ros']
[0.225s] Level 1:colcon.colcon_core.package_identification:_identify(src/DynamixelSDK/java/protocol2.0/ping) by extension 'ros'
[0.225s] Level 1:colcon.colcon_core.package_identification:_identify(src/DynamixelSDK/java/protocol2.0/ping) by extensions ['cmake', 'python']
[0.225s] Level 1:colcon.colcon_core.package_identification:_identify(src/DynamixelSDK/java/protocol2.0/ping) by extension 'cmake'
[0.225s] Level 1:colcon.colcon_core.package_identification:_identify(src/DynamixelSDK/java/protocol2.0/ping) by extension 'python'
[0.225s] Level 1:colcon.colcon_core.package_identification:_identify(src/DynamixelSDK/java/protocol2.0/ping) by extensions ['python_setup_py']
[0.225s] Level 1:colcon.colcon_core.package_identification:_identify(src/DynamixelSDK/java/protocol2.0/ping) by extension 'python_setup_py'
[0.225s] Level 1:colcon.colcon_core.package_identification:_identify(src/DynamixelSDK/java/protocol2.0/read_write) by extensions ['ignore', 'ignore_ament_install']
[0.225s] Level 1:colcon.colcon_core.package_identification:_identify(src/DynamixelSDK/java/protocol2.0/read_write) by extension 'ignore'
[0.226s] Level 1:colcon.colcon_core.package_identification:_identify(src/DynamixelSDK/java/protocol2.0/read_write) by extension 'ignore_ament_install'
[0.226s] Level 1:colcon.colcon_core.package_identification:_identify(src/DynamixelSDK/java/protocol2.0/read_write) by extensions ['colcon_pkg']
[0.226s] Level 1:colcon.colcon_core.package_identification:_identify(src/DynamixelSDK/java/protocol2.0/read_write) by extension 'colcon_pkg'
[0.226s] Level 1:colcon.colcon_core.package_identification:_identify(src/DynamixelSDK/java/protocol2.0/read_write) by extensions ['colcon_meta']
[0.226s] Level 1:colcon.colcon_core.package_identification:_identify(src/DynamixelSDK/java/protocol2.0/read_write) by extension 'colcon_meta'
[0.226s] Level 1:colcon.colcon_core.package_identification:_identify(src/DynamixelSDK/java/protocol2.0/read_write) by extensions ['ros']
[0.226s] Level 1:colcon.colcon_core.package_identification:_identify(src/DynamixelSDK/java/protocol2.0/read_write) by extension 'ros'
[0.226s] Level 1:colcon.colcon_core.package_identification:_identify(src/DynamixelSDK/java/protocol2.0/read_write) by extensions ['cmake', 'python']
[0.226s] Level 1:colcon.colcon_core.package_identification:_identify(src/DynamixelSDK/java/protocol2.0/read_write) by extension 'cmake'
[0.226s] Level 1:colcon.colcon_core.package_identification:_identify(src/DynamixelSDK/java/protocol2.0/read_write) by extension 'python'
[0.226s] Level 1:colcon.colcon_core.package_identification:_identify(src/DynamixelSDK/java/protocol2.0/read_write) by extensions ['python_setup_py']
[0.226s] Level 1:colcon.colcon_core.package_identification:_identify(src/DynamixelSDK/java/protocol2.0/read_write) by extension 'python_setup_py'
[0.226s] Level 1:colcon.colcon_core.package_identification:_identify(src/DynamixelSDK/java/protocol2.0/reboot) by extensions ['ignore', 'ignore_ament_install']
[0.226s] Level 1:colcon.colcon_core.package_identification:_identify(src/DynamixelSDK/java/protocol2.0/reboot) by extension 'ignore'
[0.226s] Level 1:colcon.colcon_core.package_identification:_identify(src/DynamixelSDK/java/protocol2.0/reboot) by extension 'ignore_ament_install'
[0.226s] Level 1:colcon.colcon_core.package_identification:_identify(src/DynamixelSDK/java/protocol2.0/reboot) by extensions ['colcon_pkg']
[0.226s] Level 1:colcon.colcon_core.package_identification:_identify(src/DynamixelSDK/java/protocol2.0/reboot) by extension 'colcon_pkg'
[0.226s] Level 1:colcon.colcon_core.package_identification:_identify(src/DynamixelSDK/java/protocol2.0/reboot) by extensions ['colcon_meta']
[0.226s] Level 1:colcon.colcon_core.package_identification:_identify(src/DynamixelSDK/java/protocol2.0/reboot) by extension 'colcon_meta'
[0.226s] Level 1:colcon.colcon_core.package_identification:_identify(src/DynamixelSDK/java/protocol2.0/reboot) by extensions ['ros']
[0.226s] Level 1:colcon.colcon_core.package_identification:_identify(src/DynamixelSDK/java/protocol2.0/reboot) by extension 'ros'
[0.226s] Level 1:colcon.colcon_core.package_identification:_identify(src/DynamixelSDK/java/protocol2.0/reboot) by extensions ['cmake', 'python']
[0.226s] Level 1:colcon.colcon_core.package_identification:_identify(src/DynamixelSDK/java/protocol2.0/reboot) by extension 'cmake'
[0.226s] Level 1:colcon.colcon_core.package_identification:_identify(src/DynamixelSDK/java/protocol2.0/reboot) by extension 'python'
[0.226s] Level 1:colcon.colcon_core.package_identification:_identify(src/DynamixelSDK/java/protocol2.0/reboot) by extensions ['python_setup_py']
[0.226s] Level 1:colcon.colcon_core.package_identification:_identify(src/DynamixelSDK/java/protocol2.0/reboot) by extension 'python_setup_py'
[0.226s] Level 1:colcon.colcon_core.package_identification:_identify(src/DynamixelSDK/java/protocol2.0/sync_read_write) by extensions ['ignore', 'ignore_ament_install']
[0.226s] Level 1:colcon.colcon_core.package_identification:_identify(src/DynamixelSDK/java/protocol2.0/sync_read_write) by extension 'ignore'
[0.226s] Level 1:colcon.colcon_core.package_identification:_identify(src/DynamixelSDK/java/protocol2.0/sync_read_write) by extension 'ignore_ament_install'
[0.226s] Level 1:colcon.colcon_core.package_identification:_identify(src/DynamixelSDK/java/protocol2.0/sync_read_write) by extensions ['colcon_pkg']
[0.226s] Level 1:colcon.colcon_core.package_identification:_identify(src/DynamixelSDK/java/protocol2.0/sync_read_write) by extension 'colcon_pkg'
[0.226s] Level 1:colcon.colcon_core.package_identification:_identify(src/DynamixelSDK/java/protocol2.0/sync_read_write) by extensions ['colcon_meta']
[0.226s] Level 1:colcon.colcon_core.package_identification:_identify(src/DynamixelSDK/java/protocol2.0/sync_read_write) by extension 'colcon_meta'
[0.226s] Level 1:colcon.colcon_core.package_identification:_identify(src/DynamixelSDK/java/protocol2.0/sync_read_write) by extensions ['ros']
[0.226s] Level 1:colcon.colcon_core.package_identification:_identify(src/DynamixelSDK/java/protocol2.0/sync_read_write) by extension 'ros'
[0.226s] Level 1:colcon.colcon_core.package_identification:_identify(src/DynamixelSDK/java/protocol2.0/sync_read_write) by extensions ['cmake', 'python']
[0.226s] Level 1:colcon.colcon_core.package_identification:_identify(src/DynamixelSDK/java/protocol2.0/sync_read_write) by extension 'cmake'
[0.226s] Level 1:colcon.colcon_core.package_identification:_identify(src/DynamixelSDK/java/protocol2.0/sync_read_write) by extension 'python'
[0.226s] Level 1:colcon.colcon_core.package_identification:_identify(src/DynamixelSDK/java/protocol2.0/sync_read_write) by extensions ['python_setup_py']
[0.226s] Level 1:colcon.colcon_core.package_identification:_identify(src/DynamixelSDK/java/protocol2.0/sync_read_write) by extension 'python_setup_py'
[0.226s] Level 1:colcon.colcon_core.package_identification:_identify(src/DynamixelSDK/java/protocol_combined) by extensions ['ignore', 'ignore_ament_install']
[0.226s] Level 1:colcon.colcon_core.package_identification:_identify(src/DynamixelSDK/java/protocol_combined) by extension 'ignore'
[0.226s] Level 1:colcon.colcon_core.package_identification:_identify(src/DynamixelSDK/java/protocol_combined) by extension 'ignore_ament_install'
[0.226s] Level 1:colcon.colcon_core.package_identification:_identify(src/DynamixelSDK/java/protocol_combined) by extensions ['colcon_pkg']
[0.227s] Level 1:colcon.colcon_core.package_identification:_identify(src/DynamixelSDK/java/protocol_combined) by extension 'colcon_pkg'
[0.227s] Level 1:colcon.colcon_core.package_identification:_identify(src/DynamixelSDK/java/protocol_combined) by extensions ['colcon_meta']
[0.227s] Level 1:colcon.colcon_core.package_identification:_identify(src/DynamixelSDK/java/protocol_combined) by extension 'colcon_meta'
[0.227s] Level 1:colcon.colcon_core.package_identification:_identify(src/DynamixelSDK/java/protocol_combined) by extensions ['ros']
[0.227s] Level 1:colcon.colcon_core.package_identification:_identify(src/DynamixelSDK/java/protocol_combined) by extension 'ros'
[0.227s] Level 1:colcon.colcon_core.package_identification:_identify(src/DynamixelSDK/java/protocol_combined) by extensions ['cmake', 'python']
[0.227s] Level 1:colcon.colcon_core.package_identification:_identify(src/DynamixelSDK/java/protocol_combined) by extension 'cmake'
[0.227s] Level 1:colcon.colcon_core.package_identification:_identify(src/DynamixelSDK/java/protocol_combined) by extension 'python'
[0.227s] Level 1:colcon.colcon_core.package_identification:_identify(src/DynamixelSDK/java/protocol_combined) by extensions ['python_setup_py']
[0.227s] Level 1:colcon.colcon_core.package_identification:_identify(src/DynamixelSDK/java/protocol_combined) by extension 'python_setup_py'
[0.227s] Level 1:colcon.colcon_core.package_identification:_identify(src/DynamixelSDK/labview) by extensions ['ignore', 'ignore_ament_install']
[0.227s] Level 1:colcon.colcon_core.package_identification:_identify(src/DynamixelSDK/labview) by extension 'ignore'
[0.227s] Level 1:colcon.colcon_core.package_identification:_identify(src/DynamixelSDK/labview) by extension 'ignore_ament_install'
[0.227s] Level 1:colcon.colcon_core.package_identification:_identify(src/DynamixelSDK/labview) by extensions ['colcon_pkg']
[0.227s] Level 1:colcon.colcon_core.package_identification:_identify(src/DynamixelSDK/labview) by extension 'colcon_pkg'
[0.227s] Level 1:colcon.colcon_core.package_identification:_identify(src/DynamixelSDK/labview) by extensions ['colcon_meta']
[0.227s] Level 1:colcon.colcon_core.package_identification:_identify(src/DynamixelSDK/labview) by extension 'colcon_meta'
[0.227s] Level 1:colcon.colcon_core.package_identification:_identify(src/DynamixelSDK/labview) by extensions ['ros']
[0.227s] Level 1:colcon.colcon_core.package_identification:_identify(src/DynamixelSDK/labview) by extension 'ros'
[0.227s] Level 1:colcon.colcon_core.package_identification:_identify(src/DynamixelSDK/labview) by extensions ['cmake', 'python']
[0.227s] Level 1:colcon.colcon_core.package_identification:_identify(src/DynamixelSDK/labview) by extension 'cmake'
[0.227s] Level 1:colcon.colcon_core.package_identification:_identify(src/DynamixelSDK/labview) by extension 'python'
[0.227s] Level 1:colcon.colcon_core.package_identification:_identify(src/DynamixelSDK/labview) by extensions ['python_setup_py']
[0.227s] Level 1:colcon.colcon_core.package_identification:_identify(src/DynamixelSDK/labview) by extension 'python_setup_py'
[0.227s] Level 1:colcon.colcon_core.package_identification:_identify(src/DynamixelSDK/labview/dxl_x86_c.lvlib) by extensions ['ignore', 'ignore_ament_install']
[0.227s] Level 1:colcon.colcon_core.package_identification:_identify(src/DynamixelSDK/labview/dxl_x86_c.lvlib) by extension 'ignore'
[0.227s] Level 1:colcon.colcon_core.package_identification:_identify(src/DynamixelSDK/labview/dxl_x86_c.lvlib) by extension 'ignore_ament_install'
[0.227s] Level 1:colcon.colcon_core.package_identification:_identify(src/DynamixelSDK/labview/dxl_x86_c.lvlib) by extensions ['colcon_pkg']
[0.227s] Level 1:colcon.colcon_core.package_identification:_identify(src/DynamixelSDK/labview/dxl_x86_c.lvlib) by extension 'colcon_pkg'
[0.227s] Level 1:colcon.colcon_core.package_identification:_identify(src/DynamixelSDK/labview/dxl_x86_c.lvlib) by extensions ['colcon_meta']
[0.227s] Level 1:colcon.colcon_core.package_identification:_identify(src/DynamixelSDK/labview/dxl_x86_c.lvlib) by extension 'colcon_meta'
[0.227s] Level 1:colcon.colcon_core.package_identification:_identify(src/DynamixelSDK/labview/dxl_x86_c.lvlib) by extensions ['ros']
[0.227s] Level 1:colcon.colcon_core.package_identification:_identify(src/DynamixelSDK/labview/dxl_x86_c.lvlib) by extension 'ros'
[0.227s] Level 1:colcon.colcon_core.package_identification:_identify(src/DynamixelSDK/labview/dxl_x86_c.lvlib) by extensions ['cmake', 'python']
[0.227s] Level 1:colcon.colcon_core.package_identification:_identify(src/DynamixelSDK/labview/dxl_x86_c.lvlib) by extension 'cmake'
[0.227s] Level 1:colcon.colcon_core.package_identification:_identify(src/DynamixelSDK/labview/dxl_x86_c.lvlib) by extension 'python'
[0.227s] Level 1:colcon.colcon_core.package_identification:_identify(src/DynamixelSDK/labview/dxl_x86_c.lvlib) by extensions ['python_setup_py']
[0.227s] Level 1:colcon.colcon_core.package_identification:_identify(src/DynamixelSDK/labview/dxl_x86_c.lvlib) by extension 'python_setup_py'
[0.227s] Level 1:colcon.colcon_core.package_identification:_identify(src/DynamixelSDK/labview/dxl_x86_c.lvlib/VIs) by extensions ['ignore', 'ignore_ament_install']
[0.227s] Level 1:colcon.colcon_core.package_identification:_identify(src/DynamixelSDK/labview/dxl_x86_c.lvlib/VIs) by extension 'ignore'
[0.227s] Level 1:colcon.colcon_core.package_identification:_identify(src/DynamixelSDK/labview/dxl_x86_c.lvlib/VIs) by extension 'ignore_ament_install'
[0.227s] Level 1:colcon.colcon_core.package_identification:_identify(src/DynamixelSDK/labview/dxl_x86_c.lvlib/VIs) by extensions ['colcon_pkg']
[0.227s] Level 1:colcon.colcon_core.package_identification:_identify(src/DynamixelSDK/labview/dxl_x86_c.lvlib/VIs) by extension 'colcon_pkg'
[0.228s] Level 1:colcon.colcon_core.package_identification:_identify(src/DynamixelSDK/labview/dxl_x86_c.lvlib/VIs) by extensions ['colcon_meta']
[0.228s] Level 1:colcon.colcon_core.package_identification:_identify(src/DynamixelSDK/labview/dxl_x86_c.lvlib/VIs) by extension 'colcon_meta'
[0.228s] Level 1:colcon.colcon_core.package_identification:_identify(src/DynamixelSDK/labview/dxl_x86_c.lvlib/VIs) by extensions ['ros']
[0.228s] Level 1:colcon.colcon_core.package_identification:_identify(src/DynamixelSDK/labview/dxl_x86_c.lvlib/VIs) by extension 'ros'
[0.228s] Level 1:colcon.colcon_core.package_identification:_identify(src/DynamixelSDK/labview/dxl_x86_c.lvlib/VIs) by extensions ['cmake', 'python']
[0.228s] Level 1:colcon.colcon_core.package_identification:_identify(src/DynamixelSDK/labview/dxl_x86_c.lvlib/VIs) by extension 'cmake'
[0.228s] Level 1:colcon.colcon_core.package_identification:_identify(src/DynamixelSDK/labview/dxl_x86_c.lvlib/VIs) by extension 'python'
[0.228s] Level 1:colcon.colcon_core.package_identification:_identify(src/DynamixelSDK/labview/dxl_x86_c.lvlib/VIs) by extensions ['python_setup_py']
[0.228s] Level 1:colcon.colcon_core.package_identification:_identify(src/DynamixelSDK/labview/dxl_x86_c.lvlib/VIs) by extension 'python_setup_py'
[0.228s] Level 1:colcon.colcon_core.package_identification:_identify(src/DynamixelSDK/labview/protocol1.0) by extensions ['ignore', 'ignore_ament_install']
[0.228s] Level 1:colcon.colcon_core.package_identification:_identify(src/DynamixelSDK/labview/protocol1.0) by extension 'ignore'
[0.228s] Level 1:colcon.colcon_core.package_identification:_identify(src/DynamixelSDK/labview/protocol1.0) by extension 'ignore_ament_install'
[0.228s] Level 1:colcon.colcon_core.package_identification:_identify(src/DynamixelSDK/labview/protocol1.0) by extensions ['colcon_pkg']
[0.228s] Level 1:colcon.colcon_core.package_identification:_identify(src/DynamixelSDK/labview/protocol1.0) by extension 'colcon_pkg'
[0.228s] Level 1:colcon.colcon_core.package_identification:_identify(src/DynamixelSDK/labview/protocol1.0) by extensions ['colcon_meta']
[0.228s] Level 1:colcon.colcon_core.package_identification:_identify(src/DynamixelSDK/labview/protocol1.0) by extension 'colcon_meta'
[0.228s] Level 1:colcon.colcon_core.package_identification:_identify(src/DynamixelSDK/labview/protocol1.0) by extensions ['ros']
[0.228s] Level 1:colcon.colcon_core.package_identification:_identify(src/DynamixelSDK/labview/protocol1.0) by extension 'ros'
[0.228s] Level 1:colcon.colcon_core.package_identification:_identify(src/DynamixelSDK/labview/protocol1.0) by extensions ['cmake', 'python']
[0.228s] Level 1:colcon.colcon_core.package_identification:_identify(src/DynamixelSDK/labview/protocol1.0) by extension 'cmake'
[0.228s] Level 1:colcon.colcon_core.package_identification:_identify(src/DynamixelSDK/labview/protocol1.0) by extension 'python'
[0.228s] Level 1:colcon.colcon_core.package_identification:_identify(src/DynamixelSDK/labview/protocol1.0) by extensions ['python_setup_py']
[0.228s] Level 1:colcon.colcon_core.package_identification:_identify(src/DynamixelSDK/labview/protocol1.0) by extension 'python_setup_py'
[0.228s] Level 1:colcon.colcon_core.package_identification:_identify(src/DynamixelSDK/labview/protocol2.0) by extensions ['ignore', 'ignore_ament_install']
[0.228s] Level 1:colcon.colcon_core.package_identification:_identify(src/DynamixelSDK/labview/protocol2.0) by extension 'ignore'
[0.228s] Level 1:colcon.colcon_core.package_identification:_identify(src/DynamixelSDK/labview/protocol2.0) by extension 'ignore_ament_install'
[0.228s] Level 1:colcon.colcon_core.package_identification:_identify(src/DynamixelSDK/labview/protocol2.0) by extensions ['colcon_pkg']
[0.228s] Level 1:colcon.colcon_core.package_identification:_identify(src/DynamixelSDK/labview/protocol2.0) by extension 'colcon_pkg'
[0.228s] Level 1:colcon.colcon_core.package_identification:_identify(src/DynamixelSDK/labview/protocol2.0) by extensions ['colcon_meta']
[0.228s] Level 1:colcon.colcon_core.package_identification:_identify(src/DynamixelSDK/labview/protocol2.0) by extension 'colcon_meta'
[0.228s] Level 1:colcon.colcon_core.package_identification:_identify(src/DynamixelSDK/labview/protocol2.0) by extensions ['ros']
[0.228s] Level 1:colcon.colcon_core.package_identification:_identify(src/DynamixelSDK/labview/protocol2.0) by extension 'ros'
[0.228s] Level 1:colcon.colcon_core.package_identification:_identify(src/DynamixelSDK/labview/protocol2.0) by extensions ['cmake', 'python']
[0.228s] Level 1:colcon.colcon_core.package_identification:_identify(src/DynamixelSDK/labview/protocol2.0) by extension 'cmake'
[0.228s] Level 1:colcon.colcon_core.package_identification:_identify(src/DynamixelSDK/labview/protocol2.0) by extension 'python'
[0.228s] Level 1:colcon.colcon_core.package_identification:_identify(src/DynamixelSDK/labview/protocol2.0) by extensions ['python_setup_py']
[0.228s] Level 1:colcon.colcon_core.package_identification:_identify(src/DynamixelSDK/labview/protocol2.0) by extension 'python_setup_py'
[0.228s] Level 1:colcon.colcon_core.package_identification:_identify(src/DynamixelSDK/labview/protocol_combined) by extensions ['ignore', 'ignore_ament_install']
[0.228s] Level 1:colcon.colcon_core.package_identification:_identify(src/DynamixelSDK/labview/protocol_combined) by extension 'ignore'
[0.228s] Level 1:colcon.colcon_core.package_identification:_identify(src/DynamixelSDK/labview/protocol_combined) by extension 'ignore_ament_install'
[0.228s] Level 1:colcon.colcon_core.package_identification:_identify(src/DynamixelSDK/labview/protocol_combined) by extensions ['colcon_pkg']
[0.228s] Level 1:colcon.colcon_core.package_identification:_identify(src/DynamixelSDK/labview/protocol_combined) by extension 'colcon_pkg'
[0.229s] Level 1:colcon.colcon_core.package_identification:_identify(src/DynamixelSDK/labview/protocol_combined) by extensions ['colcon_meta']
[0.229s] Level 1:colcon.colcon_core.package_identification:_identify(src/DynamixelSDK/labview/protocol_combined) by extension 'colcon_meta'
[0.229s] Level 1:colcon.colcon_core.package_identification:_identify(src/DynamixelSDK/labview/protocol_combined) by extensions ['ros']
[0.229s] Level 1:colcon.colcon_core.package_identification:_identify(src/DynamixelSDK/labview/protocol_combined) by extension 'ros'
[0.229s] Level 1:colcon.colcon_core.package_identification:_identify(src/DynamixelSDK/labview/protocol_combined) by extensions ['cmake', 'python']
[0.229s] Level 1:colcon.colcon_core.package_identification:_identify(src/DynamixelSDK/labview/protocol_combined) by extension 'cmake'
[0.229s] Level 1:colcon.colcon_core.package_identification:_identify(src/DynamixelSDK/labview/protocol_combined) by extension 'python'
[0.229s] Level 1:colcon.colcon_core.package_identification:_identify(src/DynamixelSDK/labview/protocol_combined) by extensions ['python_setup_py']
[0.229s] Level 1:colcon.colcon_core.package_identification:_identify(src/DynamixelSDK/labview/protocol_combined) by extension 'python_setup_py'
[0.229s] Level 1:colcon.colcon_core.package_identification:_identify(src/DynamixelSDK/matlab) by extensions ['ignore', 'ignore_ament_install']
[0.229s] Level 1:colcon.colcon_core.package_identification:_identify(src/DynamixelSDK/matlab) by extension 'ignore'
[0.229s] Level 1:colcon.colcon_core.package_identification:_identify(src/DynamixelSDK/matlab) by extension 'ignore_ament_install'
[0.229s] Level 1:colcon.colcon_core.package_identification:_identify(src/DynamixelSDK/matlab) by extensions ['colcon_pkg']
[0.229s] Level 1:colcon.colcon_core.package_identification:_identify(src/DynamixelSDK/matlab) by extension 'colcon_pkg'
[0.229s] Level 1:colcon.colcon_core.package_identification:_identify(src/DynamixelSDK/matlab) by extensions ['colcon_meta']
[0.229s] Level 1:colcon.colcon_core.package_identification:_identify(src/DynamixelSDK/matlab) by extension 'colcon_meta'
[0.229s] Level 1:colcon.colcon_core.package_identification:_identify(src/DynamixelSDK/matlab) by extensions ['ros']
[0.229s] Level 1:colcon.colcon_core.package_identification:_identify(src/DynamixelSDK/matlab) by extension 'ros'
[0.229s] Level 1:colcon.colcon_core.package_identification:_identify(src/DynamixelSDK/matlab) by extensions ['cmake', 'python']
[0.229s] Level 1:colcon.colcon_core.package_identification:_identify(src/DynamixelSDK/matlab) by extension 'cmake'
[0.229s] Level 1:colcon.colcon_core.package_identification:_identify(src/DynamixelSDK/matlab) by extension 'python'
[0.229s] Level 1:colcon.colcon_core.package_identification:_identify(src/DynamixelSDK/matlab) by extensions ['python_setup_py']
[0.229s] Level 1:colcon.colcon_core.package_identification:_identify(src/DynamixelSDK/matlab) by extension 'python_setup_py'
[0.229s] Level 1:colcon.colcon_core.package_identification:_identify(src/DynamixelSDK/matlab/m_basic_function) by extensions ['ignore', 'ignore_ament_install']
[0.229s] Level 1:colcon.colcon_core.package_identification:_identify(src/DynamixelSDK/matlab/m_basic_function) by extension 'ignore'
[0.229s] Level 1:colcon.colcon_core.package_identification:_identify(src/DynamixelSDK/matlab/m_basic_function) by extension 'ignore_ament_install'
[0.229s] Level 1:colcon.colcon_core.package_identification:_identify(src/DynamixelSDK/matlab/m_basic_function) by extensions ['colcon_pkg']
[0.229s] Level 1:colcon.colcon_core.package_identification:_identify(src/DynamixelSDK/matlab/m_basic_function) by extension 'colcon_pkg'
[0.229s] Level 1:colcon.colcon_core.package_identification:_identify(src/DynamixelSDK/matlab/m_basic_function) by extensions ['colcon_meta']
[0.229s] Level 1:colcon.colcon_core.package_identification:_identify(src/DynamixelSDK/matlab/m_basic_function) by extension 'colcon_meta'
[0.229s] Level 1:colcon.colcon_core.package_identification:_identify(src/DynamixelSDK/matlab/m_basic_function) by extensions ['ros']
[0.229s] Level 1:colcon.colcon_core.package_identification:_identify(src/DynamixelSDK/matlab/m_basic_function) by extension 'ros'
[0.229s] Level 1:colcon.colcon_core.package_identification:_identify(src/DynamixelSDK/matlab/m_basic_function) by extensions ['cmake', 'python']
[0.229s] Level 1:colcon.colcon_core.package_identification:_identify(src/DynamixelSDK/matlab/m_basic_function) by extension 'cmake'
[0.229s] Level 1:colcon.colcon_core.package_identification:_identify(src/DynamixelSDK/matlab/m_basic_function) by extension 'python'
[0.230s] Level 1:colcon.colcon_core.package_identification:_identify(src/DynamixelSDK/matlab/m_basic_function) by extensions ['python_setup_py']
[0.230s] Level 1:colcon.colcon_core.package_identification:_identify(src/DynamixelSDK/matlab/m_basic_function) by extension 'python_setup_py'
[0.230s] Level 1:colcon.colcon_core.package_identification:_identify(src/DynamixelSDK/matlab/m_basic_function/group_bulk_read) by extensions ['ignore', 'ignore_ament_install']
[0.230s] Level 1:colcon.colcon_core.package_identification:_identify(src/DynamixelSDK/matlab/m_basic_function/group_bulk_read) by extension 'ignore'
[0.230s] Level 1:colcon.colcon_core.package_identification:_identify(src/DynamixelSDK/matlab/m_basic_function/group_bulk_read) by extension 'ignore_ament_install'
[0.230s] Level 1:colcon.colcon_core.package_identification:_identify(src/DynamixelSDK/matlab/m_basic_function/group_bulk_read) by extensions ['colcon_pkg']
[0.230s] Level 1:colcon.colcon_core.package_identification:_identify(src/DynamixelSDK/matlab/m_basic_function/group_bulk_read) by extension 'colcon_pkg'
[0.230s] Level 1:colcon.colcon_core.package_identification:_identify(src/DynamixelSDK/matlab/m_basic_function/group_bulk_read) by extensions ['colcon_meta']
[0.230s] Level 1:colcon.colcon_core.package_identification:_identify(src/DynamixelSDK/matlab/m_basic_function/group_bulk_read) by extension 'colcon_meta'
[0.230s] Level 1:colcon.colcon_core.package_identification:_identify(src/DynamixelSDK/matlab/m_basic_function/group_bulk_read) by extensions ['ros']
[0.230s] Level 1:colcon.colcon_core.package_identification:_identify(src/DynamixelSDK/matlab/m_basic_function/group_bulk_read) by extension 'ros'
[0.230s] Level 1:colcon.colcon_core.package_identification:_identify(src/DynamixelSDK/matlab/m_basic_function/group_bulk_read) by extensions ['cmake', 'python']
[0.230s] Level 1:colcon.colcon_core.package_identification:_identify(src/DynamixelSDK/matlab/m_basic_function/group_bulk_read) by extension 'cmake'
[0.230s] Level 1:colcon.colcon_core.package_identification:_identify(src/DynamixelSDK/matlab/m_basic_function/group_bulk_read) by extension 'python'
[0.230s] Level 1:colcon.colcon_core.package_identification:_identify(src/DynamixelSDK/matlab/m_basic_function/group_bulk_read) by extensions ['python_setup_py']
[0.230s] Level 1:colcon.colcon_core.package_identification:_identify(src/DynamixelSDK/matlab/m_basic_function/group_bulk_read) by extension 'python_setup_py'
[0.230s] Level 1:colcon.colcon_core.package_identification:_identify(src/DynamixelSDK/matlab/m_basic_function/group_bulk_write) by extensions ['ignore', 'ignore_ament_install']
[0.230s] Level 1:colcon.colcon_core.package_identification:_identify(src/DynamixelSDK/matlab/m_basic_function/group_bulk_write) by extension 'ignore'
[0.230s] Level 1:colcon.colcon_core.package_identification:_identify(src/DynamixelSDK/matlab/m_basic_function/group_bulk_write) by extension 'ignore_ament_install'
[0.230s] Level 1:colcon.colcon_core.package_identification:_identify(src/DynamixelSDK/matlab/m_basic_function/group_bulk_write) by extensions ['colcon_pkg']
[0.230s] Level 1:colcon.colcon_core.package_identification:_identify(src/DynamixelSDK/matlab/m_basic_function/group_bulk_write) by extension 'colcon_pkg'
[0.230s] Level 1:colcon.colcon_core.package_identification:_identify(src/DynamixelSDK/matlab/m_basic_function/group_bulk_write) by extensions ['colcon_meta']
[0.230s] Level 1:colcon.colcon_core.package_identification:_identify(src/DynamixelSDK/matlab/m_basic_function/group_bulk_write) by extension 'colcon_meta'
[0.230s] Level 1:colcon.colcon_core.package_identification:_identify(src/DynamixelSDK/matlab/m_basic_function/group_bulk_write) by extensions ['ros']
[0.230s] Level 1:colcon.colcon_core.package_identification:_identify(src/DynamixelSDK/matlab/m_basic_function/group_bulk_write) by extension 'ros'
[0.230s] Level 1:colcon.colcon_core.package_identification:_identify(src/DynamixelSDK/matlab/m_basic_function/group_bulk_write) by extensions ['cmake', 'python']
[0.230s] Level 1:colcon.colcon_core.package_identification:_identify(src/DynamixelSDK/matlab/m_basic_function/group_bulk_write) by extension 'cmake'
[0.230s] Level 1:colcon.colcon_core.package_identification:_identify(src/DynamixelSDK/matlab/m_basic_function/group_bulk_write) by extension 'python'
[0.230s] Level 1:colcon.colcon_core.package_identification:_identify(src/DynamixelSDK/matlab/m_basic_function/group_bulk_write) by extensions ['python_setup_py']
[0.230s] Level 1:colcon.colcon_core.package_identification:_identify(src/DynamixelSDK/matlab/m_basic_function/group_bulk_write) by extension 'python_setup_py'
[0.230s] Level 1:colcon.colcon_core.package_identification:_identify(src/DynamixelSDK/matlab/m_basic_function/group_sync_read) by extensions ['ignore', 'ignore_ament_install']
[0.230s] Level 1:colcon.colcon_core.package_identification:_identify(src/DynamixelSDK/matlab/m_basic_function/group_sync_read) by extension 'ignore'
[0.230s] Level 1:colcon.colcon_core.package_identification:_identify(src/DynamixelSDK/matlab/m_basic_function/group_sync_read) by extension 'ignore_ament_install'
[0.230s] Level 1:colcon.colcon_core.package_identification:_identify(src/DynamixelSDK/matlab/m_basic_function/group_sync_read) by extensions ['colcon_pkg']
[0.230s] Level 1:colcon.colcon_core.package_identification:_identify(src/DynamixelSDK/matlab/m_basic_function/group_sync_read) by extension 'colcon_pkg'
[0.230s] Level 1:colcon.colcon_core.package_identification:_identify(src/DynamixelSDK/matlab/m_basic_function/group_sync_read) by extensions ['colcon_meta']
[0.230s] Level 1:colcon.colcon_core.package_identification:_identify(src/DynamixelSDK/matlab/m_basic_function/group_sync_read) by extension 'colcon_meta'
[0.230s] Level 1:colcon.colcon_core.package_identification:_identify(src/DynamixelSDK/matlab/m_basic_function/group_sync_read) by extensions ['ros']
[0.230s] Level 1:colcon.colcon_core.package_identification:_identify(src/DynamixelSDK/matlab/m_basic_function/group_sync_read) by extension 'ros'
[0.230s] Level 1:colcon.colcon_core.package_identification:_identify(src/DynamixelSDK/matlab/m_basic_function/group_sync_read) by extensions ['cmake', 'python']
[0.230s] Level 1:colcon.colcon_core.package_identification:_identify(src/DynamixelSDK/matlab/m_basic_function/group_sync_read) by extension 'cmake'
[0.230s] Level 1:colcon.colcon_core.package_identification:_identify(src/DynamixelSDK/matlab/m_basic_function/group_sync_read) by extension 'python'
[0.230s] Level 1:colcon.colcon_core.package_identification:_identify(src/DynamixelSDK/matlab/m_basic_function/group_sync_read) by extensions ['python_setup_py']
[0.230s] Level 1:colcon.colcon_core.package_identification:_identify(src/DynamixelSDK/matlab/m_basic_function/group_sync_read) by extension 'python_setup_py'
[0.231s] Level 1:colcon.colcon_core.package_identification:_identify(src/DynamixelSDK/matlab/m_basic_function/group_sync_write) by extensions ['ignore', 'ignore_ament_install']
[0.231s] Level 1:colcon.colcon_core.package_identification:_identify(src/DynamixelSDK/matlab/m_basic_function/group_sync_write) by extension 'ignore'
[0.231s] Level 1:colcon.colcon_core.package_identification:_identify(src/DynamixelSDK/matlab/m_basic_function/group_sync_write) by extension 'ignore_ament_install'
[0.231s] Level 1:colcon.colcon_core.package_identification:_identify(src/DynamixelSDK/matlab/m_basic_function/group_sync_write) by extensions ['colcon_pkg']
[0.231s] Level 1:colcon.colcon_core.package_identification:_identify(src/DynamixelSDK/matlab/m_basic_function/group_sync_write) by extension 'colcon_pkg'
[0.231s] Level 1:colcon.colcon_core.package_identification:_identify(src/DynamixelSDK/matlab/m_basic_function/group_sync_write) by extensions ['colcon_meta']
[0.231s] Level 1:colcon.colcon_core.package_identification:_identify(src/DynamixelSDK/matlab/m_basic_function/group_sync_write) by extension 'colcon_meta'
[0.231s] Level 1:colcon.colcon_core.package_identification:_identify(src/DynamixelSDK/matlab/m_basic_function/group_sync_write) by extensions ['ros']
[0.231s] Level 1:colcon.colcon_core.package_identification:_identify(src/DynamixelSDK/matlab/m_basic_function/group_sync_write) by extension 'ros'
[0.231s] Level 1:colcon.colcon_core.package_identification:_identify(src/DynamixelSDK/matlab/m_basic_function/group_sync_write) by extensions ['cmake', 'python']
[0.231s] Level 1:colcon.colcon_core.package_identification:_identify(src/DynamixelSDK/matlab/m_basic_function/group_sync_write) by extension 'cmake'
[0.231s] Level 1:colcon.colcon_core.package_identification:_identify(src/DynamixelSDK/matlab/m_basic_function/group_sync_write) by extension 'python'
[0.231s] Level 1:colcon.colcon_core.package_identification:_identify(src/DynamixelSDK/matlab/m_basic_function/group_sync_write) by extensions ['python_setup_py']
[0.231s] Level 1:colcon.colcon_core.package_identification:_identify(src/DynamixelSDK/matlab/m_basic_function/group_sync_write) by extension 'python_setup_py'
[0.231s] Level 1:colcon.colcon_core.package_identification:_identify(src/DynamixelSDK/matlab/m_basic_function/packet_handler) by extensions ['ignore', 'ignore_ament_install']
[0.231s] Level 1:colcon.colcon_core.package_identification:_identify(src/DynamixelSDK/matlab/m_basic_function/packet_handler) by extension 'ignore'
[0.231s] Level 1:colcon.colcon_core.package_identification:_identify(src/DynamixelSDK/matlab/m_basic_function/packet_handler) by extension 'ignore_ament_install'
[0.231s] Level 1:colcon.colcon_core.package_identification:_identify(src/DynamixelSDK/matlab/m_basic_function/packet_handler) by extensions ['colcon_pkg']
[0.231s] Level 1:colcon.colcon_core.package_identification:_identify(src/DynamixelSDK/matlab/m_basic_function/packet_handler) by extension 'colcon_pkg'
[0.231s] Level 1:colcon.colcon_core.package_identification:_identify(src/DynamixelSDK/matlab/m_basic_function/packet_handler) by extensions ['colcon_meta']
[0.231s] Level 1:colcon.colcon_core.package_identification:_identify(src/DynamixelSDK/matlab/m_basic_function/packet_handler) by extension 'colcon_meta'
[0.231s] Level 1:colcon.colcon_core.package_identification:_identify(src/DynamixelSDK/matlab/m_basic_function/packet_handler) by extensions ['ros']
[0.231s] Level 1:colcon.colcon_core.package_identification:_identify(src/DynamixelSDK/matlab/m_basic_function/packet_handler) by extension 'ros'
[0.231s] Level 1:colcon.colcon_core.package_identification:_identify(src/DynamixelSDK/matlab/m_basic_function/packet_handler) by extensions ['cmake', 'python']
[0.231s] Level 1:colcon.colcon_core.package_identification:_identify(src/DynamixelSDK/matlab/m_basic_function/packet_handler) by extension 'cmake'
[0.231s] Level 1:colcon.colcon_core.package_identification:_identify(src/DynamixelSDK/matlab/m_basic_function/packet_handler) by extension 'python'
[0.231s] Level 1:colcon.colcon_core.package_identification:_identify(src/DynamixelSDK/matlab/m_basic_function/packet_handler) by extensions ['python_setup_py']
[0.231s] Level 1:colcon.colcon_core.package_identification:_identify(src/DynamixelSDK/matlab/m_basic_function/packet_handler) by extension 'python_setup_py'
[0.231s] Level 1:colcon.colcon_core.package_identification:_identify(src/DynamixelSDK/matlab/m_basic_function/port_handler) by extensions ['ignore', 'ignore_ament_install']
[0.231s] Level 1:colcon.colcon_core.package_identification:_identify(src/DynamixelSDK/matlab/m_basic_function/port_handler) by extension 'ignore'
[0.231s] Level 1:colcon.colcon_core.package_identification:_identify(src/DynamixelSDK/matlab/m_basic_function/port_handler) by extension 'ignore_ament_install'
[0.231s] Level 1:colcon.colcon_core.package_identification:_identify(src/DynamixelSDK/matlab/m_basic_function/port_handler) by extensions ['colcon_pkg']
[0.231s] Level 1:colcon.colcon_core.package_identification:_identify(src/DynamixelSDK/matlab/m_basic_function/port_handler) by extension 'colcon_pkg'
[0.231s] Level 1:colcon.colcon_core.package_identification:_identify(src/DynamixelSDK/matlab/m_basic_function/port_handler) by extensions ['colcon_meta']
[0.231s] Level 1:colcon.colcon_core.package_identification:_identify(src/DynamixelSDK/matlab/m_basic_function/port_handler) by extension 'colcon_meta'
[0.231s] Level 1:colcon.colcon_core.package_identification:_identify(src/DynamixelSDK/matlab/m_basic_function/port_handler) by extensions ['ros']
[0.231s] Level 1:colcon.colcon_core.package_identification:_identify(src/DynamixelSDK/matlab/m_basic_function/port_handler) by extension 'ros'
[0.231s] Level 1:colcon.colcon_core.package_identification:_identify(src/DynamixelSDK/matlab/m_basic_function/port_handler) by extensions ['cmake', 'python']
[0.231s] Level 1:colcon.colcon_core.package_identification:_identify(src/DynamixelSDK/matlab/m_basic_function/port_handler) by extension 'cmake'
[0.231s] Level 1:colcon.colcon_core.package_identification:_identify(src/DynamixelSDK/matlab/m_basic_function/port_handler) by extension 'python'
[0.231s] Level 1:colcon.colcon_core.package_identification:_identify(src/DynamixelSDK/matlab/m_basic_function/port_handler) by extensions ['python_setup_py']
[0.231s] Level 1:colcon.colcon_core.package_identification:_identify(src/DynamixelSDK/matlab/m_basic_function/port_handler) by extension 'python_setup_py'
[0.231s] Level 1:colcon.colcon_core.package_identification:_identify(src/DynamixelSDK/matlab/protocol1.0) by extensions ['ignore', 'ignore_ament_install']
[0.232s] Level 1:colcon.colcon_core.package_identification:_identify(src/DynamixelSDK/matlab/protocol1.0) by extension 'ignore'
[0.232s] Level 1:colcon.colcon_core.package_identification:_identify(src/DynamixelSDK/matlab/protocol1.0) by extension 'ignore_ament_install'
[0.232s] Level 1:colcon.colcon_core.package_identification:_identify(src/DynamixelSDK/matlab/protocol1.0) by extensions ['colcon_pkg']
[0.232s] Level 1:colcon.colcon_core.package_identification:_identify(src/DynamixelSDK/matlab/protocol1.0) by extension 'colcon_pkg'
[0.232s] Level 1:colcon.colcon_core.package_identification:_identify(src/DynamixelSDK/matlab/protocol1.0) by extensions ['colcon_meta']
[0.232s] Level 1:colcon.colcon_core.package_identification:_identify(src/DynamixelSDK/matlab/protocol1.0) by extension 'colcon_meta'
[0.232s] Level 1:colcon.colcon_core.package_identification:_identify(src/DynamixelSDK/matlab/protocol1.0) by extensions ['ros']
[0.232s] Level 1:colcon.colcon_core.package_identification:_identify(src/DynamixelSDK/matlab/protocol1.0) by extension 'ros'
[0.232s] Level 1:colcon.colcon_core.package_identification:_identify(src/DynamixelSDK/matlab/protocol1.0) by extensions ['cmake', 'python']
[0.232s] Level 1:colcon.colcon_core.package_identification:_identify(src/DynamixelSDK/matlab/protocol1.0) by extension 'cmake'
[0.232s] Level 1:colcon.colcon_core.package_identification:_identify(src/DynamixelSDK/matlab/protocol1.0) by extension 'python'
[0.232s] Level 1:colcon.colcon_core.package_identification:_identify(src/DynamixelSDK/matlab/protocol1.0) by extensions ['python_setup_py']
[0.232s] Level 1:colcon.colcon_core.package_identification:_identify(src/DynamixelSDK/matlab/protocol1.0) by extension 'python_setup_py'
[0.232s] Level 1:colcon.colcon_core.package_identification:_identify(src/DynamixelSDK/matlab/protocol2.0) by extensions ['ignore', 'ignore_ament_install']
[0.232s] Level 1:colcon.colcon_core.package_identification:_identify(src/DynamixelSDK/matlab/protocol2.0) by extension 'ignore'
[0.232s] Level 1:colcon.colcon_core.package_identification:_identify(src/DynamixelSDK/matlab/protocol2.0) by extension 'ignore_ament_install'
[0.232s] Level 1:colcon.colcon_core.package_identification:_identify(src/DynamixelSDK/matlab/protocol2.0) by extensions ['colcon_pkg']
[0.232s] Level 1:colcon.colcon_core.package_identification:_identify(src/DynamixelSDK/matlab/protocol2.0) by extension 'colcon_pkg'
[0.232s] Level 1:colcon.colcon_core.package_identification:_identify(src/DynamixelSDK/matlab/protocol2.0) by extensions ['colcon_meta']
[0.232s] Level 1:colcon.colcon_core.package_identification:_identify(src/DynamixelSDK/matlab/protocol2.0) by extension 'colcon_meta'
[0.232s] Level 1:colcon.colcon_core.package_identification:_identify(src/DynamixelSDK/matlab/protocol2.0) by extensions ['ros']
[0.232s] Level 1:colcon.colcon_core.package_identification:_identify(src/DynamixelSDK/matlab/protocol2.0) by extension 'ros'
[0.232s] Level 1:colcon.colcon_core.package_identification:_identify(src/DynamixelSDK/matlab/protocol2.0) by extensions ['cmake', 'python']
[0.232s] Level 1:colcon.colcon_core.package_identification:_identify(src/DynamixelSDK/matlab/protocol2.0) by extension 'cmake'
[0.232s] Level 1:colcon.colcon_core.package_identification:_identify(src/DynamixelSDK/matlab/protocol2.0) by extension 'python'
[0.232s] Level 1:colcon.colcon_core.package_identification:_identify(src/DynamixelSDK/matlab/protocol2.0) by extensions ['python_setup_py']
[0.232s] Level 1:colcon.colcon_core.package_identification:_identify(src/DynamixelSDK/matlab/protocol2.0) by extension 'python_setup_py'
[0.232s] Level 1:colcon.colcon_core.package_identification:_identify(src/DynamixelSDK/matlab/protocol_combined) by extensions ['ignore', 'ignore_ament_install']
[0.232s] Level 1:colcon.colcon_core.package_identification:_identify(src/DynamixelSDK/matlab/protocol_combined) by extension 'ignore'
[0.232s] Level 1:colcon.colcon_core.package_identification:_identify(src/DynamixelSDK/matlab/protocol_combined) by extension 'ignore_ament_install'
[0.232s] Level 1:colcon.colcon_core.package_identification:_identify(src/DynamixelSDK/matlab/protocol_combined) by extensions ['colcon_pkg']
[0.232s] Level 1:colcon.colcon_core.package_identification:_identify(src/DynamixelSDK/matlab/protocol_combined) by extension 'colcon_pkg'
[0.232s] Level 1:colcon.colcon_core.package_identification:_identify(src/DynamixelSDK/matlab/protocol_combined) by extensions ['colcon_meta']
[0.232s] Level 1:colcon.colcon_core.package_identification:_identify(src/DynamixelSDK/matlab/protocol_combined) by extension 'colcon_meta'
[0.232s] Level 1:colcon.colcon_core.package_identification:_identify(src/DynamixelSDK/matlab/protocol_combined) by extensions ['ros']
[0.232s] Level 1:colcon.colcon_core.package_identification:_identify(src/DynamixelSDK/matlab/protocol_combined) by extension 'ros'
[0.232s] Level 1:colcon.colcon_core.package_identification:_identify(src/DynamixelSDK/matlab/protocol_combined) by extensions ['cmake', 'python']
[0.232s] Level 1:colcon.colcon_core.package_identification:_identify(src/DynamixelSDK/matlab/protocol_combined) by extension 'cmake'
[0.232s] Level 1:colcon.colcon_core.package_identification:_identify(src/DynamixelSDK/matlab/protocol_combined) by extension 'python'
[0.232s] Level 1:colcon.colcon_core.package_identification:_identify(src/DynamixelSDK/matlab/protocol_combined) by extensions ['python_setup_py']
[0.232s] Level 1:colcon.colcon_core.package_identification:_identify(src/DynamixelSDK/matlab/protocol_combined) by extension 'python_setup_py'
[0.232s] Level 1:colcon.colcon_core.package_identification:_identify(src/DynamixelSDK/python) by extensions ['ignore', 'ignore_ament_install']
[0.232s] Level 1:colcon.colcon_core.package_identification:_identify(src/DynamixelSDK/python) by extension 'ignore'
[0.233s] Level 1:colcon.colcon_core.package_identification:_identify(src/DynamixelSDK/python) by extension 'ignore_ament_install'
[0.233s] Level 1:colcon.colcon_core.package_identification:_identify(src/DynamixelSDK/python) by extensions ['colcon_pkg']
[0.233s] Level 1:colcon.colcon_core.package_identification:_identify(src/DynamixelSDK/python) by extension 'colcon_pkg'
[0.233s] Level 1:colcon.colcon_core.package_identification:_identify(src/DynamixelSDK/python) by extensions ['colcon_meta']
[0.233s] Level 1:colcon.colcon_core.package_identification:_identify(src/DynamixelSDK/python) by extension 'colcon_meta'
[0.233s] Level 1:colcon.colcon_core.package_identification:_identify(src/DynamixelSDK/python) by extensions ['ros']
[0.233s] Level 1:colcon.colcon_core.package_identification:_identify(src/DynamixelSDK/python) by extension 'ros'
[0.233s] Level 1:colcon.colcon_core.package_identification:_identify(src/DynamixelSDK/python) ignored
[0.233s] Level 1:colcon.colcon_core.package_identification:_identify(src/DynamixelSDK/ros) by extensions ['ignore', 'ignore_ament_install']
[0.233s] Level 1:colcon.colcon_core.package_identification:_identify(src/DynamixelSDK/ros) by extension 'ignore'
[0.233s] Level 1:colcon.colcon_core.package_identification:_identify(src/DynamixelSDK/ros) by extension 'ignore_ament_install'
[0.233s] Level 1:colcon.colcon_core.package_identification:_identify(src/DynamixelSDK/ros) by extensions ['colcon_pkg']
[0.233s] Level 1:colcon.colcon_core.package_identification:_identify(src/DynamixelSDK/ros) by extension 'colcon_pkg'
[0.233s] Level 1:colcon.colcon_core.package_identification:_identify(src/DynamixelSDK/ros) by extensions ['colcon_meta']
[0.233s] Level 1:colcon.colcon_core.package_identification:_identify(src/DynamixelSDK/ros) by extension 'colcon_meta'
[0.233s] Level 1:colcon.colcon_core.package_identification:_identify(src/DynamixelSDK/ros) by extensions ['ros']
[0.233s] Level 1:colcon.colcon_core.package_identification:_identify(src/DynamixelSDK/ros) by extension 'ros'
[0.233s] Level 1:colcon.colcon_core.package_identification:_identify(src/DynamixelSDK/ros) by extensions ['cmake', 'python']
[0.233s] Level 1:colcon.colcon_core.package_identification:_identify(src/DynamixelSDK/ros) by extension 'cmake'
[0.233s] Level 1:colcon.colcon_core.package_identification:_identify(src/DynamixelSDK/ros) by extension 'python'
[0.233s] Level 1:colcon.colcon_core.package_identification:_identify(src/DynamixelSDK/ros) by extensions ['python_setup_py']
[0.233s] Level 1:colcon.colcon_core.package_identification:_identify(src/DynamixelSDK/ros) by extension 'python_setup_py'
[0.233s] Level 1:colcon.colcon_core.package_identification:_identify(src/DynamixelSDK/ros/dynamixel_sdk) by extensions ['ignore', 'ignore_ament_install']
[0.233s] Level 1:colcon.colcon_core.package_identification:_identify(src/DynamixelSDK/ros/dynamixel_sdk) by extension 'ignore'
[0.233s] Level 1:colcon.colcon_core.package_identification:_identify(src/DynamixelSDK/ros/dynamixel_sdk) by extension 'ignore_ament_install'
[0.233s] Level 1:colcon.colcon_core.package_identification:_identify(src/DynamixelSDK/ros/dynamixel_sdk) by extensions ['colcon_pkg']
[0.233s] Level 1:colcon.colcon_core.package_identification:_identify(src/DynamixelSDK/ros/dynamixel_sdk) by extension 'colcon_pkg'
[0.233s] Level 1:colcon.colcon_core.package_identification:_identify(src/DynamixelSDK/ros/dynamixel_sdk) by extensions ['colcon_meta']
[0.233s] Level 1:colcon.colcon_core.package_identification:_identify(src/DynamixelSDK/ros/dynamixel_sdk) by extension 'colcon_meta'
[0.233s] Level 1:colcon.colcon_core.package_identification:_identify(src/DynamixelSDK/ros/dynamixel_sdk) by extensions ['ros']
[0.233s] Level 1:colcon.colcon_core.package_identification:_identify(src/DynamixelSDK/ros/dynamixel_sdk) by extension 'ros'
[0.235s] DEBUG:colcon.colcon_core.package_identification:Package 'src/DynamixelSDK/ros/dynamixel_sdk' with type 'ros.ament_cmake' and name 'dynamixel_sdk'
[0.235s] Level 1:colcon.colcon_core.package_identification:_identify(src/DynamixelSDK/ros/dynamixel_sdk_custom_interfaces) by extensions ['ignore', 'ignore_ament_install']
[0.235s] Level 1:colcon.colcon_core.package_identification:_identify(src/DynamixelSDK/ros/dynamixel_sdk_custom_interfaces) by extension 'ignore'
[0.235s] Level 1:colcon.colcon_core.package_identification:_identify(src/DynamixelSDK/ros/dynamixel_sdk_custom_interfaces) by extension 'ignore_ament_install'
[0.235s] Level 1:colcon.colcon_core.package_identification:_identify(src/DynamixelSDK/ros/dynamixel_sdk_custom_interfaces) by extensions ['colcon_pkg']
[0.235s] Level 1:colcon.colcon_core.package_identification:_identify(src/DynamixelSDK/ros/dynamixel_sdk_custom_interfaces) by extension 'colcon_pkg'
[0.235s] Level 1:colcon.colcon_core.package_identification:_identify(src/DynamixelSDK/ros/dynamixel_sdk_custom_interfaces) by extensions ['colcon_meta']
[0.235s] Level 1:colcon.colcon_core.package_identification:_identify(src/DynamixelSDK/ros/dynamixel_sdk_custom_interfaces) by extension 'colcon_meta'
[0.235s] Level 1:colcon.colcon_core.package_identification:_identify(src/DynamixelSDK/ros/dynamixel_sdk_custom_interfaces) by extensions ['ros']
[0.235s] Level 1:colcon.colcon_core.package_identification:_identify(src/DynamixelSDK/ros/dynamixel_sdk_custom_interfaces) by extension 'ros'
[0.236s] DEBUG:colcon.colcon_core.package_identification:Package 'src/DynamixelSDK/ros/dynamixel_sdk_custom_interfaces' with type 'ros.ament_cmake' and name 'dynamixel_sdk_custom_interfaces'
[0.236s] Level 1:colcon.colcon_core.package_identification:_identify(src/DynamixelSDK/ros/dynamixel_sdk_examples) by extensions ['ignore', 'ignore_ament_install']
[0.236s] Level 1:colcon.colcon_core.package_identification:_identify(src/DynamixelSDK/ros/dynamixel_sdk_examples) by extension 'ignore'
[0.236s] Level 1:colcon.colcon_core.package_identification:_identify(src/DynamixelSDK/ros/dynamixel_sdk_examples) by extension 'ignore_ament_install'
[0.236s] Level 1:colcon.colcon_core.package_identification:_identify(src/DynamixelSDK/ros/dynamixel_sdk_examples) by extensions ['colcon_pkg']
[0.236s] Level 1:colcon.colcon_core.package_identification:_identify(src/DynamixelSDK/ros/dynamixel_sdk_examples) by extension 'colcon_pkg'
[0.236s] Level 1:colcon.colcon_core.package_identification:_identify(src/DynamixelSDK/ros/dynamixel_sdk_examples) by extensions ['colcon_meta']
[0.236s] Level 1:colcon.colcon_core.package_identification:_identify(src/DynamixelSDK/ros/dynamixel_sdk_examples) by extension 'colcon_meta'
[0.236s] Level 1:colcon.colcon_core.package_identification:_identify(src/DynamixelSDK/ros/dynamixel_sdk_examples) by extensions ['ros']
[0.236s] Level 1:colcon.colcon_core.package_identification:_identify(src/DynamixelSDK/ros/dynamixel_sdk_examples) by extension 'ros'
[0.236s] DEBUG:colcon.colcon_core.package_identification:Package 'src/DynamixelSDK/ros/dynamixel_sdk_examples' with type 'ros.ament_cmake' and name 'dynamixel_sdk_examples'
[0.236s] Level 1:colcon.colcon_core.package_identification:_identify(src/dynamixel_hardware_interface) by extensions ['ignore', 'ignore_ament_install']
[0.236s] Level 1:colcon.colcon_core.package_identification:_identify(src/dynamixel_hardware_interface) by extension 'ignore'
[0.236s] Level 1:colcon.colcon_core.package_identification:_identify(src/dynamixel_hardware_interface) by extension 'ignore_ament_install'
[0.237s] Level 1:colcon.colcon_core.package_identification:_identify(src/dynamixel_hardware_interface) by extensions ['colcon_pkg']
[0.237s] Level 1:colcon.colcon_core.package_identification:_identify(src/dynamixel_hardware_interface) by extension 'colcon_pkg'
[0.237s] Level 1:colcon.colcon_core.package_identification:_identify(src/dynamixel_hardware_interface) by extensions ['colcon_meta']
[0.237s] Level 1:colcon.colcon_core.package_identification:_identify(src/dynamixel_hardware_interface) by extension 'colcon_meta'
[0.237s] Level 1:colcon.colcon_core.package_identification:_identify(src/dynamixel_hardware_interface) by extensions ['ros']
[0.237s] Level 1:colcon.colcon_core.package_identification:_identify(src/dynamixel_hardware_interface) by extension 'ros'
[0.237s] DEBUG:colcon.colcon_core.package_identification:Package 'src/dynamixel_hardware_interface' with type 'ros.ament_cmake' and name 'dynamixel_hardware_interface'
[0.237s] Level 1:colcon.colcon_core.package_identification:_identify(src/dynamixel_interfaces) by extensions ['ignore', 'ignore_ament_install']
[0.237s] Level 1:colcon.colcon_core.package_identification:_identify(src/dynamixel_interfaces) by extension 'ignore'
[0.237s] Level 1:colcon.colcon_core.package_identification:_identify(src/dynamixel_interfaces) by extension 'ignore_ament_install'
[0.237s] Level 1:colcon.colcon_core.package_identification:_identify(src/dynamixel_interfaces) by extensions ['colcon_pkg']
[0.237s] Level 1:colcon.colcon_core.package_identification:_identify(src/dynamixel_interfaces) by extension 'colcon_pkg'
[0.237s] Level 1:colcon.colcon_core.package_identification:_identify(src/dynamixel_interfaces) by extensions ['colcon_meta']
[0.237s] Level 1:colcon.colcon_core.package_identification:_identify(src/dynamixel_interfaces) by extension 'colcon_meta'
[0.237s] Level 1:colcon.colcon_core.package_identification:_identify(src/dynamixel_interfaces) by extensions ['ros']
[0.237s] Level 1:colcon.colcon_core.package_identification:_identify(src/dynamixel_interfaces) by extension 'ros'
[0.238s] DEBUG:colcon.colcon_core.package_identification:Package 'src/dynamixel_interfaces' with type 'ros.ament_cmake' and name 'dynamixel_interfaces'
[0.238s] Level 1:colcon.colcon_core.package_identification:_identify(src/open_manipulator) by extensions ['ignore', 'ignore_ament_install']
[0.238s] Level 1:colcon.colcon_core.package_identification:_identify(src/open_manipulator) by extension 'ignore'
[0.238s] Level 1:colcon.colcon_core.package_identification:_identify(src/open_manipulator) by extension 'ignore_ament_install'
[0.238s] Level 1:colcon.colcon_core.package_identification:_identify(src/open_manipulator) by extensions ['colcon_pkg']
[0.238s] Level 1:colcon.colcon_core.package_identification:_identify(src/open_manipulator) by extension 'colcon_pkg'
[0.238s] Level 1:colcon.colcon_core.package_identification:_identify(src/open_manipulator) by extensions ['colcon_meta']
[0.238s] Level 1:colcon.colcon_core.package_identification:_identify(src/open_manipulator) by extension 'colcon_meta'
[0.238s] Level 1:colcon.colcon_core.package_identification:_identify(src/open_manipulator) by extensions ['ros']
[0.238s] Level 1:colcon.colcon_core.package_identification:_identify(src/open_manipulator) by extension 'ros'
[0.238s] Level 1:colcon.colcon_core.package_identification:_identify(src/open_manipulator) by extensions ['cmake', 'python']
[0.238s] Level 1:colcon.colcon_core.package_identification:_identify(src/open_manipulator) by extension 'cmake'
[0.238s] Level 1:colcon.colcon_core.package_identification:_identify(src/open_manipulator) by extension 'python'
[0.238s] Level 1:colcon.colcon_core.package_identification:_identify(src/open_manipulator) by extensions ['python_setup_py']
[0.238s] Level 1:colcon.colcon_core.package_identification:_identify(src/open_manipulator) by extension 'python_setup_py'
[0.238s] Level 1:colcon.colcon_core.package_identification:_identify(src/open_manipulator/docker) by extensions ['ignore', 'ignore_ament_install']
[0.238s] Level 1:colcon.colcon_core.package_identification:_identify(src/open_manipulator/docker) by extension 'ignore'
[0.238s] Level 1:colcon.colcon_core.package_identification:_identify(src/open_manipulator/docker) ignored
[0.238s] Level 1:colcon.colcon_core.package_identification:_identify(src/open_manipulator/open_manipulator) by extensions ['ignore', 'ignore_ament_install']
[0.238s] Level 1:colcon.colcon_core.package_identification:_identify(src/open_manipulator/open_manipulator) by extension 'ignore'
[0.238s] Level 1:colcon.colcon_core.package_identification:_identify(src/open_manipulator/open_manipulator) by extension 'ignore_ament_install'
[0.238s] Level 1:colcon.colcon_core.package_identification:_identify(src/open_manipulator/open_manipulator) by extensions ['colcon_pkg']
[0.238s] Level 1:colcon.colcon_core.package_identification:_identify(src/open_manipulator/open_manipulator) by extension 'colcon_pkg'
[0.238s] Level 1:colcon.colcon_core.package_identification:_identify(src/open_manipulator/open_manipulator) by extensions ['colcon_meta']
[0.238s] Level 1:colcon.colcon_core.package_identification:_identify(src/open_manipulator/open_manipulator) by extension 'colcon_meta'
[0.238s] Level 1:colcon.colcon_core.package_identification:_identify(src/open_manipulator/open_manipulator) by extensions ['ros']
[0.238s] Level 1:colcon.colcon_core.package_identification:_identify(src/open_manipulator/open_manipulator) by extension 'ros'
[0.239s] DEBUG:colcon.colcon_core.package_identification:Package 'src/open_manipulator/open_manipulator' with type 'ros.ament_cmake' and name 'open_manipulator'
[0.239s] Level 1:colcon.colcon_core.package_identification:_identify(src/open_manipulator/open_manipulator_bringup) by extensions ['ignore', 'ignore_ament_install']
[0.239s] Level 1:colcon.colcon_core.package_identification:_identify(src/open_manipulator/open_manipulator_bringup) by extension 'ignore'
[0.239s] Level 1:colcon.colcon_core.package_identification:_identify(src/open_manipulator/open_manipulator_bringup) by extension 'ignore_ament_install'
[0.239s] Level 1:colcon.colcon_core.package_identification:_identify(src/open_manipulator/open_manipulator_bringup) by extensions ['colcon_pkg']
[0.239s] Level 1:colcon.colcon_core.package_identification:_identify(src/open_manipulator/open_manipulator_bringup) by extension 'colcon_pkg'
[0.239s] Level 1:colcon.colcon_core.package_identification:_identify(src/open_manipulator/open_manipulator_bringup) by extensions ['colcon_meta']
[0.239s] Level 1:colcon.colcon_core.package_identification:_identify(src/open_manipulator/open_manipulator_bringup) by extension 'colcon_meta'
[0.239s] Level 1:colcon.colcon_core.package_identification:_identify(src/open_manipulator/open_manipulator_bringup) by extensions ['ros']
[0.239s] Level 1:colcon.colcon_core.package_identification:_identify(src/open_manipulator/open_manipulator_bringup) by extension 'ros'
[0.239s] DEBUG:colcon.colcon_core.package_identification:Package 'src/open_manipulator/open_manipulator_bringup' with type 'ros.ament_python' and name 'open_manipulator_bringup'
[0.240s] Level 1:colcon.colcon_core.package_identification:_identify(src/open_manipulator/open_manipulator_collision) by extensions ['ignore', 'ignore_ament_install']
[0.240s] Level 1:colcon.colcon_core.package_identification:_identify(src/open_manipulator/open_manipulator_collision) by extension 'ignore'
[0.240s] Level 1:colcon.colcon_core.package_identification:_identify(src/open_manipulator/open_manipulator_collision) by extension 'ignore_ament_install'
[0.240s] Level 1:colcon.colcon_core.package_identification:_identify(src/open_manipulator/open_manipulator_collision) by extensions ['colcon_pkg']
[0.240s] Level 1:colcon.colcon_core.package_identification:_identify(src/open_manipulator/open_manipulator_collision) by extension 'colcon_pkg'
[0.240s] Level 1:colcon.colcon_core.package_identification:_identify(src/open_manipulator/open_manipulator_collision) by extensions ['colcon_meta']
[0.240s] Level 1:colcon.colcon_core.package_identification:_identify(src/open_manipulator/open_manipulator_collision) by extension 'colcon_meta'
[0.240s] Level 1:colcon.colcon_core.package_identification:_identify(src/open_manipulator/open_manipulator_collision) by extensions ['ros']
[0.240s] Level 1:colcon.colcon_core.package_identification:_identify(src/open_manipulator/open_manipulator_collision) by extension 'ros'
[0.240s] DEBUG:colcon.colcon_core.package_identification:Package 'src/open_manipulator/open_manipulator_collision' with type 'ros.ament_cmake' and name 'open_manipulator_collision'
[0.240s] Level 1:colcon.colcon_core.package_identification:_identify(src/open_manipulator/open_manipulator_description) by extensions ['ignore', 'ignore_ament_install']
[0.240s] Level 1:colcon.colcon_core.package_identification:_identify(src/open_manipulator/open_manipulator_description) by extension 'ignore'
[0.240s] Level 1:colcon.colcon_core.package_identification:_identify(src/open_manipulator/open_manipulator_description) by extension 'ignore_ament_install'
[0.240s] Level 1:colcon.colcon_core.package_identification:_identify(src/open_manipulator/open_manipulator_description) by extensions ['colcon_pkg']
[0.240s] Level 1:colcon.colcon_core.package_identification:_identify(src/open_manipulator/open_manipulator_description) by extension 'colcon_pkg'
[0.240s] Level 1:colcon.colcon_core.package_identification:_identify(src/open_manipulator/open_manipulator_description) by extensions ['colcon_meta']
[0.240s] Level 1:colcon.colcon_core.package_identification:_identify(src/open_manipulator/open_manipulator_description) by extension 'colcon_meta'
[0.240s] Level 1:colcon.colcon_core.package_identification:_identify(src/open_manipulator/open_manipulator_description) by extensions ['ros']
[0.240s] Level 1:colcon.colcon_core.package_identification:_identify(src/open_manipulator/open_manipulator_description) by extension 'ros'
[0.241s] DEBUG:colcon.colcon_core.package_identification:Package 'src/open_manipulator/open_manipulator_description' with type 'ros.ament_cmake' and name 'open_manipulator_description'
[0.241s] Level 1:colcon.colcon_core.package_identification:_identify(src/open_manipulator/open_manipulator_gui) by extensions ['ignore', 'ignore_ament_install']
[0.241s] Level 1:colcon.colcon_core.package_identification:_identify(src/open_manipulator/open_manipulator_gui) by extension 'ignore'
[0.241s] Level 1:colcon.colcon_core.package_identification:_identify(src/open_manipulator/open_manipulator_gui) by extension 'ignore_ament_install'
[0.241s] Level 1:colcon.colcon_core.package_identification:_identify(src/open_manipulator/open_manipulator_gui) by extensions ['colcon_pkg']
[0.241s] Level 1:colcon.colcon_core.package_identification:_identify(src/open_manipulator/open_manipulator_gui) by extension 'colcon_pkg'
[0.241s] Level 1:colcon.colcon_core.package_identification:_identify(src/open_manipulator/open_manipulator_gui) by extensions ['colcon_meta']
[0.241s] Level 1:colcon.colcon_core.package_identification:_identify(src/open_manipulator/open_manipulator_gui) by extension 'colcon_meta'
[0.241s] Level 1:colcon.colcon_core.package_identification:_identify(src/open_manipulator/open_manipulator_gui) by extensions ['ros']
[0.241s] Level 1:colcon.colcon_core.package_identification:_identify(src/open_manipulator/open_manipulator_gui) by extension 'ros'
[0.242s] DEBUG:colcon.colcon_core.package_identification:Package 'src/open_manipulator/open_manipulator_gui' with type 'ros.ament_cmake' and name 'open_manipulator_gui'
[0.242s] Level 1:colcon.colcon_core.package_identification:_identify(src/open_manipulator/open_manipulator_moveit_config) by extensions ['ignore', 'ignore_ament_install']
[0.242s] Level 1:colcon.colcon_core.package_identification:_identify(src/open_manipulator/open_manipulator_moveit_config) by extension 'ignore'
[0.242s] Level 1:colcon.colcon_core.package_identification:_identify(src/open_manipulator/open_manipulator_moveit_config) by extension 'ignore_ament_install'
[0.242s] Level 1:colcon.colcon_core.package_identification:_identify(src/open_manipulator/open_manipulator_moveit_config) by extensions ['colcon_pkg']
[0.242s] Level 1:colcon.colcon_core.package_identification:_identify(src/open_manipulator/open_manipulator_moveit_config) by extension 'colcon_pkg'
[0.242s] Level 1:colcon.colcon_core.package_identification:_identify(src/open_manipulator/open_manipulator_moveit_config) by extensions ['colcon_meta']
[0.242s] Level 1:colcon.colcon_core.package_identification:_identify(src/open_manipulator/open_manipulator_moveit_config) by extension 'colcon_meta'
[0.242s] Level 1:colcon.colcon_core.package_identification:_identify(src/open_manipulator/open_manipulator_moveit_config) by extensions ['ros']
[0.242s] Level 1:colcon.colcon_core.package_identification:_identify(src/open_manipulator/open_manipulator_moveit_config) by extension 'ros'
[0.243s] DEBUG:colcon.colcon_core.package_identification:Package 'src/open_manipulator/open_manipulator_moveit_config' with type 'ros.ament_cmake' and name 'open_manipulator_moveit_config'
[0.243s] Level 1:colcon.colcon_core.package_identification:_identify(src/open_manipulator/open_manipulator_playground) by extensions ['ignore', 'ignore_ament_install']
[0.243s] Level 1:colcon.colcon_core.package_identification:_identify(src/open_manipulator/open_manipulator_playground) by extension 'ignore'
[0.243s] Level 1:colcon.colcon_core.package_identification:_identify(src/open_manipulator/open_manipulator_playground) by extension 'ignore_ament_install'
[0.243s] Level 1:colcon.colcon_core.package_identification:_identify(src/open_manipulator/open_manipulator_playground) by extensions ['colcon_pkg']
[0.243s] Level 1:colcon.colcon_core.package_identification:_identify(src/open_manipulator/open_manipulator_playground) by extension 'colcon_pkg'
[0.243s] Level 1:colcon.colcon_core.package_identification:_identify(src/open_manipulator/open_manipulator_playground) by extensions ['colcon_meta']
[0.243s] Level 1:colcon.colcon_core.package_identification:_identify(src/open_manipulator/open_manipulator_playground) by extension 'colcon_meta'
[0.243s] Level 1:colcon.colcon_core.package_identification:_identify(src/open_manipulator/open_manipulator_playground) by extensions ['ros']
[0.243s] Level 1:colcon.colcon_core.package_identification:_identify(src/open_manipulator/open_manipulator_playground) by extension 'ros'
[0.243s] DEBUG:colcon.colcon_core.package_identification:Package 'src/open_manipulator/open_manipulator_playground' with type 'ros.ament_cmake' and name 'open_manipulator_playground'
[0.243s] Level 1:colcon.colcon_core.package_identification:_identify(src/open_manipulator/open_manipulator_teleop) by extensions ['ignore', 'ignore_ament_install']
[0.243s] Level 1:colcon.colcon_core.package_identification:_identify(src/open_manipulator/open_manipulator_teleop) by extension 'ignore'
[0.243s] Level 1:colcon.colcon_core.package_identification:_identify(src/open_manipulator/open_manipulator_teleop) by extension 'ignore_ament_install'
[0.243s] Level 1:colcon.colcon_core.package_identification:_identify(src/open_manipulator/open_manipulator_teleop) by extensions ['colcon_pkg']
[0.244s] Level 1:colcon.colcon_core.package_identification:_identify(src/open_manipulator/open_manipulator_teleop) by extension 'colcon_pkg'
[0.244s] Level 1:colcon.colcon_core.package_identification:_identify(src/open_manipulator/open_manipulator_teleop) by extensions ['colcon_meta']
[0.244s] Level 1:colcon.colcon_core.package_identification:_identify(src/open_manipulator/open_manipulator_teleop) by extension 'colcon_meta'
[0.244s] Level 1:colcon.colcon_core.package_identification:_identify(src/open_manipulator/open_manipulator_teleop) by extensions ['ros']
[0.244s] Level 1:colcon.colcon_core.package_identification:_identify(src/open_manipulator/open_manipulator_teleop) by extension 'ros'
[0.244s] DEBUG:colcon.colcon_core.package_identification:Package 'src/open_manipulator/open_manipulator_teleop' with type 'ros.ament_python' and name 'open_manipulator_teleop'
[0.244s] Level 1:colcon.colcon_core.package_identification:_identify(src/open_manipulator/ros2_controller) by extensions ['ignore', 'ignore_ament_install']
[0.244s] Level 1:colcon.colcon_core.package_identification:_identify(src/open_manipulator/ros2_controller) by extension 'ignore'
[0.244s] Level 1:colcon.colcon_core.package_identification:_identify(src/open_manipulator/ros2_controller) by extension 'ignore_ament_install'
[0.244s] Level 1:colcon.colcon_core.package_identification:_identify(src/open_manipulator/ros2_controller) by extensions ['colcon_pkg']
[0.244s] Level 1:colcon.colcon_core.package_identification:_identify(src/open_manipulator/ros2_controller) by extension 'colcon_pkg'
[0.244s] Level 1:colcon.colcon_core.package_identification:_identify(src/open_manipulator/ros2_controller) by extensions ['colcon_meta']
[0.244s] Level 1:colcon.colcon_core.package_identification:_identify(src/open_manipulator/ros2_controller) by extension 'colcon_meta'
[0.244s] Level 1:colcon.colcon_core.package_identification:_identify(src/open_manipulator/ros2_controller) by extensions ['ros']
[0.244s] Level 1:colcon.colcon_core.package_identification:_identify(src/open_manipulator/ros2_controller) by extension 'ros'
[0.244s] Level 1:colcon.colcon_core.package_identification:_identify(src/open_manipulator/ros2_controller) by extensions ['cmake', 'python']
[0.244s] Level 1:colcon.colcon_core.package_identification:_identify(src/open_manipulator/ros2_controller) by extension 'cmake'
[0.244s] Level 1:colcon.colcon_core.package_identification:_identify(src/open_manipulator/ros2_controller) by extension 'python'
[0.244s] Level 1:colcon.colcon_core.package_identification:_identify(src/open_manipulator/ros2_controller) by extensions ['python_setup_py']
[0.244s] Level 1:colcon.colcon_core.package_identification:_identify(src/open_manipulator/ros2_controller) by extension 'python_setup_py'
[0.244s] Level 1:colcon.colcon_core.package_identification:_identify(src/open_manipulator/ros2_controller/om_gravity_compensation_controller) by extensions ['ignore', 'ignore_ament_install']
[0.245s] Level 1:colcon.colcon_core.package_identification:_identify(src/open_manipulator/ros2_controller/om_gravity_compensation_controller) by extension 'ignore'
[0.245s] Level 1:colcon.colcon_core.package_identification:_identify(src/open_manipulator/ros2_controller/om_gravity_compensation_controller) by extension 'ignore_ament_install'
[0.245s] Level 1:colcon.colcon_core.package_identification:_identify(src/open_manipulator/ros2_controller/om_gravity_compensation_controller) by extensions ['colcon_pkg']
[0.245s] Level 1:colcon.colcon_core.package_identification:_identify(src/open_manipulator/ros2_controller/om_gravity_compensation_controller) by extension 'colcon_pkg'
[0.245s] Level 1:colcon.colcon_core.package_identification:_identify(src/open_manipulator/ros2_controller/om_gravity_compensation_controller) by extensions ['colcon_meta']
[0.245s] Level 1:colcon.colcon_core.package_identification:_identify(src/open_manipulator/ros2_controller/om_gravity_compensation_controller) by extension 'colcon_meta'
[0.245s] Level 1:colcon.colcon_core.package_identification:_identify(src/open_manipulator/ros2_controller/om_gravity_compensation_controller) by extensions ['ros']
[0.245s] Level 1:colcon.colcon_core.package_identification:_identify(src/open_manipulator/ros2_controller/om_gravity_compensation_controller) by extension 'ros'
[0.245s] DEBUG:colcon.colcon_core.package_identification:Package 'src/open_manipulator/ros2_controller/om_gravity_compensation_controller' with type 'ros.ament_cmake' and name 'om_gravity_compensation_controller'
[0.245s] Level 1:colcon.colcon_core.package_identification:_identify(src/open_manipulator/ros2_controller/om_joint_trajectory_command_broadcaster) by extensions ['ignore', 'ignore_ament_install']
[0.246s] Level 1:colcon.colcon_core.package_identification:_identify(src/open_manipulator/ros2_controller/om_joint_trajectory_command_broadcaster) by extension 'ignore'
[0.246s] Level 1:colcon.colcon_core.package_identification:_identify(src/open_manipulator/ros2_controller/om_joint_trajectory_command_broadcaster) by extension 'ignore_ament_install'
[0.246s] Level 1:colcon.colcon_core.package_identification:_identify(src/open_manipulator/ros2_controller/om_joint_trajectory_command_broadcaster) by extensions ['colcon_pkg']
[0.246s] Level 1:colcon.colcon_core.package_identification:_identify(src/open_manipulator/ros2_controller/om_joint_trajectory_command_broadcaster) by extension 'colcon_pkg'
[0.246s] Level 1:colcon.colcon_core.package_identification:_identify(src/open_manipulator/ros2_controller/om_joint_trajectory_command_broadcaster) by extensions ['colcon_meta']
[0.246s] Level 1:colcon.colcon_core.package_identification:_identify(src/open_manipulator/ros2_controller/om_joint_trajectory_command_broadcaster) by extension 'colcon_meta'
[0.246s] Level 1:colcon.colcon_core.package_identification:_identify(src/open_manipulator/ros2_controller/om_joint_trajectory_command_broadcaster) by extensions ['ros']
[0.246s] Level 1:colcon.colcon_core.package_identification:_identify(src/open_manipulator/ros2_controller/om_joint_trajectory_command_broadcaster) by extension 'ros'
[0.246s] DEBUG:colcon.colcon_core.package_identification:Package 'src/open_manipulator/ros2_controller/om_joint_trajectory_command_broadcaster' with type 'ros.ament_cmake' and name 'om_joint_trajectory_command_broadcaster'
[0.246s] Level 1:colcon.colcon_core.package_identification:_identify(src/open_manipulator/ros2_controller/om_spring_actuator_controller) by extensions ['ignore', 'ignore_ament_install']
[0.246s] Level 1:colcon.colcon_core.package_identification:_identify(src/open_manipulator/ros2_controller/om_spring_actuator_controller) by extension 'ignore'
[0.246s] Level 1:colcon.colcon_core.package_identification:_identify(src/open_manipulator/ros2_controller/om_spring_actuator_controller) by extension 'ignore_ament_install'
[0.246s] Level 1:colcon.colcon_core.package_identification:_identify(src/open_manipulator/ros2_controller/om_spring_actuator_controller) by extensions ['colcon_pkg']
[0.246s] Level 1:colcon.colcon_core.package_identification:_identify(src/open_manipulator/ros2_controller/om_spring_actuator_controller) by extension 'colcon_pkg'
[0.246s] Level 1:colcon.colcon_core.package_identification:_identify(src/open_manipulator/ros2_controller/om_spring_actuator_controller) by extensions ['colcon_meta']
[0.246s] Level 1:colcon.colcon_core.package_identification:_identify(src/open_manipulator/ros2_controller/om_spring_actuator_controller) by extension 'colcon_meta'
[0.246s] Level 1:colcon.colcon_core.package_identification:_identify(src/open_manipulator/ros2_controller/om_spring_actuator_controller) by extensions ['ros']
[0.247s] Level 1:colcon.colcon_core.package_identification:_identify(src/open_manipulator/ros2_controller/om_spring_actuator_controller) by extension 'ros'
[0.247s] DEBUG:colcon.colcon_core.package_identification:Package 'src/open_manipulator/ros2_controller/om_spring_actuator_controller' with type 'ros.ament_cmake' and name 'om_spring_actuator_controller'
[0.247s] Level 1:colcon.colcon_core.package_identification:_identify(src/robotis_interfaces) by extensions ['ignore', 'ignore_ament_install']
[0.247s] Level 1:colcon.colcon_core.package_identification:_identify(src/robotis_interfaces) by extension 'ignore'
[0.247s] Level 1:colcon.colcon_core.package_identification:_identify(src/robotis_interfaces) by extension 'ignore_ament_install'
[0.247s] Level 1:colcon.colcon_core.package_identification:_identify(src/robotis_interfaces) by extensions ['colcon_pkg']
[0.247s] Level 1:colcon.colcon_core.package_identification:_identify(src/robotis_interfaces) by extension 'colcon_pkg'
[0.247s] Level 1:colcon.colcon_core.package_identification:_identify(src/robotis_interfaces) by extensions ['colcon_meta']
[0.247s] Level 1:colcon.colcon_core.package_identification:_identify(src/robotis_interfaces) by extension 'colcon_meta'
[0.247s] Level 1:colcon.colcon_core.package_identification:_identify(src/robotis_interfaces) by extensions ['ros']
[0.247s] Level 1:colcon.colcon_core.package_identification:_identify(src/robotis_interfaces) by extension 'ros'
[0.247s] DEBUG:colcon.colcon_core.package_identification:Package 'src/robotis_interfaces' with type 'ros.ament_cmake' and name 'robotis_interfaces'
[0.248s] Level 1:colcon.colcon_core.package_discovery:discover_packages(recursive) using defaults
[0.248s] Level 1:colcon.colcon_core.package_discovery:discover_packages(ignore) discover
[0.248s] Level 1:colcon.colcon_core.package_discovery:discover_packages(ignore) using defaults
[0.248s] Level 1:colcon.colcon_core.package_discovery:discover_packages(path) discover
[0.248s] Level 1:colcon.colcon_core.package_discovery:discover_packages(path) using defaults
[0.265s] Level 1:colcon.colcon_core.package_discovery:discover_packages(prefix_path) check parameters
[0.265s] Level 1:colcon.colcon_core.package_discovery:discover_packages(prefix_path) discover
[0.266s] DEBUG:colcon.colcon_installed_package_information.package_discovery:Found 3 installed packages in /home/youn/ROS/ros_workspace/install
[0.267s] DEBUG:colcon.colcon_installed_package_information.package_discovery:Found 409 installed packages in /opt/ros/jazzy
[0.268s] Level 1:colcon.colcon_core.package_discovery:discover_packages(prefix_path) using defaults
[0.303s] Level 5:colcon.colcon_core.verb:set package 'dynamixel_interfaces' build argument 'cmake_args' from command line to '['-DCMAKE_BUILD_TYPE=Release']'
[0.303s] Level 5:colcon.colcon_core.verb:set package 'dynamixel_interfaces' build argument 'cmake_target' from command line to 'None'
[0.303s] Level 5:colcon.colcon_core.verb:set package 'dynamixel_interfaces' build argument 'cmake_target_skip_unavailable' from command line to 'False'
[0.303s] Level 5:colcon.colcon_core.verb:set package 'dynamixel_interfaces' build argument 'cmake_clean_cache' from command line to 'False'
[0.303s] Level 5:colcon.colcon_core.verb:set package 'dynamixel_interfaces' build argument 'cmake_clean_first' from command line to 'False'
[0.303s] Level 5:colcon.colcon_core.verb:set package 'dynamixel_interfaces' build argument 'cmake_force_configure' from command line to 'False'
[0.303s] Level 5:colcon.colcon_core.verb:set package 'dynamixel_interfaces' build argument 'ament_cmake_args' from command line to 'None'
[0.303s] Level 5:colcon.colcon_core.verb:set package 'dynamixel_interfaces' build argument 'catkin_cmake_args' from command line to 'None'
[0.303s] Level 5:colcon.colcon_core.verb:set package 'dynamixel_interfaces' build argument 'catkin_skip_building_tests' from command line to 'False'
[0.303s] DEBUG:colcon.colcon_core.verb:Building package 'dynamixel_interfaces' with the following arguments: {'ament_cmake_args': None, 'build_base': '/home/youn/ROS/open_manipulator_ws/build/dynamixel_interfaces', 'catkin_cmake_args': None, 'catkin_skip_building_tests': False, 'cmake_args': ['-DCMAKE_BUILD_TYPE=Release'], 'cmake_clean_cache': False, 'cmake_clean_first': False, 'cmake_force_configure': False, 'cmake_target': None, 'cmake_target_skip_unavailable': False, 'install_base': '/home/youn/ROS/open_manipulator_ws/install/dynamixel_interfaces', 'merge_install': False, 'path': '/home/youn/ROS/open_manipulator_ws/src/dynamixel_interfaces', 'symlink_install': True, 'test_result_base': None}
[0.303s] Level 5:colcon.colcon_core.verb:set package 'dynamixel_sdk' build argument 'cmake_args' from command line to '['-DCMAKE_BUILD_TYPE=Release']'
[0.303s] Level 5:colcon.colcon_core.verb:set package 'dynamixel_sdk' build argument 'cmake_target' from command line to 'None'
[0.303s] Level 5:colcon.colcon_core.verb:set package 'dynamixel_sdk' build argument 'cmake_target_skip_unavailable' from command line to 'False'
[0.303s] Level 5:colcon.colcon_core.verb:set package 'dynamixel_sdk' build argument 'cmake_clean_cache' from command line to 'False'
[0.303s] Level 5:colcon.colcon_core.verb:set package 'dynamixel_sdk' build argument 'cmake_clean_first' from command line to 'False'
[0.303s] Level 5:colcon.colcon_core.verb:set package 'dynamixel_sdk' build argument 'cmake_force_configure' from command line to 'False'
[0.303s] Level 5:colcon.colcon_core.verb:set package 'dynamixel_sdk' build argument 'ament_cmake_args' from command line to 'None'
[0.303s] Level 5:colcon.colcon_core.verb:set package 'dynamixel_sdk' build argument 'catkin_cmake_args' from command line to 'None'
[0.303s] Level 5:colcon.colcon_core.verb:set package 'dynamixel_sdk' build argument 'catkin_skip_building_tests' from command line to 'False'
[0.303s] DEBUG:colcon.colcon_core.verb:Building package 'dynamixel_sdk' with the following arguments: {'ament_cmake_args': None, 'build_base': '/home/youn/ROS/open_manipulator_ws/build/dynamixel_sdk', 'catkin_cmake_args': None, 'catkin_skip_building_tests': False, 'cmake_args': ['-DCMAKE_BUILD_TYPE=Release'], 'cmake_clean_cache': False, 'cmake_clean_first': False, 'cmake_force_configure': False, 'cmake_target': None, 'cmake_target_skip_unavailable': False, 'install_base': '/home/youn/ROS/open_manipulator_ws/install/dynamixel_sdk', 'merge_install': False, 'path': '/home/youn/ROS/open_manipulator_ws/src/DynamixelSDK/ros/dynamixel_sdk', 'symlink_install': True, 'test_result_base': None}
[0.303s] Level 5:colcon.colcon_core.verb:set package 'dynamixel_sdk_custom_interfaces' build argument 'cmake_args' from command line to '['-DCMAKE_BUILD_TYPE=Release']'
[0.303s] Level 5:colcon.colcon_core.verb:set package 'dynamixel_sdk_custom_interfaces' build argument 'cmake_target' from command line to 'None'
[0.303s] Level 5:colcon.colcon_core.verb:set package 'dynamixel_sdk_custom_interfaces' build argument 'cmake_target_skip_unavailable' from command line to 'False'
[0.303s] Level 5:colcon.colcon_core.verb:set package 'dynamixel_sdk_custom_interfaces' build argument 'cmake_clean_cache' from command line to 'False'
[0.303s] Level 5:colcon.colcon_core.verb:set package 'dynamixel_sdk_custom_interfaces' build argument 'cmake_clean_first' from command line to 'False'
[0.303s] Level 5:colcon.colcon_core.verb:set package 'dynamixel_sdk_custom_interfaces' build argument 'cmake_force_configure' from command line to 'False'
[0.303s] Level 5:colcon.colcon_core.verb:set package 'dynamixel_sdk_custom_interfaces' build argument 'ament_cmake_args' from command line to 'None'
[0.303s] Level 5:colcon.colcon_core.verb:set package 'dynamixel_sdk_custom_interfaces' build argument 'catkin_cmake_args' from command line to 'None'
[0.303s] Level 5:colcon.colcon_core.verb:set package 'dynamixel_sdk_custom_interfaces' build argument 'catkin_skip_building_tests' from command line to 'False'
[0.303s] DEBUG:colcon.colcon_core.verb:Building package 'dynamixel_sdk_custom_interfaces' with the following arguments: {'ament_cmake_args': None, 'build_base': '/home/youn/ROS/open_manipulator_ws/build/dynamixel_sdk_custom_interfaces', 'catkin_cmake_args': None, 'catkin_skip_building_tests': False, 'cmake_args': ['-DCMAKE_BUILD_TYPE=Release'], 'cmake_clean_cache': False, 'cmake_clean_first': False, 'cmake_force_configure': False, 'cmake_target': None, 'cmake_target_skip_unavailable': False, 'install_base': '/home/youn/ROS/open_manipulator_ws/install/dynamixel_sdk_custom_interfaces', 'merge_install': False, 'path': '/home/youn/ROS/open_manipulator_ws/src/DynamixelSDK/ros/dynamixel_sdk_custom_interfaces', 'symlink_install': True, 'test_result_base': None}
[0.303s] Level 5:colcon.colcon_core.verb:set package 'om_gravity_compensation_controller' build argument 'cmake_args' from command line to '['-DCMAKE_BUILD_TYPE=Release']'
[0.303s] Level 5:colcon.colcon_core.verb:set package 'om_gravity_compensation_controller' build argument 'cmake_target' from command line to 'None'
[0.303s] Level 5:colcon.colcon_core.verb:set package 'om_gravity_compensation_controller' build argument 'cmake_target_skip_unavailable' from command line to 'False'
[0.303s] Level 5:colcon.colcon_core.verb:set package 'om_gravity_compensation_controller' build argument 'cmake_clean_cache' from command line to 'False'
[0.303s] Level 5:colcon.colcon_core.verb:set package 'om_gravity_compensation_controller' build argument 'cmake_clean_first' from command line to 'False'
[0.303s] Level 5:colcon.colcon_core.verb:set package 'om_gravity_compensation_controller' build argument 'cmake_force_configure' from command line to 'False'
[0.303s] Level 5:colcon.colcon_core.verb:set package 'om_gravity_compensation_controller' build argument 'ament_cmake_args' from command line to 'None'
[0.303s] Level 5:colcon.colcon_core.verb:set package 'om_gravity_compensation_controller' build argument 'catkin_cmake_args' from command line to 'None'
[0.303s] Level 5:colcon.colcon_core.verb:set package 'om_gravity_compensation_controller' build argument 'catkin_skip_building_tests' from command line to 'False'
[0.303s] DEBUG:colcon.colcon_core.verb:Building package 'om_gravity_compensation_controller' with the following arguments: {'ament_cmake_args': None, 'build_base': '/home/youn/ROS/open_manipulator_ws/build/om_gravity_compensation_controller', 'catkin_cmake_args': None, 'catkin_skip_building_tests': False, 'cmake_args': ['-DCMAKE_BUILD_TYPE=Release'], 'cmake_clean_cache': False, 'cmake_clean_first': False, 'cmake_force_configure': False, 'cmake_target': None, 'cmake_target_skip_unavailable': False, 'install_base': '/home/youn/ROS/open_manipulator_ws/install/om_gravity_compensation_controller', 'merge_install': False, 'path': '/home/youn/ROS/open_manipulator_ws/src/open_manipulator/ros2_controller/om_gravity_compensation_controller', 'symlink_install': True, 'test_result_base': None}
[0.304s] Level 5:colcon.colcon_core.verb:set package 'om_joint_trajectory_command_broadcaster' build argument 'cmake_args' from command line to '['-DCMAKE_BUILD_TYPE=Release']'
[0.304s] Level 5:colcon.colcon_core.verb:set package 'om_joint_trajectory_command_broadcaster' build argument 'cmake_target' from command line to 'None'
[0.304s] Level 5:colcon.colcon_core.verb:set package 'om_joint_trajectory_command_broadcaster' build argument 'cmake_target_skip_unavailable' from command line to 'False'
[0.304s] Level 5:colcon.colcon_core.verb:set package 'om_joint_trajectory_command_broadcaster' build argument 'cmake_clean_cache' from command line to 'False'
[0.304s] Level 5:colcon.colcon_core.verb:set package 'om_joint_trajectory_command_broadcaster' build argument 'cmake_clean_first' from command line to 'False'
[0.304s] Level 5:colcon.colcon_core.verb:set package 'om_joint_trajectory_command_broadcaster' build argument 'cmake_force_configure' from command line to 'False'
[0.304s] Level 5:colcon.colcon_core.verb:set package 'om_joint_trajectory_command_broadcaster' build argument 'ament_cmake_args' from command line to 'None'
[0.304s] Level 5:colcon.colcon_core.verb:set package 'om_joint_trajectory_command_broadcaster' build argument 'catkin_cmake_args' from command line to 'None'
[0.304s] Level 5:colcon.colcon_core.verb:set package 'om_joint_trajectory_command_broadcaster' build argument 'catkin_skip_building_tests' from command line to 'False'
[0.304s] DEBUG:colcon.colcon_core.verb:Building package 'om_joint_trajectory_command_broadcaster' with the following arguments: {'ament_cmake_args': None, 'build_base': '/home/youn/ROS/open_manipulator_ws/build/om_joint_trajectory_command_broadcaster', 'catkin_cmake_args': None, 'catkin_skip_building_tests': False, 'cmake_args': ['-DCMAKE_BUILD_TYPE=Release'], 'cmake_clean_cache': False, 'cmake_clean_first': False, 'cmake_force_configure': False, 'cmake_target': None, 'cmake_target_skip_unavailable': False, 'install_base': '/home/youn/ROS/open_manipulator_ws/install/om_joint_trajectory_command_broadcaster', 'merge_install': False, 'path': '/home/youn/ROS/open_manipulator_ws/src/open_manipulator/ros2_controller/om_joint_trajectory_command_broadcaster', 'symlink_install': True, 'test_result_base': None}
[0.304s] Level 5:colcon.colcon_core.verb:set package 'om_spring_actuator_controller' build argument 'cmake_args' from command line to '['-DCMAKE_BUILD_TYPE=Release']'
[0.304s] Level 5:colcon.colcon_core.verb:set package 'om_spring_actuator_controller' build argument 'cmake_target' from command line to 'None'
[0.304s] Level 5:colcon.colcon_core.verb:set package 'om_spring_actuator_controller' build argument 'cmake_target_skip_unavailable' from command line to 'False'
[0.304s] Level 5:colcon.colcon_core.verb:set package 'om_spring_actuator_controller' build argument 'cmake_clean_cache' from command line to 'False'
[0.304s] Level 5:colcon.colcon_core.verb:set package 'om_spring_actuator_controller' build argument 'cmake_clean_first' from command line to 'False'
[0.304s] Level 5:colcon.colcon_core.verb:set package 'om_spring_actuator_controller' build argument 'cmake_force_configure' from command line to 'False'
[0.304s] Level 5:colcon.colcon_core.verb:set package 'om_spring_actuator_controller' build argument 'ament_cmake_args' from command line to 'None'
[0.304s] Level 5:colcon.colcon_core.verb:set package 'om_spring_actuator_controller' build argument 'catkin_cmake_args' from command line to 'None'
[0.304s] Level 5:colcon.colcon_core.verb:set package 'om_spring_actuator_controller' build argument 'catkin_skip_building_tests' from command line to 'False'
[0.304s] DEBUG:colcon.colcon_core.verb:Building package 'om_spring_actuator_controller' with the following arguments: {'ament_cmake_args': None, 'build_base': '/home/youn/ROS/open_manipulator_ws/build/om_spring_actuator_controller', 'catkin_cmake_args': None, 'catkin_skip_building_tests': False, 'cmake_args': ['-DCMAKE_BUILD_TYPE=Release'], 'cmake_clean_cache': False, 'cmake_clean_first': False, 'cmake_force_configure': False, 'cmake_target': None, 'cmake_target_skip_unavailable': False, 'install_base': '/home/youn/ROS/open_manipulator_ws/install/om_spring_actuator_controller', 'merge_install': False, 'path': '/home/youn/ROS/open_manipulator_ws/src/open_manipulator/ros2_controller/om_spring_actuator_controller', 'symlink_install': True, 'test_result_base': None}
[0.304s] Level 5:colcon.colcon_core.verb:set package 'open_manipulator_collision' build argument 'cmake_args' from command line to '['-DCMAKE_BUILD_TYPE=Release']'
[0.304s] Level 5:colcon.colcon_core.verb:set package 'open_manipulator_collision' build argument 'cmake_target' from command line to 'None'
[0.304s] Level 5:colcon.colcon_core.verb:set package 'open_manipulator_collision' build argument 'cmake_target_skip_unavailable' from command line to 'False'
[0.304s] Level 5:colcon.colcon_core.verb:set package 'open_manipulator_collision' build argument 'cmake_clean_cache' from command line to 'False'
[0.304s] Level 5:colcon.colcon_core.verb:set package 'open_manipulator_collision' build argument 'cmake_clean_first' from command line to 'False'
[0.304s] Level 5:colcon.colcon_core.verb:set package 'open_manipulator_collision' build argument 'cmake_force_configure' from command line to 'False'
[0.304s] Level 5:colcon.colcon_core.verb:set package 'open_manipulator_collision' build argument 'ament_cmake_args' from command line to 'None'
[0.304s] Level 5:colcon.colcon_core.verb:set package 'open_manipulator_collision' build argument 'catkin_cmake_args' from command line to 'None'
[0.304s] Level 5:colcon.colcon_core.verb:set package 'open_manipulator_collision' build argument 'catkin_skip_building_tests' from command line to 'False'
[0.304s] DEBUG:colcon.colcon_core.verb:Building package 'open_manipulator_collision' with the following arguments: {'ament_cmake_args': None, 'build_base': '/home/youn/ROS/open_manipulator_ws/build/open_manipulator_collision', 'catkin_cmake_args': None, 'catkin_skip_building_tests': False, 'cmake_args': ['-DCMAKE_BUILD_TYPE=Release'], 'cmake_clean_cache': False, 'cmake_clean_first': False, 'cmake_force_configure': False, 'cmake_target': None, 'cmake_target_skip_unavailable': False, 'install_base': '/home/youn/ROS/open_manipulator_ws/install/open_manipulator_collision', 'merge_install': False, 'path': '/home/youn/ROS/open_manipulator_ws/src/open_manipulator/open_manipulator_collision', 'symlink_install': True, 'test_result_base': None}
[0.304s] Level 5:colcon.colcon_core.verb:set package 'open_manipulator_description' build argument 'cmake_args' from command line to '['-DCMAKE_BUILD_TYPE=Release']'
[0.304s] Level 5:colcon.colcon_core.verb:set package 'open_manipulator_description' build argument 'cmake_target' from command line to 'None'
[0.304s] Level 5:colcon.colcon_core.verb:set package 'open_manipulator_description' build argument 'cmake_target_skip_unavailable' from command line to 'False'
[0.304s] Level 5:colcon.colcon_core.verb:set package 'open_manipulator_description' build argument 'cmake_clean_cache' from command line to 'False'
[0.304s] Level 5:colcon.colcon_core.verb:set package 'open_manipulator_description' build argument 'cmake_clean_first' from command line to 'False'
[0.304s] Level 5:colcon.colcon_core.verb:set package 'open_manipulator_description' build argument 'cmake_force_configure' from command line to 'False'
[0.304s] Level 5:colcon.colcon_core.verb:set package 'open_manipulator_description' build argument 'ament_cmake_args' from command line to 'None'
[0.304s] Level 5:colcon.colcon_core.verb:set package 'open_manipulator_description' build argument 'catkin_cmake_args' from command line to 'None'
[0.304s] Level 5:colcon.colcon_core.verb:set package 'open_manipulator_description' build argument 'catkin_skip_building_tests' from command line to 'False'
[0.304s] DEBUG:colcon.colcon_core.verb:Building package 'open_manipulator_description' with the following arguments: {'ament_cmake_args': None, 'build_base': '/home/youn/ROS/open_manipulator_ws/build/open_manipulator_description', 'catkin_cmake_args': None, 'catkin_skip_building_tests': False, 'cmake_args': ['-DCMAKE_BUILD_TYPE=Release'], 'cmake_clean_cache': False, 'cmake_clean_first': False, 'cmake_force_configure': False, 'cmake_target': None, 'cmake_target_skip_unavailable': False, 'install_base': '/home/youn/ROS/open_manipulator_ws/install/open_manipulator_description', 'merge_install': False, 'path': '/home/youn/ROS/open_manipulator_ws/src/open_manipulator/open_manipulator_description', 'symlink_install': True, 'test_result_base': None}
[0.304s] Level 5:colcon.colcon_core.verb:set package 'open_manipulator_gui' build argument 'cmake_args' from command line to '['-DCMAKE_BUILD_TYPE=Release']'
[0.304s] Level 5:colcon.colcon_core.verb:set package 'open_manipulator_gui' build argument 'cmake_target' from command line to 'None'
[0.304s] Level 5:colcon.colcon_core.verb:set package 'open_manipulator_gui' build argument 'cmake_target_skip_unavailable' from command line to 'False'
[0.304s] Level 5:colcon.colcon_core.verb:set package 'open_manipulator_gui' build argument 'cmake_clean_cache' from command line to 'False'
[0.305s] Level 5:colcon.colcon_core.verb:set package 'open_manipulator_gui' build argument 'cmake_clean_first' from command line to 'False'
[0.305s] Level 5:colcon.colcon_core.verb:set package 'open_manipulator_gui' build argument 'cmake_force_configure' from command line to 'False'
[0.305s] Level 5:colcon.colcon_core.verb:set package 'open_manipulator_gui' build argument 'ament_cmake_args' from command line to 'None'
[0.305s] Level 5:colcon.colcon_core.verb:set package 'open_manipulator_gui' build argument 'catkin_cmake_args' from command line to 'None'
[0.305s] Level 5:colcon.colcon_core.verb:set package 'open_manipulator_gui' build argument 'catkin_skip_building_tests' from command line to 'False'
[0.305s] DEBUG:colcon.colcon_core.verb:Building package 'open_manipulator_gui' with the following arguments: {'ament_cmake_args': None, 'build_base': '/home/youn/ROS/open_manipulator_ws/build/open_manipulator_gui', 'catkin_cmake_args': None, 'catkin_skip_building_tests': False, 'cmake_args': ['-DCMAKE_BUILD_TYPE=Release'], 'cmake_clean_cache': False, 'cmake_clean_first': False, 'cmake_force_configure': False, 'cmake_target': None, 'cmake_target_skip_unavailable': False, 'install_base': '/home/youn/ROS/open_manipulator_ws/install/open_manipulator_gui', 'merge_install': False, 'path': '/home/youn/ROS/open_manipulator_ws/src/open_manipulator/open_manipulator_gui', 'symlink_install': True, 'test_result_base': None}
[0.305s] Level 5:colcon.colcon_core.verb:set package 'open_manipulator_teleop' build argument 'cmake_args' from command line to '['-DCMAKE_BUILD_TYPE=Release']'
[0.305s] Level 5:colcon.colcon_core.verb:set package 'open_manipulator_teleop' build argument 'cmake_target' from command line to 'None'
[0.305s] Level 5:colcon.colcon_core.verb:set package 'open_manipulator_teleop' build argument 'cmake_target_skip_unavailable' from command line to 'False'
[0.305s] Level 5:colcon.colcon_core.verb:set package 'open_manipulator_teleop' build argument 'cmake_clean_cache' from command line to 'False'
[0.305s] Level 5:colcon.colcon_core.verb:set package 'open_manipulator_teleop' build argument 'cmake_clean_first' from command line to 'False'
[0.305s] Level 5:colcon.colcon_core.verb:set package 'open_manipulator_teleop' build argument 'cmake_force_configure' from command line to 'False'
[0.305s] Level 5:colcon.colcon_core.verb:set package 'open_manipulator_teleop' build argument 'ament_cmake_args' from command line to 'None'
[0.305s] Level 5:colcon.colcon_core.verb:set package 'open_manipulator_teleop' build argument 'catkin_cmake_args' from command line to 'None'
[0.305s] Level 5:colcon.colcon_core.verb:set package 'open_manipulator_teleop' build argument 'catkin_skip_building_tests' from command line to 'False'
[0.305s] DEBUG:colcon.colcon_core.verb:Building package 'open_manipulator_teleop' with the following arguments: {'ament_cmake_args': None, 'build_base': '/home/youn/ROS/open_manipulator_ws/build/open_manipulator_teleop', 'catkin_cmake_args': None, 'catkin_skip_building_tests': False, 'cmake_args': ['-DCMAKE_BUILD_TYPE=Release'], 'cmake_clean_cache': False, 'cmake_clean_first': False, 'cmake_force_configure': False, 'cmake_target': None, 'cmake_target_skip_unavailable': False, 'install_base': '/home/youn/ROS/open_manipulator_ws/install/open_manipulator_teleop', 'merge_install': False, 'path': '/home/youn/ROS/open_manipulator_ws/src/open_manipulator/open_manipulator_teleop', 'symlink_install': True, 'test_result_base': None}
[0.306s] Level 5:colcon.colcon_core.verb:set package 'robotis_interfaces' build argument 'cmake_args' from command line to '['-DCMAKE_BUILD_TYPE=Release']'
[0.306s] Level 5:colcon.colcon_core.verb:set package 'robotis_interfaces' build argument 'cmake_target' from command line to 'None'
[0.306s] Level 5:colcon.colcon_core.verb:set package 'robotis_interfaces' build argument 'cmake_target_skip_unavailable' from command line to 'False'
[0.306s] Level 5:colcon.colcon_core.verb:set package 'robotis_interfaces' build argument 'cmake_clean_cache' from command line to 'False'
[0.306s] Level 5:colcon.colcon_core.verb:set package 'robotis_interfaces' build argument 'cmake_clean_first' from command line to 'False'
[0.306s] Level 5:colcon.colcon_core.verb:set package 'robotis_interfaces' build argument 'cmake_force_configure' from command line to 'False'
[0.306s] Level 5:colcon.colcon_core.verb:set package 'robotis_interfaces' build argument 'ament_cmake_args' from command line to 'None'
[0.306s] Level 5:colcon.colcon_core.verb:set package 'robotis_interfaces' build argument 'catkin_cmake_args' from command line to 'None'
[0.306s] Level 5:colcon.colcon_core.verb:set package 'robotis_interfaces' build argument 'catkin_skip_building_tests' from command line to 'False'
[0.306s] DEBUG:colcon.colcon_core.verb:Building package 'robotis_interfaces' with the following arguments: {'ament_cmake_args': None, 'build_base': '/home/youn/ROS/open_manipulator_ws/build/robotis_interfaces', 'catkin_cmake_args': None, 'catkin_skip_building_tests': False, 'cmake_args': ['-DCMAKE_BUILD_TYPE=Release'], 'cmake_clean_cache': False, 'cmake_clean_first': False, 'cmake_force_configure': False, 'cmake_target': None, 'cmake_target_skip_unavailable': False, 'install_base': '/home/youn/ROS/open_manipulator_ws/install/robotis_interfaces', 'merge_install': False, 'path': '/home/youn/ROS/open_manipulator_ws/src/robotis_interfaces', 'symlink_install': True, 'test_result_base': None}
[0.306s] Level 5:colcon.colcon_core.verb:set package 'dynamixel_hardware_interface' build argument 'cmake_args' from command line to '['-DCMAKE_BUILD_TYPE=Release']'
[0.306s] Level 5:colcon.colcon_core.verb:set package 'dynamixel_hardware_interface' build argument 'cmake_target' from command line to 'None'
[0.306s] Level 5:colcon.colcon_core.verb:set package 'dynamixel_hardware_interface' build argument 'cmake_target_skip_unavailable' from command line to 'False'
[0.306s] Level 5:colcon.colcon_core.verb:set package 'dynamixel_hardware_interface' build argument 'cmake_clean_cache' from command line to 'False'
[0.306s] Level 5:colcon.colcon_core.verb:set package 'dynamixel_hardware_interface' build argument 'cmake_clean_first' from command line to 'False'
[0.306s] Level 5:colcon.colcon_core.verb:set package 'dynamixel_hardware_interface' build argument 'cmake_force_configure' from command line to 'False'
[0.306s] Level 5:colcon.colcon_core.verb:set package 'dynamixel_hardware_interface' build argument 'ament_cmake_args' from command line to 'None'
[0.306s] Level 5:colcon.colcon_core.verb:set package 'dynamixel_hardware_interface' build argument 'catkin_cmake_args' from command line to 'None'
[0.306s] Level 5:colcon.colcon_core.verb:set package 'dynamixel_hardware_interface' build argument 'catkin_skip_building_tests' from command line to 'False'
[0.306s] DEBUG:colcon.colcon_core.verb:Building package 'dynamixel_hardware_interface' with the following arguments: {'ament_cmake_args': None, 'build_base': '/home/youn/ROS/open_manipulator_ws/build/dynamixel_hardware_interface', 'catkin_cmake_args': None, 'catkin_skip_building_tests': False, 'cmake_args': ['-DCMAKE_BUILD_TYPE=Release'], 'cmake_clean_cache': False, 'cmake_clean_first': False, 'cmake_force_configure': False, 'cmake_target': None, 'cmake_target_skip_unavailable': False, 'install_base': '/home/youn/ROS/open_manipulator_ws/install/dynamixel_hardware_interface', 'merge_install': False, 'path': '/home/youn/ROS/open_manipulator_ws/src/dynamixel_hardware_interface', 'symlink_install': True, 'test_result_base': None}
[0.306s] Level 5:colcon.colcon_core.verb:set package 'dynamixel_sdk_examples' build argument 'cmake_args' from command line to '['-DCMAKE_BUILD_TYPE=Release']'
[0.306s] Level 5:colcon.colcon_core.verb:set package 'dynamixel_sdk_examples' build argument 'cmake_target' from command line to 'None'
[0.306s] Level 5:colcon.colcon_core.verb:set package 'dynamixel_sdk_examples' build argument 'cmake_target_skip_unavailable' from command line to 'False'
[0.306s] Level 5:colcon.colcon_core.verb:set package 'dynamixel_sdk_examples' build argument 'cmake_clean_cache' from command line to 'False'
[0.306s] Level 5:colcon.colcon_core.verb:set package 'dynamixel_sdk_examples' build argument 'cmake_clean_first' from command line to 'False'
[0.306s] Level 5:colcon.colcon_core.verb:set package 'dynamixel_sdk_examples' build argument 'cmake_force_configure' from command line to 'False'
[0.306s] Level 5:colcon.colcon_core.verb:set package 'dynamixel_sdk_examples' build argument 'ament_cmake_args' from command line to 'None'
[0.306s] Level 5:colcon.colcon_core.verb:set package 'dynamixel_sdk_examples' build argument 'catkin_cmake_args' from command line to 'None'
[0.306s] Level 5:colcon.colcon_core.verb:set package 'dynamixel_sdk_examples' build argument 'catkin_skip_building_tests' from command line to 'False'
[0.306s] DEBUG:colcon.colcon_core.verb:Building package 'dynamixel_sdk_examples' with the following arguments: {'ament_cmake_args': None, 'build_base': '/home/youn/ROS/open_manipulator_ws/build/dynamixel_sdk_examples', 'catkin_cmake_args': None, 'catkin_skip_building_tests': False, 'cmake_args': ['-DCMAKE_BUILD_TYPE=Release'], 'cmake_clean_cache': False, 'cmake_clean_first': False, 'cmake_force_configure': False, 'cmake_target': None, 'cmake_target_skip_unavailable': False, 'install_base': '/home/youn/ROS/open_manipulator_ws/install/dynamixel_sdk_examples', 'merge_install': False, 'path': '/home/youn/ROS/open_manipulator_ws/src/DynamixelSDK/ros/dynamixel_sdk_examples', 'symlink_install': True, 'test_result_base': None}
[0.306s] Level 5:colcon.colcon_core.verb:set package 'open_manipulator_moveit_config' build argument 'cmake_args' from command line to '['-DCMAKE_BUILD_TYPE=Release']'
[0.306s] Level 5:colcon.colcon_core.verb:set package 'open_manipulator_moveit_config' build argument 'cmake_target' from command line to 'None'
[0.306s] Level 5:colcon.colcon_core.verb:set package 'open_manipulator_moveit_config' build argument 'cmake_target_skip_unavailable' from command line to 'False'
[0.306s] Level 5:colcon.colcon_core.verb:set package 'open_manipulator_moveit_config' build argument 'cmake_clean_cache' from command line to 'False'
[0.306s] Level 5:colcon.colcon_core.verb:set package 'open_manipulator_moveit_config' build argument 'cmake_clean_first' from command line to 'False'
[0.306s] Level 5:colcon.colcon_core.verb:set package 'open_manipulator_moveit_config' build argument 'cmake_force_configure' from command line to 'False'
[0.306s] Level 5:colcon.colcon_core.verb:set package 'open_manipulator_moveit_config' build argument 'ament_cmake_args' from command line to 'None'
[0.306s] Level 5:colcon.colcon_core.verb:set package 'open_manipulator_moveit_config' build argument 'catkin_cmake_args' from command line to 'None'
[0.306s] Level 5:colcon.colcon_core.verb:set package 'open_manipulator_moveit_config' build argument 'catkin_skip_building_tests' from command line to 'False'
[0.306s] DEBUG:colcon.colcon_core.verb:Building package 'open_manipulator_moveit_config' with the following arguments: {'ament_cmake_args': None, 'build_base': '/home/youn/ROS/open_manipulator_ws/build/open_manipulator_moveit_config', 'catkin_cmake_args': None, 'catkin_skip_building_tests': False, 'cmake_args': ['-DCMAKE_BUILD_TYPE=Release'], 'cmake_clean_cache': False, 'cmake_clean_first': False, 'cmake_force_configure': False, 'cmake_target': None, 'cmake_target_skip_unavailable': False, 'install_base': '/home/youn/ROS/open_manipulator_ws/install/open_manipulator_moveit_config', 'merge_install': False, 'path': '/home/youn/ROS/open_manipulator_ws/src/open_manipulator/open_manipulator_moveit_config', 'symlink_install': True, 'test_result_base': None}
[0.307s] Level 5:colcon.colcon_core.verb:set package 'open_manipulator_playground' build argument 'cmake_args' from command line to '['-DCMAKE_BUILD_TYPE=Release']'
[0.307s] Level 5:colcon.colcon_core.verb:set package 'open_manipulator_playground' build argument 'cmake_target' from command line to 'None'
[0.307s] Level 5:colcon.colcon_core.verb:set package 'open_manipulator_playground' build argument 'cmake_target_skip_unavailable' from command line to 'False'
[0.307s] Level 5:colcon.colcon_core.verb:set package 'open_manipulator_playground' build argument 'cmake_clean_cache' from command line to 'False'
[0.307s] Level 5:colcon.colcon_core.verb:set package 'open_manipulator_playground' build argument 'cmake_clean_first' from command line to 'False'
[0.307s] Level 5:colcon.colcon_core.verb:set package 'open_manipulator_playground' build argument 'cmake_force_configure' from command line to 'False'
[0.307s] Level 5:colcon.colcon_core.verb:set package 'open_manipulator_playground' build argument 'ament_cmake_args' from command line to 'None'
[0.307s] Level 5:colcon.colcon_core.verb:set package 'open_manipulator_playground' build argument 'catkin_cmake_args' from command line to 'None'
[0.307s] Level 5:colcon.colcon_core.verb:set package 'open_manipulator_playground' build argument 'catkin_skip_building_tests' from command line to 'False'
[0.307s] DEBUG:colcon.colcon_core.verb:Building package 'open_manipulator_playground' with the following arguments: {'ament_cmake_args': None, 'build_base': '/home/youn/ROS/open_manipulator_ws/build/open_manipulator_playground', 'catkin_cmake_args': None, 'catkin_skip_building_tests': False, 'cmake_args': ['-DCMAKE_BUILD_TYPE=Release'], 'cmake_clean_cache': False, 'cmake_clean_first': False, 'cmake_force_configure': False, 'cmake_target': None, 'cmake_target_skip_unavailable': False, 'install_base': '/home/youn/ROS/open_manipulator_ws/install/open_manipulator_playground', 'merge_install': False, 'path': '/home/youn/ROS/open_manipulator_ws/src/open_manipulator/open_manipulator_playground', 'symlink_install': True, 'test_result_base': None}
[0.307s] Level 5:colcon.colcon_core.verb:set package 'open_manipulator_bringup' build argument 'cmake_args' from command line to '['-DCMAKE_BUILD_TYPE=Release']'
[0.307s] Level 5:colcon.colcon_core.verb:set package 'open_manipulator_bringup' build argument 'cmake_target' from command line to 'None'
[0.307s] Level 5:colcon.colcon_core.verb:set package 'open_manipulator_bringup' build argument 'cmake_target_skip_unavailable' from command line to 'False'
[0.307s] Level 5:colcon.colcon_core.verb:set package 'open_manipulator_bringup' build argument 'cmake_clean_cache' from command line to 'False'
[0.307s] Level 5:colcon.colcon_core.verb:set package 'open_manipulator_bringup' build argument 'cmake_clean_first' from command line to 'False'
[0.307s] Level 5:colcon.colcon_core.verb:set package 'open_manipulator_bringup' build argument 'cmake_force_configure' from command line to 'False'
[0.307s] Level 5:colcon.colcon_core.verb:set package 'open_manipulator_bringup' build argument 'ament_cmake_args' from command line to 'None'
[0.307s] Level 5:colcon.colcon_core.verb:set package 'open_manipulator_bringup' build argument 'catkin_cmake_args' from command line to 'None'
[0.307s] Level 5:colcon.colcon_core.verb:set package 'open_manipulator_bringup' build argument 'catkin_skip_building_tests' from command line to 'False'
[0.307s] DEBUG:colcon.colcon_core.verb:Building package 'open_manipulator_bringup' with the following arguments: {'ament_cmake_args': None, 'build_base': '/home/youn/ROS/open_manipulator_ws/build/open_manipulator_bringup', 'catkin_cmake_args': None, 'catkin_skip_building_tests': False, 'cmake_args': ['-DCMAKE_BUILD_TYPE=Release'], 'cmake_clean_cache': False, 'cmake_clean_first': False, 'cmake_force_configure': False, 'cmake_target': None, 'cmake_target_skip_unavailable': False, 'install_base': '/home/youn/ROS/open_manipulator_ws/install/open_manipulator_bringup', 'merge_install': False, 'path': '/home/youn/ROS/open_manipulator_ws/src/open_manipulator/open_manipulator_bringup', 'symlink_install': True, 'test_result_base': None}
[0.307s] Level 5:colcon.colcon_core.verb:set package 'open_manipulator' build argument 'cmake_args' from command line to '['-DCMAKE_BUILD_TYPE=Release']'
[0.307s] Level 5:colcon.colcon_core.verb:set package 'open_manipulator' build argument 'cmake_target' from command line to 'None'
[0.307s] Level 5:colcon.colcon_core.verb:set package 'open_manipulator' build argument 'cmake_target_skip_unavailable' from command line to 'False'
[0.307s] Level 5:colcon.colcon_core.verb:set package 'open_manipulator' build argument 'cmake_clean_cache' from command line to 'False'
[0.307s] Level 5:colcon.colcon_core.verb:set package 'open_manipulator' build argument 'cmake_clean_first' from command line to 'False'
[0.307s] Level 5:colcon.colcon_core.verb:set package 'open_manipulator' build argument 'cmake_force_configure' from command line to 'False'
[0.307s] Level 5:colcon.colcon_core.verb:set package 'open_manipulator' build argument 'ament_cmake_args' from command line to 'None'
[0.307s] Level 5:colcon.colcon_core.verb:set package 'open_manipulator' build argument 'catkin_cmake_args' from command line to 'None'
[0.307s] Level 5:colcon.colcon_core.verb:set package 'open_manipulator' build argument 'catkin_skip_building_tests' from command line to 'False'
[0.307s] DEBUG:colcon.colcon_core.verb:Building package 'open_manipulator' with the following arguments: {'ament_cmake_args': None, 'build_base': '/home/youn/ROS/open_manipulator_ws/build/open_manipulator', 'catkin_cmake_args': None, 'catkin_skip_building_tests': False, 'cmake_args': ['-DCMAKE_BUILD_TYPE=Release'], 'cmake_clean_cache': False, 'cmake_clean_first': False, 'cmake_force_configure': False, 'cmake_target': None, 'cmake_target_skip_unavailable': False, 'install_base': '/home/youn/ROS/open_manipulator_ws/install/open_manipulator', 'merge_install': False, 'path': '/home/youn/ROS/open_manipulator_ws/src/open_manipulator/open_manipulator', 'symlink_install': True, 'test_result_base': None}
[0.307s] INFO:colcon.colcon_core.executor:Executing jobs using 'parallel' executor
[0.309s] DEBUG:colcon.colcon_parallel_executor.executor.parallel:run_until_complete
[0.309s] INFO:colcon.colcon_ros.task.ament_cmake.build:Building ROS package in '/home/youn/ROS/open_manipulator_ws/src/DynamixelSDK/ros/dynamixel_sdk' with build type 'ament_cmake'
[0.310s] INFO:colcon.colcon_cmake.task.cmake.build:Building CMake package in '/home/youn/ROS/open_manipulator_ws/src/DynamixelSDK/ros/dynamixel_sdk'
[0.328s] INFO:colcon.colcon_core.plugin_system:Skipping extension 'colcon_core.shell.bat': Not used on non-Windows systems
[0.328s] INFO:colcon.colcon_core.shell:Skip shell extension 'powershell' for command environment: Not usable outside of PowerShell
[0.328s] DEBUG:colcon.colcon_core.shell:Skip shell extension 'dsv' for command environment
[0.331s] INFO:colcon.colcon_ros.task.ament_cmake.build:Building ROS package in '/home/youn/ROS/open_manipulator_ws/src/dynamixel_interfaces' with build type 'ament_cmake'
[0.331s] INFO:colcon.colcon_cmake.task.cmake.build:Building CMake package in '/home/youn/ROS/open_manipulator_ws/src/dynamixel_interfaces'
[0.331s] INFO:colcon.colcon_core.shell:Skip shell extension 'powershell' for command environment: Not usable outside of PowerShell
[0.331s] DEBUG:colcon.colcon_core.shell:Skip shell extension 'dsv' for command environment
[0.334s] INFO:colcon.colcon_ros.task.ament_cmake.build:Building ROS package in '/home/youn/ROS/open_manipulator_ws/src/open_manipulator/open_manipulator_description' with build type 'ament_cmake'
[0.335s] INFO:colcon.colcon_cmake.task.cmake.build:Building CMake package in '/home/youn/ROS/open_manipulator_ws/src/open_manipulator/open_manipulator_description'
[0.335s] INFO:colcon.colcon_core.shell:Skip shell extension 'powershell' for command environment: Not usable outside of PowerShell
[0.335s] DEBUG:colcon.colcon_core.shell:Skip shell extension 'dsv' for command environment
[0.337s] INFO:colcon.colcon_ros.task.ament_cmake.build:Building ROS package in '/home/youn/ROS/open_manipulator_ws/src/robotis_interfaces' with build type 'ament_cmake'
[0.337s] INFO:colcon.colcon_cmake.task.cmake.build:Building CMake package in '/home/youn/ROS/open_manipulator_ws/src/robotis_interfaces'
[0.337s] INFO:colcon.colcon_core.shell:Skip shell extension 'powershell' for command environment: Not usable outside of PowerShell
[0.337s] DEBUG:colcon.colcon_core.shell:Skip shell extension 'dsv' for command environment
[0.342s] INFO:colcon.colcon_ros.task.ament_cmake.build:Building ROS package in '/home/youn/ROS/open_manipulator_ws/src/DynamixelSDK/ros/dynamixel_sdk_custom_interfaces' with build type 'ament_cmake'
[0.342s] INFO:colcon.colcon_cmake.task.cmake.build:Building CMake package in '/home/youn/ROS/open_manipulator_ws/src/DynamixelSDK/ros/dynamixel_sdk_custom_interfaces'
[0.343s] INFO:colcon.colcon_core.shell:Skip shell extension 'powershell' for command environment: Not usable outside of PowerShell
[0.343s] DEBUG:colcon.colcon_core.shell:Skip shell extension 'dsv' for command environment
[0.346s] INFO:colcon.colcon_ros.task.ament_cmake.build:Building ROS package in '/home/youn/ROS/open_manipulator_ws/src/open_manipulator/ros2_controller/om_gravity_compensation_controller' with build type 'ament_cmake'
[0.346s] INFO:colcon.colcon_cmake.task.cmake.build:Building CMake package in '/home/youn/ROS/open_manipulator_ws/src/open_manipulator/ros2_controller/om_gravity_compensation_controller'
[0.346s] INFO:colcon.colcon_core.shell:Skip shell extension 'powershell' for command environment: Not usable outside of PowerShell
[0.346s] DEBUG:colcon.colcon_core.shell:Skip shell extension 'dsv' for command environment
[0.349s] INFO:colcon.colcon_ros.task.ament_cmake.build:Building ROS package in '/home/youn/ROS/open_manipulator_ws/src/open_manipulator/ros2_controller/om_joint_trajectory_command_broadcaster' with build type 'ament_cmake'
[0.349s] INFO:colcon.colcon_cmake.task.cmake.build:Building CMake package in '/home/youn/ROS/open_manipulator_ws/src/open_manipulator/ros2_controller/om_joint_trajectory_command_broadcaster'
[0.349s] INFO:colcon.colcon_core.shell:Skip shell extension 'powershell' for command environment: Not usable outside of PowerShell
[0.349s] DEBUG:colcon.colcon_core.shell:Skip shell extension 'dsv' for command environment
[0.351s] INFO:colcon.colcon_ros.task.ament_cmake.build:Building ROS package in '/home/youn/ROS/open_manipulator_ws/src/open_manipulator/ros2_controller/om_spring_actuator_controller' with build type 'ament_cmake'
[0.351s] INFO:colcon.colcon_cmake.task.cmake.build:Building CMake package in '/home/youn/ROS/open_manipulator_ws/src/open_manipulator/ros2_controller/om_spring_actuator_controller'
[0.351s] INFO:colcon.colcon_core.shell:Skip shell extension 'powershell' for command environment: Not usable outside of PowerShell
[0.351s] DEBUG:colcon.colcon_core.shell:Skip shell extension 'dsv' for command environment
[0.354s] INFO:colcon.colcon_ros.task.ament_cmake.build:Building ROS package in '/home/youn/ROS/open_manipulator_ws/src/open_manipulator/open_manipulator_collision' with build type 'ament_cmake'
[0.354s] INFO:colcon.colcon_cmake.task.cmake.build:Building CMake package in '/home/youn/ROS/open_manipulator_ws/src/open_manipulator/open_manipulator_collision'
[0.354s] INFO:colcon.colcon_core.shell:Skip shell extension 'powershell' for command environment: Not usable outside of PowerShell
[0.354s] DEBUG:colcon.colcon_core.shell:Skip shell extension 'dsv' for command environment
[0.357s] INFO:colcon.colcon_ros.task.ament_cmake.build:Building ROS package in '/home/youn/ROS/open_manipulator_ws/src/open_manipulator/open_manipulator_gui' with build type 'ament_cmake'
[0.358s] INFO:colcon.colcon_cmake.task.cmake.build:Building CMake package in '/home/youn/ROS/open_manipulator_ws/src/open_manipulator/open_manipulator_gui'
[0.358s] INFO:colcon.colcon_core.shell:Skip shell extension 'powershell' for command environment: Not usable outside of PowerShell
[0.358s] DEBUG:colcon.colcon_core.shell:Skip shell extension 'dsv' for command environment
[0.361s] INFO:colcon.colcon_ros.task.ament_python.build:Building ROS package in '/home/youn/ROS/open_manipulator_ws/src/open_manipulator/open_manipulator_teleop' with build type 'ament_python'
[0.362s] Level 1:colcon.colcon_core.shell:create_environment_hook('open_manipulator_teleop', 'ament_prefix_path')
[0.362s] INFO:colcon.colcon_core.shell:Creating environment hook '/home/youn/ROS/open_manipulator_ws/install/open_manipulator_teleop/share/open_manipulator_teleop/hook/ament_prefix_path.ps1'
[0.363s] INFO:colcon.colcon_core.shell:Creating environment descriptor '/home/youn/ROS/open_manipulator_ws/install/open_manipulator_teleop/share/open_manipulator_teleop/hook/ament_prefix_path.dsv'
[0.363s] INFO:colcon.colcon_core.shell:Creating environment hook '/home/youn/ROS/open_manipulator_ws/install/open_manipulator_teleop/share/open_manipulator_teleop/hook/ament_prefix_path.sh'
[0.364s] INFO:colcon.colcon_core.shell:Skip shell extension 'powershell' for command environment: Not usable outside of PowerShell
[0.364s] DEBUG:colcon.colcon_core.shell:Skip shell extension 'dsv' for command environment
[0.372s] DEBUG:colcon.colcon_core.event_handler.log_command:Invoking command in '/home/youn/ROS/open_manipulator_ws/build/dynamixel_sdk': CMAKE_PREFIX_PATH=${CMAKE_PREFIX_PATH}:/home/youn/ROS/ros_workspace/install/ros_basic:/home/youn/ROS/ros_workspace/install/tf2_basic:/opt/ros/jazzy /usr/bin/cmake --build /home/youn/ROS/open_manipulator_ws/build/dynamixel_sdk
[0.376s] DEBUG:colcon.colcon_core.event_handler.log_command:Invoking command in '/home/youn/ROS/open_manipulator_ws/build/dynamixel_interfaces': CMAKE_PREFIX_PATH=${CMAKE_PREFIX_PATH}:/home/youn/ROS/ros_workspace/install/ros_basic:/home/youn/ROS/ros_workspace/install/tf2_basic:/opt/ros/jazzy /usr/bin/cmake --build /home/youn/ROS/open_manipulator_ws/build/dynamixel_interfaces
[0.378s] DEBUG:colcon.colcon_core.event_handler.log_command:Invoking command in '/home/youn/ROS/open_manipulator_ws/build/open_manipulator_description': CMAKE_PREFIX_PATH=${CMAKE_PREFIX_PATH}:/home/youn/ROS/ros_workspace/install/ros_basic:/home/youn/ROS/ros_workspace/install/tf2_basic:/opt/ros/jazzy /usr/bin/cmake --build /home/youn/ROS/open_manipulator_ws/build/open_manipulator_description
[0.382s] DEBUG:colcon.colcon_core.event_handler.log_command:Invoking command in '/home/youn/ROS/open_manipulator_ws/build/robotis_interfaces': CMAKE_PREFIX_PATH=${CMAKE_PREFIX_PATH}:/home/youn/ROS/ros_workspace/install/ros_basic:/home/youn/ROS/ros_workspace/install/tf2_basic:/opt/ros/jazzy /usr/bin/cmake --build /home/youn/ROS/open_manipulator_ws/build/robotis_interfaces
[0.386s] DEBUG:colcon.colcon_core.event_handler.log_command:Invoking command in '/home/youn/ROS/open_manipulator_ws/build/dynamixel_sdk_custom_interfaces': CMAKE_PREFIX_PATH=${CMAKE_PREFIX_PATH}:/home/youn/ROS/ros_workspace/install/ros_basic:/home/youn/ROS/ros_workspace/install/tf2_basic:/opt/ros/jazzy /usr/bin/cmake --build /home/youn/ROS/open_manipulator_ws/build/dynamixel_sdk_custom_interfaces
[0.389s] DEBUG:colcon.colcon_core.event_handler.log_command:Invoking command in '/home/youn/ROS/open_manipulator_ws/build/om_gravity_compensation_controller': CMAKE_PREFIX_PATH=${CMAKE_PREFIX_PATH}:/home/youn/ROS/ros_workspace/install/ros_basic:/home/youn/ROS/ros_workspace/install/tf2_basic:/opt/ros/jazzy /usr/bin/cmake --build /home/youn/ROS/open_manipulator_ws/build/om_gravity_compensation_controller
[0.396s] DEBUG:colcon.colcon_core.event_handler.log_command:Invoking command in '/home/youn/ROS/open_manipulator_ws/build/om_joint_trajectory_command_broadcaster': CMAKE_PREFIX_PATH=${CMAKE_PREFIX_PATH}:/home/youn/ROS/ros_workspace/install/ros_basic:/home/youn/ROS/ros_workspace/install/tf2_basic:/opt/ros/jazzy /usr/bin/cmake --build /home/youn/ROS/open_manipulator_ws/build/om_joint_trajectory_command_broadcaster
[0.398s] DEBUG:colcon.colcon_core.event_handler.log_command:Invoking command in '/home/youn/ROS/open_manipulator_ws/build/om_spring_actuator_controller': CMAKE_PREFIX_PATH=${CMAKE_PREFIX_PATH}:/home/youn/ROS/ros_workspace/install/ros_basic:/home/youn/ROS/ros_workspace/install/tf2_basic:/opt/ros/jazzy /usr/bin/cmake --build /home/youn/ROS/open_manipulator_ws/build/om_spring_actuator_controller
[0.405s] DEBUG:colcon.colcon_core.event_handler.log_command:Invoking command in '/home/youn/ROS/open_manipulator_ws/build/open_manipulator_collision': CMAKE_PREFIX_PATH=${CMAKE_PREFIX_PATH}:/home/youn/ROS/ros_workspace/install/ros_basic:/home/youn/ROS/ros_workspace/install/tf2_basic:/opt/ros/jazzy /usr/bin/cmake --build /home/youn/ROS/open_manipulator_ws/build/open_manipulator_collision
[0.410s] DEBUG:colcon.colcon_core.event_handler.log_command:Invoking command in '/home/youn/ROS/open_manipulator_ws/build/open_manipulator_gui': CMAKE_PREFIX_PATH=${CMAKE_PREFIX_PATH}:/home/youn/ROS/ros_workspace/install/ros_basic:/home/youn/ROS/ros_workspace/install/tf2_basic:/opt/ros/jazzy /usr/bin/cmake --build /home/youn/ROS/open_manipulator_ws/build/open_manipulator_gui
[0.736s] INFO:colcon.colcon_core.task.python.build:Building Python package in '/home/youn/ROS/open_manipulator_ws/src/open_manipulator/open_manipulator_teleop'
[0.737s] INFO:colcon.colcon_core.shell:Skip shell extension 'powershell' for command environment: Not usable outside of PowerShell
[0.737s] DEBUG:colcon.colcon_core.shell:Skip shell extension 'dsv' for command environment
[0.748s] DEBUG:colcon.colcon_core.event_handler.log_command:Invoked command in '/home/youn/ROS/open_manipulator_ws/build/open_manipulator_description' returned '0': CMAKE_PREFIX_PATH=${CMAKE_PREFIX_PATH}:/home/youn/ROS/ros_workspace/install/ros_basic:/home/youn/ROS/ros_workspace/install/tf2_basic:/opt/ros/jazzy /usr/bin/cmake --build /home/youn/ROS/open_manipulator_ws/build/open_manipulator_description
[0.770s] DEBUG:colcon.colcon_core.event_handler.log_command:Invoking command in '/home/youn/ROS/open_manipulator_ws/build/open_manipulator_description': CMAKE_PREFIX_PATH=${CMAKE_PREFIX_PATH}:/home/youn/ROS/ros_workspace/install/ros_basic:/home/youn/ROS/ros_workspace/install/tf2_basic:/opt/ros/jazzy /usr/bin/cmake --install /home/youn/ROS/open_manipulator_ws/build/open_manipulator_description
[1.653s] DEBUG:colcon.colcon_core.event_handler.log_command:Invoked command in '/home/youn/ROS/open_manipulator_ws/build/dynamixel_interfaces' returned '0': CMAKE_PREFIX_PATH=${CMAKE_PREFIX_PATH}:/home/youn/ROS/ros_workspace/install/ros_basic:/home/youn/ROS/ros_workspace/install/tf2_basic:/opt/ros/jazzy /usr/bin/cmake --build /home/youn/ROS/open_manipulator_ws/build/dynamixel_interfaces
[1.672s] Level 1:colcon.colcon_core.environment:create_environment_scripts_only(open_manipulator_description)
[1.678s] Level 1:colcon.colcon_core.environment:checking '/home/youn/ROS/open_manipulator_ws/install/open_manipulator_description' for CMake module files
[1.679s] Level 1:colcon.colcon_core.environment:checking '/home/youn/ROS/open_manipulator_ws/install/open_manipulator_description' for CMake config files
[1.686s] DEBUG:colcon.colcon_core.event_handler.log_command:Invoking command in '/home/youn/ROS/open_manipulator_ws/build/dynamixel_interfaces': CMAKE_PREFIX_PATH=${CMAKE_PREFIX_PATH}:/home/youn/ROS/ros_workspace/install/ros_basic:/home/youn/ROS/ros_workspace/install/tf2_basic:/opt/ros/jazzy /usr/bin/cmake --install /home/youn/ROS/open_manipulator_ws/build/dynamixel_interfaces
[1.690s] DEBUG:colcon.colcon_core.event_handler.log_command:Invoked command in '/home/youn/ROS/open_manipulator_ws/build/open_manipulator_description' returned '0': CMAKE_PREFIX_PATH=${CMAKE_PREFIX_PATH}:/home/youn/ROS/ros_workspace/install/ros_basic:/home/youn/ROS/ros_workspace/install/tf2_basic:/opt/ros/jazzy /usr/bin/cmake --install /home/youn/ROS/open_manipulator_ws/build/open_manipulator_description
[1.695s] Level 1:colcon.colcon_core.shell:create_environment_hook('open_manipulator_description', 'cmake_prefix_path')
[1.695s] INFO:colcon.colcon_core.shell:Creating environment hook '/home/youn/ROS/open_manipulator_ws/install/open_manipulator_description/share/open_manipulator_description/hook/cmake_prefix_path.ps1'
[1.696s] INFO:colcon.colcon_core.shell:Creating environment descriptor '/home/youn/ROS/open_manipulator_ws/install/open_manipulator_description/share/open_manipulator_description/hook/cmake_prefix_path.dsv'
[1.697s] INFO:colcon.colcon_core.shell:Creating environment hook '/home/youn/ROS/open_manipulator_ws/install/open_manipulator_description/share/open_manipulator_description/hook/cmake_prefix_path.sh'
[1.698s] Level 1:colcon.colcon_core.environment:checking '/home/youn/ROS/open_manipulator_ws/install/open_manipulator_description/bin'
[1.698s] Level 1:colcon.colcon_core.environment:checking '/home/youn/ROS/open_manipulator_ws/install/open_manipulator_description/lib/pkgconfig/open_manipulator_description.pc'
[1.698s] Level 1:colcon.colcon_core.environment:checking '/home/youn/ROS/open_manipulator_ws/install/open_manipulator_description/lib/python3.12/site-packages'
[1.698s] Level 1:colcon.colcon_core.environment:checking '/home/youn/ROS/open_manipulator_ws/install/open_manipulator_description/bin'
[1.700s] INFO:colcon.colcon_core.shell:Creating package script '/home/youn/ROS/open_manipulator_ws/install/open_manipulator_description/share/open_manipulator_description/package.ps1'
[1.705s] INFO:colcon.colcon_core.shell:Creating package descriptor '/home/youn/ROS/open_manipulator_ws/install/open_manipulator_description/share/open_manipulator_description/package.dsv'
[1.710s] INFO:colcon.colcon_core.shell:Creating package script '/home/youn/ROS/open_manipulator_ws/install/open_manipulator_description/share/open_manipulator_description/package.sh'
[1.713s] INFO:colcon.colcon_core.shell:Creating package script '/home/youn/ROS/open_manipulator_ws/install/open_manipulator_description/share/open_manipulator_description/package.bash'
[1.715s] INFO:colcon.colcon_core.shell:Creating package script '/home/youn/ROS/open_manipulator_ws/install/open_manipulator_description/share/open_manipulator_description/package.zsh'
[1.717s] Level 1:colcon.colcon_core.environment:create_file_with_runtime_dependencies(/home/youn/ROS/open_manipulator_ws/install/open_manipulator_description/share/colcon-core/packages/open_manipulator_description)
[1.719s] Level 1:colcon.colcon_core.environment:create_environment_scripts_only(open_manipulator_description)
[1.719s] Level 1:colcon.colcon_core.environment:checking '/home/youn/ROS/open_manipulator_ws/install/open_manipulator_description' for CMake module files
[1.727s] Level 1:colcon.colcon_core.environment:checking '/home/youn/ROS/open_manipulator_ws/install/open_manipulator_description' for CMake config files
[1.755s] Level 1:colcon.colcon_core.shell:create_environment_hook('open_manipulator_description', 'cmake_prefix_path')
[1.756s] INFO:colcon.colcon_core.shell:Creating environment hook '/home/youn/ROS/open_manipulator_ws/install/open_manipulator_description/share/open_manipulator_description/hook/cmake_prefix_path.ps1'
[1.757s] INFO:colcon.colcon_core.shell:Creating environment descriptor '/home/youn/ROS/open_manipulator_ws/install/open_manipulator_description/share/open_manipulator_description/hook/cmake_prefix_path.dsv'
[1.757s] INFO:colcon.colcon_core.shell:Creating environment hook '/home/youn/ROS/open_manipulator_ws/install/open_manipulator_description/share/open_manipulator_description/hook/cmake_prefix_path.sh'
[1.758s] Level 1:colcon.colcon_core.environment:checking '/home/youn/ROS/open_manipulator_ws/install/open_manipulator_description/bin'
[1.758s] Level 1:colcon.colcon_core.environment:checking '/home/youn/ROS/open_manipulator_ws/install/open_manipulator_description/lib/pkgconfig/open_manipulator_description.pc'
[1.759s] Level 1:colcon.colcon_core.environment:checking '/home/youn/ROS/open_manipulator_ws/install/open_manipulator_description/lib/python3.12/site-packages'
[1.759s] Level 1:colcon.colcon_core.environment:checking '/home/youn/ROS/open_manipulator_ws/install/open_manipulator_description/bin'
[1.760s] INFO:colcon.colcon_core.shell:Creating package script '/home/youn/ROS/open_manipulator_ws/install/open_manipulator_description/share/open_manipulator_description/package.ps1'
[1.761s] INFO:colcon.colcon_core.shell:Creating package descriptor '/home/youn/ROS/open_manipulator_ws/install/open_manipulator_description/share/open_manipulator_description/package.dsv'
[1.762s] INFO:colcon.colcon_core.shell:Creating package script '/home/youn/ROS/open_manipulator_ws/install/open_manipulator_description/share/open_manipulator_description/package.sh'
[1.764s] INFO:colcon.colcon_core.shell:Creating package script '/home/youn/ROS/open_manipulator_ws/install/open_manipulator_description/share/open_manipulator_description/package.bash'
[1.765s] INFO:colcon.colcon_core.shell:Creating package script '/home/youn/ROS/open_manipulator_ws/install/open_manipulator_description/share/open_manipulator_description/package.zsh'
[1.767s] Level 1:colcon.colcon_core.environment:create_file_with_runtime_dependencies(/home/youn/ROS/open_manipulator_ws/install/open_manipulator_description/share/colcon-core/packages/open_manipulator_description)
[1.769s] INFO:colcon.colcon_ros.task.ament_cmake.build:Building ROS package in '/home/youn/ROS/open_manipulator_ws/src/open_manipulator/open_manipulator_moveit_config' with build type 'ament_cmake'
[1.770s] INFO:colcon.colcon_cmake.task.cmake.build:Building CMake package in '/home/youn/ROS/open_manipulator_ws/src/open_manipulator/open_manipulator_moveit_config'
[1.770s] INFO:colcon.colcon_core.shell:Skip shell extension 'powershell' for command environment: Not usable outside of PowerShell
[1.770s] DEBUG:colcon.colcon_core.shell:Skip shell extension 'dsv' for command environment
[1.777s] DEBUG:colcon.colcon_core.task.python.build:Available setuptools commands: develop, rotate, build_py, check, egg_info, build_ext, register, symlink_data, install_egg_info, install_headers, upload_docs, build_scripts, extract_messages, clean, bdist_rpm, test, update_catalog, saveopts, setopt, compile_catalog, install_data, easy_install, install_scripts, sdist, editable_wheel, build_clib, init_catalog, bdist_egg, build, alias, bdist, install, bdist_dumb, install_lib, upload, dist_info
[1.780s] DEBUG:colcon.colcon_core.event_handler.log_command:Invoked command in '/home/youn/ROS/open_manipulator_ws/build/robotis_interfaces' returned '0': CMAKE_PREFIX_PATH=${CMAKE_PREFIX_PATH}:/home/youn/ROS/ros_workspace/install/ros_basic:/home/youn/ROS/ros_workspace/install/tf2_basic:/opt/ros/jazzy /usr/bin/cmake --build /home/youn/ROS/open_manipulator_ws/build/robotis_interfaces
[1.784s] DEBUG:colcon.colcon_core.event_handler.log_command:Invoking command in '/home/youn/ROS/open_manipulator_ws/build/robotis_interfaces': CMAKE_PREFIX_PATH=${CMAKE_PREFIX_PATH}:/home/youn/ROS/ros_workspace/install/ros_basic:/home/youn/ROS/ros_workspace/install/tf2_basic:/opt/ros/jazzy /usr/bin/cmake --install /home/youn/ROS/open_manipulator_ws/build/robotis_interfaces
[1.785s] DEBUG:colcon.colcon_core.event_handler.log_command:Invoked command in '/home/youn/ROS/open_manipulator_ws/build/dynamixel_sdk_custom_interfaces' returned '0': CMAKE_PREFIX_PATH=${CMAKE_PREFIX_PATH}:/home/youn/ROS/ros_workspace/install/ros_basic:/home/youn/ROS/ros_workspace/install/tf2_basic:/opt/ros/jazzy /usr/bin/cmake --build /home/youn/ROS/open_manipulator_ws/build/dynamixel_sdk_custom_interfaces
[1.788s] DEBUG:colcon.colcon_core.event_handler.log_command:Invoking command in '/home/youn/ROS/open_manipulator_ws/build/dynamixel_sdk_custom_interfaces': CMAKE_PREFIX_PATH=${CMAKE_PREFIX_PATH}:/home/youn/ROS/ros_workspace/install/ros_basic:/home/youn/ROS/ros_workspace/install/tf2_basic:/opt/ros/jazzy /usr/bin/cmake --install /home/youn/ROS/open_manipulator_ws/build/dynamixel_sdk_custom_interfaces
[1.793s] DEBUG:colcon.colcon_core.event_handler.log_command:Invoked command in '/home/youn/ROS/open_manipulator_ws/build/dynamixel_sdk' returned '0': CMAKE_PREFIX_PATH=${CMAKE_PREFIX_PATH}:/home/youn/ROS/ros_workspace/install/ros_basic:/home/youn/ROS/ros_workspace/install/tf2_basic:/opt/ros/jazzy /usr/bin/cmake --build /home/youn/ROS/open_manipulator_ws/build/dynamixel_sdk
[1.797s] DEBUG:colcon.colcon_core.event_handler.log_command:Invoking command in '/home/youn/ROS/open_manipulator_ws/build/dynamixel_sdk': CMAKE_PREFIX_PATH=${CMAKE_PREFIX_PATH}:/home/youn/ROS/ros_workspace/install/ros_basic:/home/youn/ROS/ros_workspace/install/tf2_basic:/opt/ros/jazzy /usr/bin/cmake --install /home/youn/ROS/open_manipulator_ws/build/dynamixel_sdk
[1.843s] Level 1:colcon.colcon_core.environment:create_environment_scripts_only(dynamixel_interfaces)
[1.844s] Level 1:colcon.colcon_core.environment:checking '/home/youn/ROS/open_manipulator_ws/install/dynamixel_interfaces' for CMake module files
[1.854s] Level 1:colcon.colcon_core.environment:checking '/home/youn/ROS/open_manipulator_ws/install/dynamixel_interfaces' for CMake config files
[1.858s] Level 1:colcon.colcon_core.shell:create_environment_hook('dynamixel_interfaces', 'cmake_prefix_path')
[1.858s] INFO:colcon.colcon_core.shell:Creating environment hook '/home/youn/ROS/open_manipulator_ws/install/dynamixel_interfaces/share/dynamixel_interfaces/hook/cmake_prefix_path.ps1'
[1.859s] INFO:colcon.colcon_core.shell:Creating environment descriptor '/home/youn/ROS/open_manipulator_ws/install/dynamixel_interfaces/share/dynamixel_interfaces/hook/cmake_prefix_path.dsv'
[1.860s] INFO:colcon.colcon_core.shell:Creating environment hook '/home/youn/ROS/open_manipulator_ws/install/dynamixel_interfaces/share/dynamixel_interfaces/hook/cmake_prefix_path.sh'
[1.863s] Level 1:colcon.colcon_core.environment:checking '/home/youn/ROS/open_manipulator_ws/install/dynamixel_interfaces/lib'
[1.864s] Level 1:colcon.colcon_core.shell:create_environment_hook('dynamixel_interfaces', 'ld_library_path_lib')
[1.865s] INFO:colcon.colcon_core.shell:Creating environment hook '/home/youn/ROS/open_manipulator_ws/install/dynamixel_interfaces/share/dynamixel_interfaces/hook/ld_library_path_lib.ps1'
[1.874s] INFO:colcon.colcon_core.shell:Creating environment descriptor '/home/youn/ROS/open_manipulator_ws/install/dynamixel_interfaces/share/dynamixel_interfaces/hook/ld_library_path_lib.dsv'
[1.875s] INFO:colcon.colcon_core.shell:Creating environment hook '/home/youn/ROS/open_manipulator_ws/install/dynamixel_interfaces/share/dynamixel_interfaces/hook/ld_library_path_lib.sh'
[1.876s] Level 1:colcon.colcon_core.environment:checking '/home/youn/ROS/open_manipulator_ws/install/dynamixel_interfaces/bin'
[1.876s] Level 1:colcon.colcon_core.environment:checking '/home/youn/ROS/open_manipulator_ws/install/dynamixel_interfaces/lib/pkgconfig/dynamixel_interfaces.pc'
[1.876s] Level 1:colcon.colcon_core.environment:checking '/home/youn/ROS/open_manipulator_ws/install/dynamixel_interfaces/lib/python3.12/site-packages'
[1.876s] Level 1:colcon.colcon_core.shell:create_environment_hook('dynamixel_interfaces', 'pythonpath')
[1.877s] INFO:colcon.colcon_core.shell:Creating environment hook '/home/youn/ROS/open_manipulator_ws/install/dynamixel_interfaces/share/dynamixel_interfaces/hook/pythonpath.ps1'
[1.878s] INFO:colcon.colcon_core.shell:Creating environment descriptor '/home/youn/ROS/open_manipulator_ws/install/dynamixel_interfaces/share/dynamixel_interfaces/hook/pythonpath.dsv'
[1.879s] INFO:colcon.colcon_core.shell:Creating environment hook '/home/youn/ROS/open_manipulator_ws/install/dynamixel_interfaces/share/dynamixel_interfaces/hook/pythonpath.sh'
[1.884s] DEBUG:colcon.colcon_core.event_handler.log_command:Invoking command in '/home/youn/ROS/open_manipulator_ws/build/open_manipulator_moveit_config': AMENT_PREFIX_PATH=/home/youn/ROS/open_manipulator_ws/install/open_manipulator_description:${AMENT_PREFIX_PATH} CMAKE_PREFIX_PATH=/home/youn/ROS/open_manipulator_ws/install/open_manipulator_description:/home/youn/ROS/ros_workspace/install/user_interface:/opt/ros/jazzy/opt/gz_sim_vendor:/opt/ros/jazzy/opt/gz_sensors_vendor:/opt/ros/jazzy/opt/gz_physics_vendor:/opt/ros/jazzy/opt/sdformat_vendor:/opt/ros/jazzy/opt/gz_gui_vendor:/opt/ros/jazzy/opt/gz_transport_vendor:/opt/ros/jazzy/opt/gz_rendering_vendor:/opt/ros/jazzy/opt/gz_plugin_vendor:/opt/ros/jazzy/opt/gz_fuel_tools_vendor:/opt/ros/jazzy/opt/gz_msgs_vendor:/opt/ros/jazzy/opt/gz_common_vendor:/opt/ros/jazzy/opt/gz_math_vendor:/opt/ros/jazzy/opt/gz_utils_vendor:/opt/ros/jazzy/opt/gz_tools_vendor:/opt/ros/jazzy/opt/gz_ogre_next_vendor:/opt/ros/jazzy/opt/gz_dartsim_vendor:/opt/ros/jazzy/opt/gz_cmake_vendor:/home/youn/ROS/ros_workspace/install/ros_basic:/home/youn/ROS/ros_workspace/install/tf2_basic:/opt/ros/jazzy /usr/bin/cmake --build /home/youn/ROS/open_manipulator_ws/build/open_manipulator_moveit_config
[1.885s] DEBUG:colcon.colcon_core.event_handler.log_command:Invoked command in '/home/youn/ROS/open_manipulator_ws/build/dynamixel_interfaces' returned '0': CMAKE_PREFIX_PATH=${CMAKE_PREFIX_PATH}:/home/youn/ROS/ros_workspace/install/ros_basic:/home/youn/ROS/ros_workspace/install/tf2_basic:/opt/ros/jazzy /usr/bin/cmake --install /home/youn/ROS/open_manipulator_ws/build/dynamixel_interfaces
[1.888s] Level 1:colcon.colcon_core.environment:checking '/home/youn/ROS/open_manipulator_ws/install/dynamixel_interfaces/bin'
[1.888s] INFO:colcon.colcon_core.shell:Creating package script '/home/youn/ROS/open_manipulator_ws/install/dynamixel_interfaces/share/dynamixel_interfaces/package.ps1'
[1.889s] INFO:colcon.colcon_core.shell:Creating package descriptor '/home/youn/ROS/open_manipulator_ws/install/dynamixel_interfaces/share/dynamixel_interfaces/package.dsv'
[1.890s] INFO:colcon.colcon_core.shell:Creating package script '/home/youn/ROS/open_manipulator_ws/install/dynamixel_interfaces/share/dynamixel_interfaces/package.sh'
[1.891s] INFO:colcon.colcon_core.shell:Creating package script '/home/youn/ROS/open_manipulator_ws/install/dynamixel_interfaces/share/dynamixel_interfaces/package.bash'
[1.891s] INFO:colcon.colcon_core.shell:Creating package script '/home/youn/ROS/open_manipulator_ws/install/dynamixel_interfaces/share/dynamixel_interfaces/package.zsh'
[1.892s] Level 1:colcon.colcon_core.environment:create_file_with_runtime_dependencies(/home/youn/ROS/open_manipulator_ws/install/dynamixel_interfaces/share/colcon-core/packages/dynamixel_interfaces)
[1.893s] Level 1:colcon.colcon_core.environment:create_environment_scripts_only(dynamixel_interfaces)
[1.893s] Level 1:colcon.colcon_core.environment:checking '/home/youn/ROS/open_manipulator_ws/install/dynamixel_interfaces' for CMake module files
[1.894s] Level 1:colcon.colcon_core.environment:checking '/home/youn/ROS/open_manipulator_ws/install/dynamixel_interfaces' for CMake config files
[1.897s] Level 1:colcon.colcon_core.shell:create_environment_hook('dynamixel_interfaces', 'cmake_prefix_path')
[1.898s] INFO:colcon.colcon_core.shell:Creating environment hook '/home/youn/ROS/open_manipulator_ws/install/dynamixel_interfaces/share/dynamixel_interfaces/hook/cmake_prefix_path.ps1'
[1.898s] INFO:colcon.colcon_core.shell:Creating environment descriptor '/home/youn/ROS/open_manipulator_ws/install/dynamixel_interfaces/share/dynamixel_interfaces/hook/cmake_prefix_path.dsv'
[1.899s] INFO:colcon.colcon_core.shell:Creating environment hook '/home/youn/ROS/open_manipulator_ws/install/dynamixel_interfaces/share/dynamixel_interfaces/hook/cmake_prefix_path.sh'
[1.900s] Level 1:colcon.colcon_core.environment:checking '/home/youn/ROS/open_manipulator_ws/install/dynamixel_interfaces/lib'
[1.901s] Level 1:colcon.colcon_core.shell:create_environment_hook('dynamixel_interfaces', 'ld_library_path_lib')
[1.901s] INFO:colcon.colcon_core.shell:Creating environment hook '/home/youn/ROS/open_manipulator_ws/install/dynamixel_interfaces/share/dynamixel_interfaces/hook/ld_library_path_lib.ps1'
[1.904s] INFO:colcon.colcon_core.shell:Creating environment descriptor '/home/youn/ROS/open_manipulator_ws/install/dynamixel_interfaces/share/dynamixel_interfaces/hook/ld_library_path_lib.dsv'
[1.908s] INFO:colcon.colcon_core.shell:Creating environment hook '/home/youn/ROS/open_manipulator_ws/install/dynamixel_interfaces/share/dynamixel_interfaces/hook/ld_library_path_lib.sh'
[1.909s] Level 1:colcon.colcon_core.environment:checking '/home/youn/ROS/open_manipulator_ws/install/dynamixel_interfaces/bin'
[1.909s] Level 1:colcon.colcon_core.environment:checking '/home/youn/ROS/open_manipulator_ws/install/dynamixel_interfaces/lib/pkgconfig/dynamixel_interfaces.pc'
[1.910s] Level 1:colcon.colcon_core.environment:checking '/home/youn/ROS/open_manipulator_ws/install/dynamixel_interfaces/lib/python3.12/site-packages'
[1.910s] Level 1:colcon.colcon_core.shell:create_environment_hook('dynamixel_interfaces', 'pythonpath')
[1.910s] INFO:colcon.colcon_core.shell:Creating environment hook '/home/youn/ROS/open_manipulator_ws/install/dynamixel_interfaces/share/dynamixel_interfaces/hook/pythonpath.ps1'
[1.914s] INFO:colcon.colcon_core.shell:Creating environment descriptor '/home/youn/ROS/open_manipulator_ws/install/dynamixel_interfaces/share/dynamixel_interfaces/hook/pythonpath.dsv'
[1.918s] INFO:colcon.colcon_core.shell:Creating environment hook '/home/youn/ROS/open_manipulator_ws/install/dynamixel_interfaces/share/dynamixel_interfaces/hook/pythonpath.sh'
[1.920s] Level 1:colcon.colcon_core.environment:checking '/home/youn/ROS/open_manipulator_ws/install/dynamixel_interfaces/bin'
[1.921s] INFO:colcon.colcon_core.shell:Creating package script '/home/youn/ROS/open_manipulator_ws/install/dynamixel_interfaces/share/dynamixel_interfaces/package.ps1'
[1.923s] INFO:colcon.colcon_core.shell:Creating package descriptor '/home/youn/ROS/open_manipulator_ws/install/dynamixel_interfaces/share/dynamixel_interfaces/package.dsv'
[1.930s] INFO:colcon.colcon_core.shell:Creating package script '/home/youn/ROS/open_manipulator_ws/install/dynamixel_interfaces/share/dynamixel_interfaces/package.sh'
[1.931s] INFO:colcon.colcon_core.shell:Creating package script '/home/youn/ROS/open_manipulator_ws/install/dynamixel_interfaces/share/dynamixel_interfaces/package.bash'
[1.932s] INFO:colcon.colcon_core.shell:Creating package script '/home/youn/ROS/open_manipulator_ws/install/dynamixel_interfaces/share/dynamixel_interfaces/package.zsh'
[1.933s] Level 1:colcon.colcon_core.environment:create_file_with_runtime_dependencies(/home/youn/ROS/open_manipulator_ws/install/dynamixel_interfaces/share/colcon-core/packages/dynamixel_interfaces)
[1.938s] Level 1:colcon.colcon_core.environment:create_environment_scripts_only(dynamixel_sdk_custom_interfaces)
[1.938s] Level 1:colcon.colcon_core.environment:checking '/home/youn/ROS/open_manipulator_ws/install/dynamixel_sdk_custom_interfaces' for CMake module files
[1.941s] DEBUG:colcon.colcon_core.event_handler.log_command:Invoked command in '/home/youn/ROS/open_manipulator_ws/build/dynamixel_sdk_custom_interfaces' returned '0': CMAKE_PREFIX_PATH=${CMAKE_PREFIX_PATH}:/home/youn/ROS/ros_workspace/install/ros_basic:/home/youn/ROS/ros_workspace/install/tf2_basic:/opt/ros/jazzy /usr/bin/cmake --install /home/youn/ROS/open_manipulator_ws/build/dynamixel_sdk_custom_interfaces
[1.942s] Level 1:colcon.colcon_core.environment:checking '/home/youn/ROS/open_manipulator_ws/install/dynamixel_sdk_custom_interfaces' for CMake config files
[1.943s] Level 1:colcon.colcon_core.shell:create_environment_hook('dynamixel_sdk_custom_interfaces', 'cmake_prefix_path')
[1.943s] INFO:colcon.colcon_core.shell:Creating environment hook '/home/youn/ROS/open_manipulator_ws/install/dynamixel_sdk_custom_interfaces/share/dynamixel_sdk_custom_interfaces/hook/cmake_prefix_path.ps1'
[1.944s] INFO:colcon.colcon_core.shell:Creating environment descriptor '/home/youn/ROS/open_manipulator_ws/install/dynamixel_sdk_custom_interfaces/share/dynamixel_sdk_custom_interfaces/hook/cmake_prefix_path.dsv'
[1.945s] INFO:colcon.colcon_core.shell:Creating environment hook '/home/youn/ROS/open_manipulator_ws/install/dynamixel_sdk_custom_interfaces/share/dynamixel_sdk_custom_interfaces/hook/cmake_prefix_path.sh'
[1.947s] Level 1:colcon.colcon_core.environment:checking '/home/youn/ROS/open_manipulator_ws/install/dynamixel_sdk_custom_interfaces/lib'
[1.947s] Level 1:colcon.colcon_core.shell:create_environment_hook('dynamixel_sdk_custom_interfaces', 'ld_library_path_lib')
[1.947s] INFO:colcon.colcon_core.shell:Creating environment hook '/home/youn/ROS/open_manipulator_ws/install/dynamixel_sdk_custom_interfaces/share/dynamixel_sdk_custom_interfaces/hook/ld_library_path_lib.ps1'
[1.948s] INFO:colcon.colcon_core.shell:Creating environment descriptor '/home/youn/ROS/open_manipulator_ws/install/dynamixel_sdk_custom_interfaces/share/dynamixel_sdk_custom_interfaces/hook/ld_library_path_lib.dsv'
[1.949s] INFO:colcon.colcon_core.shell:Creating environment hook '/home/youn/ROS/open_manipulator_ws/install/dynamixel_sdk_custom_interfaces/share/dynamixel_sdk_custom_interfaces/hook/ld_library_path_lib.sh'
[1.949s] Level 1:colcon.colcon_core.environment:checking '/home/youn/ROS/open_manipulator_ws/install/dynamixel_sdk_custom_interfaces/bin'
[1.949s] Level 1:colcon.colcon_core.environment:checking '/home/youn/ROS/open_manipulator_ws/install/dynamixel_sdk_custom_interfaces/lib/pkgconfig/dynamixel_sdk_custom_interfaces.pc'
[1.950s] Level 1:colcon.colcon_core.environment:checking '/home/youn/ROS/open_manipulator_ws/install/dynamixel_sdk_custom_interfaces/lib/python3.12/site-packages'
[1.950s] Level 1:colcon.colcon_core.shell:create_environment_hook('dynamixel_sdk_custom_interfaces', 'pythonpath')
[1.950s] INFO:colcon.colcon_core.shell:Creating environment hook '/home/youn/ROS/open_manipulator_ws/install/dynamixel_sdk_custom_interfaces/share/dynamixel_sdk_custom_interfaces/hook/pythonpath.ps1'
[1.951s] INFO:colcon.colcon_core.shell:Creating environment descriptor '/home/youn/ROS/open_manipulator_ws/install/dynamixel_sdk_custom_interfaces/share/dynamixel_sdk_custom_interfaces/hook/pythonpath.dsv'
[1.951s] INFO:colcon.colcon_core.shell:Creating environment hook '/home/youn/ROS/open_manipulator_ws/install/dynamixel_sdk_custom_interfaces/share/dynamixel_sdk_custom_interfaces/hook/pythonpath.sh'
[1.952s] Level 1:colcon.colcon_core.environment:checking '/home/youn/ROS/open_manipulator_ws/install/dynamixel_sdk_custom_interfaces/bin'
[1.953s] INFO:colcon.colcon_core.shell:Creating package script '/home/youn/ROS/open_manipulator_ws/install/dynamixel_sdk_custom_interfaces/share/dynamixel_sdk_custom_interfaces/package.ps1'
[1.954s] INFO:colcon.colcon_core.shell:Creating package descriptor '/home/youn/ROS/open_manipulator_ws/install/dynamixel_sdk_custom_interfaces/share/dynamixel_sdk_custom_interfaces/package.dsv'
[1.955s] INFO:colcon.colcon_core.shell:Creating package script '/home/youn/ROS/open_manipulator_ws/install/dynamixel_sdk_custom_interfaces/share/dynamixel_sdk_custom_interfaces/package.sh'
[1.955s] INFO:colcon.colcon_core.shell:Creating package script '/home/youn/ROS/open_manipulator_ws/install/dynamixel_sdk_custom_interfaces/share/dynamixel_sdk_custom_interfaces/package.bash'
[1.956s] INFO:colcon.colcon_core.shell:Creating package script '/home/youn/ROS/open_manipulator_ws/install/dynamixel_sdk_custom_interfaces/share/dynamixel_sdk_custom_interfaces/package.zsh'
[1.957s] Level 1:colcon.colcon_core.environment:create_file_with_runtime_dependencies(/home/youn/ROS/open_manipulator_ws/install/dynamixel_sdk_custom_interfaces/share/colcon-core/packages/dynamixel_sdk_custom_interfaces)
[1.958s] Level 1:colcon.colcon_core.environment:create_environment_scripts_only(dynamixel_sdk_custom_interfaces)
[1.959s] Level 1:colcon.colcon_core.environment:checking '/home/youn/ROS/open_manipulator_ws/install/dynamixel_sdk_custom_interfaces' for CMake module files
[1.959s] Level 1:colcon.colcon_core.environment:checking '/home/youn/ROS/open_manipulator_ws/install/dynamixel_sdk_custom_interfaces' for CMake config files
[1.960s] Level 1:colcon.colcon_core.shell:create_environment_hook('dynamixel_sdk_custom_interfaces', 'cmake_prefix_path')
[1.960s] INFO:colcon.colcon_core.shell:Creating environment hook '/home/youn/ROS/open_manipulator_ws/install/dynamixel_sdk_custom_interfaces/share/dynamixel_sdk_custom_interfaces/hook/cmake_prefix_path.ps1'
[1.961s] INFO:colcon.colcon_core.shell:Creating environment descriptor '/home/youn/ROS/open_manipulator_ws/install/dynamixel_sdk_custom_interfaces/share/dynamixel_sdk_custom_interfaces/hook/cmake_prefix_path.dsv'
[1.961s] INFO:colcon.colcon_core.shell:Creating environment hook '/home/youn/ROS/open_manipulator_ws/install/dynamixel_sdk_custom_interfaces/share/dynamixel_sdk_custom_interfaces/hook/cmake_prefix_path.sh'
[1.962s] Level 1:colcon.colcon_core.environment:checking '/home/youn/ROS/open_manipulator_ws/install/dynamixel_sdk_custom_interfaces/lib'
[1.963s] Level 1:colcon.colcon_core.shell:create_environment_hook('dynamixel_sdk_custom_interfaces', 'ld_library_path_lib')
[1.963s] INFO:colcon.colcon_core.shell:Creating environment hook '/home/youn/ROS/open_manipulator_ws/install/dynamixel_sdk_custom_interfaces/share/dynamixel_sdk_custom_interfaces/hook/ld_library_path_lib.ps1'
[1.964s] INFO:colcon.colcon_core.shell:Creating environment descriptor '/home/youn/ROS/open_manipulator_ws/install/dynamixel_sdk_custom_interfaces/share/dynamixel_sdk_custom_interfaces/hook/ld_library_path_lib.dsv'
[1.964s] INFO:colcon.colcon_core.shell:Creating environment hook '/home/youn/ROS/open_manipulator_ws/install/dynamixel_sdk_custom_interfaces/share/dynamixel_sdk_custom_interfaces/hook/ld_library_path_lib.sh'
[1.965s] Level 1:colcon.colcon_core.environment:checking '/home/youn/ROS/open_manipulator_ws/install/dynamixel_sdk_custom_interfaces/bin'
[1.965s] Level 1:colcon.colcon_core.environment:checking '/home/youn/ROS/open_manipulator_ws/install/dynamixel_sdk_custom_interfaces/lib/pkgconfig/dynamixel_sdk_custom_interfaces.pc'
[1.965s] Level 1:colcon.colcon_core.environment:checking '/home/youn/ROS/open_manipulator_ws/install/dynamixel_sdk_custom_interfaces/lib/python3.12/site-packages'
[1.965s] Level 1:colcon.colcon_core.shell:create_environment_hook('dynamixel_sdk_custom_interfaces', 'pythonpath')
[1.966s] INFO:colcon.colcon_core.shell:Creating environment hook '/home/youn/ROS/open_manipulator_ws/install/dynamixel_sdk_custom_interfaces/share/dynamixel_sdk_custom_interfaces/hook/pythonpath.ps1'
[1.966s] INFO:colcon.colcon_core.shell:Creating environment descriptor '/home/youn/ROS/open_manipulator_ws/install/dynamixel_sdk_custom_interfaces/share/dynamixel_sdk_custom_interfaces/hook/pythonpath.dsv'
[1.967s] INFO:colcon.colcon_core.shell:Creating environment hook '/home/youn/ROS/open_manipulator_ws/install/dynamixel_sdk_custom_interfaces/share/dynamixel_sdk_custom_interfaces/hook/pythonpath.sh'
[1.968s] Level 1:colcon.colcon_core.environment:checking '/home/youn/ROS/open_manipulator_ws/install/dynamixel_sdk_custom_interfaces/bin'
[1.968s] INFO:colcon.colcon_core.shell:Creating package script '/home/youn/ROS/open_manipulator_ws/install/dynamixel_sdk_custom_interfaces/share/dynamixel_sdk_custom_interfaces/package.ps1'
[1.969s] INFO:colcon.colcon_core.shell:Creating package descriptor '/home/youn/ROS/open_manipulator_ws/install/dynamixel_sdk_custom_interfaces/share/dynamixel_sdk_custom_interfaces/package.dsv'
[1.970s] INFO:colcon.colcon_core.shell:Creating package script '/home/youn/ROS/open_manipulator_ws/install/dynamixel_sdk_custom_interfaces/share/dynamixel_sdk_custom_interfaces/package.sh'
[1.970s] INFO:colcon.colcon_core.shell:Creating package script '/home/youn/ROS/open_manipulator_ws/install/dynamixel_sdk_custom_interfaces/share/dynamixel_sdk_custom_interfaces/package.bash'
[1.971s] INFO:colcon.colcon_core.shell:Creating package script '/home/youn/ROS/open_manipulator_ws/install/dynamixel_sdk_custom_interfaces/share/dynamixel_sdk_custom_interfaces/package.zsh'
[1.972s] Level 1:colcon.colcon_core.environment:create_file_with_runtime_dependencies(/home/youn/ROS/open_manipulator_ws/install/dynamixel_sdk_custom_interfaces/share/colcon-core/packages/dynamixel_sdk_custom_interfaces)
[1.974s] Level 1:colcon.colcon_core.environment:create_environment_scripts_only(robotis_interfaces)
[1.974s] DEBUG:colcon.colcon_core.event_handler.log_command:Invoked command in '/home/youn/ROS/open_manipulator_ws/build/robotis_interfaces' returned '0': CMAKE_PREFIX_PATH=${CMAKE_PREFIX_PATH}:/home/youn/ROS/ros_workspace/install/ros_basic:/home/youn/ROS/ros_workspace/install/tf2_basic:/opt/ros/jazzy /usr/bin/cmake --install /home/youn/ROS/open_manipulator_ws/build/robotis_interfaces
[1.974s] Level 1:colcon.colcon_core.environment:checking '/home/youn/ROS/open_manipulator_ws/install/robotis_interfaces' for CMake module files
[1.976s] Level 1:colcon.colcon_core.environment:checking '/home/youn/ROS/open_manipulator_ws/install/robotis_interfaces' for CMake config files
[1.977s] Level 1:colcon.colcon_core.shell:create_environment_hook('robotis_interfaces', 'cmake_prefix_path')
[1.977s] INFO:colcon.colcon_core.shell:Creating environment hook '/home/youn/ROS/open_manipulator_ws/install/robotis_interfaces/share/robotis_interfaces/hook/cmake_prefix_path.ps1'
[1.978s] INFO:colcon.colcon_core.shell:Creating environment descriptor '/home/youn/ROS/open_manipulator_ws/install/robotis_interfaces/share/robotis_interfaces/hook/cmake_prefix_path.dsv'
[1.979s] INFO:colcon.colcon_core.shell:Creating environment hook '/home/youn/ROS/open_manipulator_ws/install/robotis_interfaces/share/robotis_interfaces/hook/cmake_prefix_path.sh'
[1.981s] Level 1:colcon.colcon_core.environment:checking '/home/youn/ROS/open_manipulator_ws/install/robotis_interfaces/lib'
[1.981s] Level 1:colcon.colcon_core.shell:create_environment_hook('robotis_interfaces', 'ld_library_path_lib')
[1.981s] INFO:colcon.colcon_core.shell:Creating environment hook '/home/youn/ROS/open_manipulator_ws/install/robotis_interfaces/share/robotis_interfaces/hook/ld_library_path_lib.ps1'
[1.982s] INFO:colcon.colcon_core.shell:Creating environment descriptor '/home/youn/ROS/open_manipulator_ws/install/robotis_interfaces/share/robotis_interfaces/hook/ld_library_path_lib.dsv'
[1.982s] INFO:colcon.colcon_core.shell:Creating environment hook '/home/youn/ROS/open_manipulator_ws/install/robotis_interfaces/share/robotis_interfaces/hook/ld_library_path_lib.sh'
[1.983s] Level 1:colcon.colcon_core.environment:checking '/home/youn/ROS/open_manipulator_ws/install/robotis_interfaces/bin'
[1.983s] Level 1:colcon.colcon_core.environment:checking '/home/youn/ROS/open_manipulator_ws/install/robotis_interfaces/lib/pkgconfig/robotis_interfaces.pc'
[1.984s] Level 1:colcon.colcon_core.environment:checking '/home/youn/ROS/open_manipulator_ws/install/robotis_interfaces/lib/python3.12/site-packages'
[1.984s] Level 1:colcon.colcon_core.shell:create_environment_hook('robotis_interfaces', 'pythonpath')
[1.984s] INFO:colcon.colcon_core.shell:Creating environment hook '/home/youn/ROS/open_manipulator_ws/install/robotis_interfaces/share/robotis_interfaces/hook/pythonpath.ps1'
[1.985s] INFO:colcon.colcon_core.shell:Creating environment descriptor '/home/youn/ROS/open_manipulator_ws/install/robotis_interfaces/share/robotis_interfaces/hook/pythonpath.dsv'
[1.985s] INFO:colcon.colcon_core.shell:Creating environment hook '/home/youn/ROS/open_manipulator_ws/install/robotis_interfaces/share/robotis_interfaces/hook/pythonpath.sh'
[1.986s] Level 1:colcon.colcon_core.environment:checking '/home/youn/ROS/open_manipulator_ws/install/robotis_interfaces/bin'
[1.987s] INFO:colcon.colcon_core.shell:Creating package script '/home/youn/ROS/open_manipulator_ws/install/robotis_interfaces/share/robotis_interfaces/package.ps1'
[1.988s] INFO:colcon.colcon_core.shell:Creating package descriptor '/home/youn/ROS/open_manipulator_ws/install/robotis_interfaces/share/robotis_interfaces/package.dsv'
[1.989s] INFO:colcon.colcon_core.shell:Creating package script '/home/youn/ROS/open_manipulator_ws/install/robotis_interfaces/share/robotis_interfaces/package.sh'
[1.990s] INFO:colcon.colcon_core.shell:Creating package script '/home/youn/ROS/open_manipulator_ws/install/robotis_interfaces/share/robotis_interfaces/package.bash'
[1.991s] INFO:colcon.colcon_core.shell:Creating package script '/home/youn/ROS/open_manipulator_ws/install/robotis_interfaces/share/robotis_interfaces/package.zsh'
[1.991s] Level 1:colcon.colcon_core.environment:create_file_with_runtime_dependencies(/home/youn/ROS/open_manipulator_ws/install/robotis_interfaces/share/colcon-core/packages/robotis_interfaces)
[1.992s] Level 1:colcon.colcon_core.environment:create_environment_scripts_only(robotis_interfaces)
[1.993s] Level 1:colcon.colcon_core.environment:checking '/home/youn/ROS/open_manipulator_ws/install/robotis_interfaces' for CMake module files
[1.994s] Level 1:colcon.colcon_core.environment:checking '/home/youn/ROS/open_manipulator_ws/install/robotis_interfaces' for CMake config files
[1.995s] Level 1:colcon.colcon_core.shell:create_environment_hook('robotis_interfaces', 'cmake_prefix_path')
[1.995s] INFO:colcon.colcon_core.shell:Creating environment hook '/home/youn/ROS/open_manipulator_ws/install/robotis_interfaces/share/robotis_interfaces/hook/cmake_prefix_path.ps1'
[1.996s] INFO:colcon.colcon_core.shell:Creating environment descriptor '/home/youn/ROS/open_manipulator_ws/install/robotis_interfaces/share/robotis_interfaces/hook/cmake_prefix_path.dsv'
[1.997s] INFO:colcon.colcon_core.shell:Creating environment hook '/home/youn/ROS/open_manipulator_ws/install/robotis_interfaces/share/robotis_interfaces/hook/cmake_prefix_path.sh'
[1.997s] Level 1:colcon.colcon_core.environment:checking '/home/youn/ROS/open_manipulator_ws/install/robotis_interfaces/lib'
[1.998s] Level 1:colcon.colcon_core.shell:create_environment_hook('robotis_interfaces', 'ld_library_path_lib')
[1.998s] INFO:colcon.colcon_core.shell:Creating environment hook '/home/youn/ROS/open_manipulator_ws/install/robotis_interfaces/share/robotis_interfaces/hook/ld_library_path_lib.ps1'
[1.998s] INFO:colcon.colcon_core.shell:Creating environment descriptor '/home/youn/ROS/open_manipulator_ws/install/robotis_interfaces/share/robotis_interfaces/hook/ld_library_path_lib.dsv'
[2.000s] INFO:colcon.colcon_core.shell:Creating environment hook '/home/youn/ROS/open_manipulator_ws/install/robotis_interfaces/share/robotis_interfaces/hook/ld_library_path_lib.sh'
[2.001s] Level 1:colcon.colcon_core.environment:checking '/home/youn/ROS/open_manipulator_ws/install/robotis_interfaces/bin'
[2.001s] Level 1:colcon.colcon_core.environment:checking '/home/youn/ROS/open_manipulator_ws/install/robotis_interfaces/lib/pkgconfig/robotis_interfaces.pc'
[2.001s] Level 1:colcon.colcon_core.environment:checking '/home/youn/ROS/open_manipulator_ws/install/robotis_interfaces/lib/python3.12/site-packages'
[2.001s] Level 1:colcon.colcon_core.shell:create_environment_hook('robotis_interfaces', 'pythonpath')
[2.002s] INFO:colcon.colcon_core.shell:Creating environment hook '/home/youn/ROS/open_manipulator_ws/install/robotis_interfaces/share/robotis_interfaces/hook/pythonpath.ps1'
[2.002s] INFO:colcon.colcon_core.shell:Creating environment descriptor '/home/youn/ROS/open_manipulator_ws/install/robotis_interfaces/share/robotis_interfaces/hook/pythonpath.dsv'
[2.003s] INFO:colcon.colcon_core.shell:Creating environment hook '/home/youn/ROS/open_manipulator_ws/install/robotis_interfaces/share/robotis_interfaces/hook/pythonpath.sh'
[2.003s] Level 1:colcon.colcon_core.environment:checking '/home/youn/ROS/open_manipulator_ws/install/robotis_interfaces/bin'
[2.004s] INFO:colcon.colcon_core.shell:Creating package script '/home/youn/ROS/open_manipulator_ws/install/robotis_interfaces/share/robotis_interfaces/package.ps1'
[2.005s] INFO:colcon.colcon_core.shell:Creating package descriptor '/home/youn/ROS/open_manipulator_ws/install/robotis_interfaces/share/robotis_interfaces/package.dsv'
[2.006s] INFO:colcon.colcon_core.shell:Creating package script '/home/youn/ROS/open_manipulator_ws/install/robotis_interfaces/share/robotis_interfaces/package.sh'
[2.006s] INFO:colcon.colcon_core.shell:Creating package script '/home/youn/ROS/open_manipulator_ws/install/robotis_interfaces/share/robotis_interfaces/package.bash'
[2.007s] INFO:colcon.colcon_core.shell:Creating package script '/home/youn/ROS/open_manipulator_ws/install/robotis_interfaces/share/robotis_interfaces/package.zsh'
[2.008s] Level 1:colcon.colcon_core.environment:create_file_with_runtime_dependencies(/home/youn/ROS/open_manipulator_ws/install/robotis_interfaces/share/colcon-core/packages/robotis_interfaces)
[2.012s] DEBUG:colcon.colcon_core.event_handler.log_command:Invoked command in '/home/youn/ROS/open_manipulator_ws/build/open_manipulator_moveit_config' returned '0': AMENT_PREFIX_PATH=/home/youn/ROS/open_manipulator_ws/install/open_manipulator_description:${AMENT_PREFIX_PATH} CMAKE_PREFIX_PATH=/home/youn/ROS/open_manipulator_ws/install/open_manipulator_description:/home/youn/ROS/ros_workspace/install/user_interface:/opt/ros/jazzy/opt/gz_sim_vendor:/opt/ros/jazzy/opt/gz_sensors_vendor:/opt/ros/jazzy/opt/gz_physics_vendor:/opt/ros/jazzy/opt/sdformat_vendor:/opt/ros/jazzy/opt/gz_gui_vendor:/opt/ros/jazzy/opt/gz_transport_vendor:/opt/ros/jazzy/opt/gz_rendering_vendor:/opt/ros/jazzy/opt/gz_plugin_vendor:/opt/ros/jazzy/opt/gz_fuel_tools_vendor:/opt/ros/jazzy/opt/gz_msgs_vendor:/opt/ros/jazzy/opt/gz_common_vendor:/opt/ros/jazzy/opt/gz_math_vendor:/opt/ros/jazzy/opt/gz_utils_vendor:/opt/ros/jazzy/opt/gz_tools_vendor:/opt/ros/jazzy/opt/gz_ogre_next_vendor:/opt/ros/jazzy/opt/gz_dartsim_vendor:/opt/ros/jazzy/opt/gz_cmake_vendor:/home/youn/ROS/ros_workspace/install/ros_basic:/home/youn/ROS/ros_workspace/install/tf2_basic:/opt/ros/jazzy /usr/bin/cmake --build /home/youn/ROS/open_manipulator_ws/build/open_manipulator_moveit_config
[2.013s] DEBUG:colcon.colcon_core.event_handler.log_command:Invoking command in '/home/youn/ROS/open_manipulator_ws/build/open_manipulator_moveit_config': AMENT_PREFIX_PATH=/home/youn/ROS/open_manipulator_ws/install/open_manipulator_description:${AMENT_PREFIX_PATH} CMAKE_PREFIX_PATH=/home/youn/ROS/open_manipulator_ws/install/open_manipulator_description:/home/youn/ROS/ros_workspace/install/user_interface:/opt/ros/jazzy/opt/gz_sim_vendor:/opt/ros/jazzy/opt/gz_sensors_vendor:/opt/ros/jazzy/opt/gz_physics_vendor:/opt/ros/jazzy/opt/sdformat_vendor:/opt/ros/jazzy/opt/gz_gui_vendor:/opt/ros/jazzy/opt/gz_transport_vendor:/opt/ros/jazzy/opt/gz_rendering_vendor:/opt/ros/jazzy/opt/gz_plugin_vendor:/opt/ros/jazzy/opt/gz_fuel_tools_vendor:/opt/ros/jazzy/opt/gz_msgs_vendor:/opt/ros/jazzy/opt/gz_common_vendor:/opt/ros/jazzy/opt/gz_math_vendor:/opt/ros/jazzy/opt/gz_utils_vendor:/opt/ros/jazzy/opt/gz_tools_vendor:/opt/ros/jazzy/opt/gz_ogre_next_vendor:/opt/ros/jazzy/opt/gz_dartsim_vendor:/opt/ros/jazzy/opt/gz_cmake_vendor:/home/youn/ROS/ros_workspace/install/ros_basic:/home/youn/ROS/ros_workspace/install/tf2_basic:/opt/ros/jazzy /usr/bin/cmake --install /home/youn/ROS/open_manipulator_ws/build/open_manipulator_moveit_config
[2.013s] INFO:colcon.colcon_ros.task.ament_cmake.build:Building ROS package in '/home/youn/ROS/open_manipulator_ws/src/open_manipulator/open_manipulator_playground' with build type 'ament_cmake'
[2.014s] INFO:colcon.colcon_cmake.task.cmake.build:Building CMake package in '/home/youn/ROS/open_manipulator_ws/src/open_manipulator/open_manipulator_playground'
[2.014s] INFO:colcon.colcon_core.shell:Skip shell extension 'powershell' for command environment: Not usable outside of PowerShell
[2.014s] DEBUG:colcon.colcon_core.shell:Skip shell extension 'dsv' for command environment
[2.026s] Level 1:colcon.colcon_core.environment:create_environment_scripts_only(dynamixel_sdk)
[2.026s] Level 1:colcon.colcon_core.environment:checking '/home/youn/ROS/open_manipulator_ws/install/dynamixel_sdk' for CMake module files
[2.027s] DEBUG:colcon.colcon_core.event_handler.log_command:Invoked command in '/home/youn/ROS/open_manipulator_ws/build/dynamixel_sdk' returned '0': CMAKE_PREFIX_PATH=${CMAKE_PREFIX_PATH}:/home/youn/ROS/ros_workspace/install/ros_basic:/home/youn/ROS/ros_workspace/install/tf2_basic:/opt/ros/jazzy /usr/bin/cmake --install /home/youn/ROS/open_manipulator_ws/build/dynamixel_sdk
[2.035s] Level 1:colcon.colcon_core.environment:checking '/home/youn/ROS/open_manipulator_ws/install/dynamixel_sdk' for CMake config files
[2.036s] Level 1:colcon.colcon_core.shell:create_environment_hook('dynamixel_sdk', 'cmake_prefix_path')
[2.036s] INFO:colcon.colcon_core.shell:Creating environment hook '/home/youn/ROS/open_manipulator_ws/install/dynamixel_sdk/share/dynamixel_sdk/hook/cmake_prefix_path.ps1'
[2.037s] INFO:colcon.colcon_core.shell:Creating environment descriptor '/home/youn/ROS/open_manipulator_ws/install/dynamixel_sdk/share/dynamixel_sdk/hook/cmake_prefix_path.dsv'
[2.038s] INFO:colcon.colcon_core.shell:Creating environment hook '/home/youn/ROS/open_manipulator_ws/install/dynamixel_sdk/share/dynamixel_sdk/hook/cmake_prefix_path.sh'
[2.040s] Level 1:colcon.colcon_core.environment:checking '/home/youn/ROS/open_manipulator_ws/install/dynamixel_sdk/lib'
[2.040s] Level 1:colcon.colcon_core.shell:create_environment_hook('dynamixel_sdk', 'ld_library_path_lib')
[2.041s] INFO:colcon.colcon_core.shell:Creating environment hook '/home/youn/ROS/open_manipulator_ws/install/dynamixel_sdk/share/dynamixel_sdk/hook/ld_library_path_lib.ps1'
[2.042s] INFO:colcon.colcon_core.shell:Creating environment descriptor '/home/youn/ROS/open_manipulator_ws/install/dynamixel_sdk/share/dynamixel_sdk/hook/ld_library_path_lib.dsv'
[2.043s] INFO:colcon.colcon_core.shell:Creating environment hook '/home/youn/ROS/open_manipulator_ws/install/dynamixel_sdk/share/dynamixel_sdk/hook/ld_library_path_lib.sh'
[2.044s] Level 1:colcon.colcon_core.environment:checking '/home/youn/ROS/open_manipulator_ws/install/dynamixel_sdk/bin'
[2.044s] Level 1:colcon.colcon_core.environment:checking '/home/youn/ROS/open_manipulator_ws/install/dynamixel_sdk/lib/pkgconfig/dynamixel_sdk.pc'
[2.044s] Level 1:colcon.colcon_core.environment:checking '/home/youn/ROS/open_manipulator_ws/install/dynamixel_sdk/lib/python3.12/site-packages'
[2.045s] Level 1:colcon.colcon_core.shell:create_environment_hook('dynamixel_sdk', 'pythonpath')
[2.045s] INFO:colcon.colcon_core.shell:Creating environment hook '/home/youn/ROS/open_manipulator_ws/install/dynamixel_sdk/share/dynamixel_sdk/hook/pythonpath.ps1'
[2.045s] INFO:colcon.colcon_core.shell:Creating environment descriptor '/home/youn/ROS/open_manipulator_ws/install/dynamixel_sdk/share/dynamixel_sdk/hook/pythonpath.dsv'
[2.046s] INFO:colcon.colcon_core.shell:Creating environment hook '/home/youn/ROS/open_manipulator_ws/install/dynamixel_sdk/share/dynamixel_sdk/hook/pythonpath.sh'
[2.047s] Level 1:colcon.colcon_core.environment:checking '/home/youn/ROS/open_manipulator_ws/install/dynamixel_sdk/bin'
[2.047s] INFO:colcon.colcon_core.shell:Creating package script '/home/youn/ROS/open_manipulator_ws/install/dynamixel_sdk/share/dynamixel_sdk/package.ps1'
[2.050s] INFO:colcon.colcon_core.shell:Creating package descriptor '/home/youn/ROS/open_manipulator_ws/install/dynamixel_sdk/share/dynamixel_sdk/package.dsv'
[2.050s] INFO:colcon.colcon_core.shell:Creating package script '/home/youn/ROS/open_manipulator_ws/install/dynamixel_sdk/share/dynamixel_sdk/package.sh'
[2.051s] INFO:colcon.colcon_core.shell:Creating package script '/home/youn/ROS/open_manipulator_ws/install/dynamixel_sdk/share/dynamixel_sdk/package.bash'
[2.052s] INFO:colcon.colcon_core.shell:Creating package script '/home/youn/ROS/open_manipulator_ws/install/dynamixel_sdk/share/dynamixel_sdk/package.zsh'
[2.052s] Level 1:colcon.colcon_core.environment:create_file_with_runtime_dependencies(/home/youn/ROS/open_manipulator_ws/install/dynamixel_sdk/share/colcon-core/packages/dynamixel_sdk)
[2.053s] Level 1:colcon.colcon_core.environment:create_environment_scripts_only(dynamixel_sdk)
[2.053s] Level 1:colcon.colcon_core.environment:checking '/home/youn/ROS/open_manipulator_ws/install/dynamixel_sdk' for CMake module files
[2.054s] Level 1:colcon.colcon_core.environment:checking '/home/youn/ROS/open_manipulator_ws/install/dynamixel_sdk' for CMake config files
[2.055s] Level 1:colcon.colcon_core.shell:create_environment_hook('dynamixel_sdk', 'cmake_prefix_path')
[2.056s] INFO:colcon.colcon_core.shell:Creating environment hook '/home/youn/ROS/open_manipulator_ws/install/dynamixel_sdk/share/dynamixel_sdk/hook/cmake_prefix_path.ps1'
[2.057s] INFO:colcon.colcon_core.shell:Creating environment descriptor '/home/youn/ROS/open_manipulator_ws/install/dynamixel_sdk/share/dynamixel_sdk/hook/cmake_prefix_path.dsv'
[2.057s] INFO:colcon.colcon_core.shell:Creating environment hook '/home/youn/ROS/open_manipulator_ws/install/dynamixel_sdk/share/dynamixel_sdk/hook/cmake_prefix_path.sh'
[2.058s] Level 1:colcon.colcon_core.environment:checking '/home/youn/ROS/open_manipulator_ws/install/dynamixel_sdk/lib'
[2.058s] Level 1:colcon.colcon_core.shell:create_environment_hook('dynamixel_sdk', 'ld_library_path_lib')
[2.059s] INFO:colcon.colcon_core.shell:Creating environment hook '/home/youn/ROS/open_manipulator_ws/install/dynamixel_sdk/share/dynamixel_sdk/hook/ld_library_path_lib.ps1'
[2.059s] INFO:colcon.colcon_core.shell:Creating environment descriptor '/home/youn/ROS/open_manipulator_ws/install/dynamixel_sdk/share/dynamixel_sdk/hook/ld_library_path_lib.dsv'
[2.059s] INFO:colcon.colcon_core.shell:Creating environment hook '/home/youn/ROS/open_manipulator_ws/install/dynamixel_sdk/share/dynamixel_sdk/hook/ld_library_path_lib.sh'
[2.060s] Level 1:colcon.colcon_core.environment:checking '/home/youn/ROS/open_manipulator_ws/install/dynamixel_sdk/bin'
[2.060s] Level 1:colcon.colcon_core.environment:checking '/home/youn/ROS/open_manipulator_ws/install/dynamixel_sdk/lib/pkgconfig/dynamixel_sdk.pc'
[2.061s] Level 1:colcon.colcon_core.environment:checking '/home/youn/ROS/open_manipulator_ws/install/dynamixel_sdk/lib/python3.12/site-packages'
[2.061s] Level 1:colcon.colcon_core.shell:create_environment_hook('dynamixel_sdk', 'pythonpath')
[2.061s] INFO:colcon.colcon_core.shell:Creating environment hook '/home/youn/ROS/open_manipulator_ws/install/dynamixel_sdk/share/dynamixel_sdk/hook/pythonpath.ps1'
[2.062s] INFO:colcon.colcon_core.shell:Creating environment descriptor '/home/youn/ROS/open_manipulator_ws/install/dynamixel_sdk/share/dynamixel_sdk/hook/pythonpath.dsv'
[2.062s] INFO:colcon.colcon_core.shell:Creating environment hook '/home/youn/ROS/open_manipulator_ws/install/dynamixel_sdk/share/dynamixel_sdk/hook/pythonpath.sh'
[2.063s] Level 1:colcon.colcon_core.environment:checking '/home/youn/ROS/open_manipulator_ws/install/dynamixel_sdk/bin'
[2.063s] INFO:colcon.colcon_core.shell:Creating package script '/home/youn/ROS/open_manipulator_ws/install/dynamixel_sdk/share/dynamixel_sdk/package.ps1'
[2.064s] INFO:colcon.colcon_core.shell:Creating package descriptor '/home/youn/ROS/open_manipulator_ws/install/dynamixel_sdk/share/dynamixel_sdk/package.dsv'
[2.064s] INFO:colcon.colcon_core.shell:Creating package script '/home/youn/ROS/open_manipulator_ws/install/dynamixel_sdk/share/dynamixel_sdk/package.sh'
[2.065s] INFO:colcon.colcon_core.shell:Creating package script '/home/youn/ROS/open_manipulator_ws/install/dynamixel_sdk/share/dynamixel_sdk/package.bash'
[2.065s] INFO:colcon.colcon_core.shell:Creating package script '/home/youn/ROS/open_manipulator_ws/install/dynamixel_sdk/share/dynamixel_sdk/package.zsh'
[2.065s] Level 1:colcon.colcon_core.environment:create_file_with_runtime_dependencies(/home/youn/ROS/open_manipulator_ws/install/dynamixel_sdk/share/colcon-core/packages/dynamixel_sdk)
[2.067s] INFO:colcon.colcon_ros.task.ament_cmake.build:Building ROS package in '/home/youn/ROS/open_manipulator_ws/src/dynamixel_hardware_interface' with build type 'ament_cmake'
[2.067s] INFO:colcon.colcon_cmake.task.cmake.build:Building CMake package in '/home/youn/ROS/open_manipulator_ws/src/dynamixel_hardware_interface'
[2.067s] INFO:colcon.colcon_core.shell:Skip shell extension 'powershell' for command environment: Not usable outside of PowerShell
[2.067s] DEBUG:colcon.colcon_core.shell:Skip shell extension 'dsv' for command environment
[2.075s] INFO:colcon.colcon_ros.task.ament_cmake.build:Building ROS package in '/home/youn/ROS/open_manipulator_ws/src/DynamixelSDK/ros/dynamixel_sdk_examples' with build type 'ament_cmake'
[2.076s] INFO:colcon.colcon_cmake.task.cmake.build:Building CMake package in '/home/youn/ROS/open_manipulator_ws/src/DynamixelSDK/ros/dynamixel_sdk_examples'
[2.077s] INFO:colcon.colcon_core.shell:Skip shell extension 'powershell' for command environment: Not usable outside of PowerShell
[2.077s] DEBUG:colcon.colcon_core.shell:Skip shell extension 'dsv' for command environment
[2.085s] Level 1:colcon.colcon_core.environment:create_environment_scripts_only(open_manipulator_moveit_config)
[2.085s] Level 1:colcon.colcon_core.environment:checking '/home/youn/ROS/open_manipulator_ws/install/open_manipulator_moveit_config' for CMake module files
[2.086s] DEBUG:colcon.colcon_core.event_handler.log_command:Invoked command in '/home/youn/ROS/open_manipulator_ws/build/open_manipulator_moveit_config' returned '0': AMENT_PREFIX_PATH=/home/youn/ROS/open_manipulator_ws/install/open_manipulator_description:${AMENT_PREFIX_PATH} CMAKE_PREFIX_PATH=/home/youn/ROS/open_manipulator_ws/install/open_manipulator_description:/home/youn/ROS/ros_workspace/install/user_interface:/opt/ros/jazzy/opt/gz_sim_vendor:/opt/ros/jazzy/opt/gz_sensors_vendor:/opt/ros/jazzy/opt/gz_physics_vendor:/opt/ros/jazzy/opt/sdformat_vendor:/opt/ros/jazzy/opt/gz_gui_vendor:/opt/ros/jazzy/opt/gz_transport_vendor:/opt/ros/jazzy/opt/gz_rendering_vendor:/opt/ros/jazzy/opt/gz_plugin_vendor:/opt/ros/jazzy/opt/gz_fuel_tools_vendor:/opt/ros/jazzy/opt/gz_msgs_vendor:/opt/ros/jazzy/opt/gz_common_vendor:/opt/ros/jazzy/opt/gz_math_vendor:/opt/ros/jazzy/opt/gz_utils_vendor:/opt/ros/jazzy/opt/gz_tools_vendor:/opt/ros/jazzy/opt/gz_ogre_next_vendor:/opt/ros/jazzy/opt/gz_dartsim_vendor:/opt/ros/jazzy/opt/gz_cmake_vendor:/home/youn/ROS/ros_workspace/install/ros_basic:/home/youn/ROS/ros_workspace/install/tf2_basic:/opt/ros/jazzy /usr/bin/cmake --install /home/youn/ROS/open_manipulator_ws/build/open_manipulator_moveit_config
[2.086s] Level 1:colcon.colcon_core.environment:checking '/home/youn/ROS/open_manipulator_ws/install/open_manipulator_moveit_config' for CMake config files
[2.086s] Level 1:colcon.colcon_core.shell:create_environment_hook('open_manipulator_moveit_config', 'cmake_prefix_path')
[2.087s] INFO:colcon.colcon_core.shell:Creating environment hook '/home/youn/ROS/open_manipulator_ws/install/open_manipulator_moveit_config/share/open_manipulator_moveit_config/hook/cmake_prefix_path.ps1'
[2.087s] INFO:colcon.colcon_core.shell:Creating environment descriptor '/home/youn/ROS/open_manipulator_ws/install/open_manipulator_moveit_config/share/open_manipulator_moveit_config/hook/cmake_prefix_path.dsv'
[2.088s] INFO:colcon.colcon_core.shell:Creating environment hook '/home/youn/ROS/open_manipulator_ws/install/open_manipulator_moveit_config/share/open_manipulator_moveit_config/hook/cmake_prefix_path.sh'
[2.088s] Level 1:colcon.colcon_core.environment:checking '/home/youn/ROS/open_manipulator_ws/install/open_manipulator_moveit_config/bin'
[2.088s] Level 1:colcon.colcon_core.environment:checking '/home/youn/ROS/open_manipulator_ws/install/open_manipulator_moveit_config/lib/pkgconfig/open_manipulator_moveit_config.pc'
[2.089s] Level 1:colcon.colcon_core.environment:checking '/home/youn/ROS/open_manipulator_ws/install/open_manipulator_moveit_config/lib/python3.12/site-packages'
[2.089s] Level 1:colcon.colcon_core.environment:checking '/home/youn/ROS/open_manipulator_ws/install/open_manipulator_moveit_config/bin'
[2.089s] INFO:colcon.colcon_core.shell:Creating package script '/home/youn/ROS/open_manipulator_ws/install/open_manipulator_moveit_config/share/open_manipulator_moveit_config/package.ps1'
[2.090s] INFO:colcon.colcon_core.shell:Creating package descriptor '/home/youn/ROS/open_manipulator_ws/install/open_manipulator_moveit_config/share/open_manipulator_moveit_config/package.dsv'
[2.090s] INFO:colcon.colcon_core.shell:Creating package script '/home/youn/ROS/open_manipulator_ws/install/open_manipulator_moveit_config/share/open_manipulator_moveit_config/package.sh'
[2.091s] INFO:colcon.colcon_core.shell:Creating package script '/home/youn/ROS/open_manipulator_ws/install/open_manipulator_moveit_config/share/open_manipulator_moveit_config/package.bash'
[2.092s] INFO:colcon.colcon_core.shell:Creating package script '/home/youn/ROS/open_manipulator_ws/install/open_manipulator_moveit_config/share/open_manipulator_moveit_config/package.zsh'
[2.093s] Level 1:colcon.colcon_core.environment:create_file_with_runtime_dependencies(/home/youn/ROS/open_manipulator_ws/install/open_manipulator_moveit_config/share/colcon-core/packages/open_manipulator_moveit_config)
[2.094s] Level 1:colcon.colcon_core.environment:create_environment_scripts_only(open_manipulator_moveit_config)
[2.095s] Level 1:colcon.colcon_core.environment:checking '/home/youn/ROS/open_manipulator_ws/install/open_manipulator_moveit_config' for CMake module files
[2.095s] Level 1:colcon.colcon_core.environment:checking '/home/youn/ROS/open_manipulator_ws/install/open_manipulator_moveit_config' for CMake config files
[2.095s] Level 1:colcon.colcon_core.shell:create_environment_hook('open_manipulator_moveit_config', 'cmake_prefix_path')
[2.096s] INFO:colcon.colcon_core.shell:Creating environment hook '/home/youn/ROS/open_manipulator_ws/install/open_manipulator_moveit_config/share/open_manipulator_moveit_config/hook/cmake_prefix_path.ps1'
[2.096s] INFO:colcon.colcon_core.shell:Creating environment descriptor '/home/youn/ROS/open_manipulator_ws/install/open_manipulator_moveit_config/share/open_manipulator_moveit_config/hook/cmake_prefix_path.dsv'
[2.097s] INFO:colcon.colcon_core.shell:Creating environment hook '/home/youn/ROS/open_manipulator_ws/install/open_manipulator_moveit_config/share/open_manipulator_moveit_config/hook/cmake_prefix_path.sh'
[2.097s] Level 1:colcon.colcon_core.environment:checking '/home/youn/ROS/open_manipulator_ws/install/open_manipulator_moveit_config/bin'
[2.098s] Level 1:colcon.colcon_core.environment:checking '/home/youn/ROS/open_manipulator_ws/install/open_manipulator_moveit_config/lib/pkgconfig/open_manipulator_moveit_config.pc'
[2.098s] Level 1:colcon.colcon_core.environment:checking '/home/youn/ROS/open_manipulator_ws/install/open_manipulator_moveit_config/lib/python3.12/site-packages'
[2.098s] Level 1:colcon.colcon_core.environment:checking '/home/youn/ROS/open_manipulator_ws/install/open_manipulator_moveit_config/bin'
[2.098s] INFO:colcon.colcon_core.shell:Creating package script '/home/youn/ROS/open_manipulator_ws/install/open_manipulator_moveit_config/share/open_manipulator_moveit_config/package.ps1'
[2.099s] INFO:colcon.colcon_core.shell:Creating package descriptor '/home/youn/ROS/open_manipulator_ws/install/open_manipulator_moveit_config/share/open_manipulator_moveit_config/package.dsv'
[2.100s] INFO:colcon.colcon_core.shell:Creating package script '/home/youn/ROS/open_manipulator_ws/install/open_manipulator_moveit_config/share/open_manipulator_moveit_config/package.sh'
[2.100s] INFO:colcon.colcon_core.shell:Creating package script '/home/youn/ROS/open_manipulator_ws/install/open_manipulator_moveit_config/share/open_manipulator_moveit_config/package.bash'
[2.101s] INFO:colcon.colcon_core.shell:Creating package script '/home/youn/ROS/open_manipulator_ws/install/open_manipulator_moveit_config/share/open_manipulator_moveit_config/package.zsh'
[2.101s] Level 1:colcon.colcon_core.environment:create_file_with_runtime_dependencies(/home/youn/ROS/open_manipulator_ws/install/open_manipulator_moveit_config/share/colcon-core/packages/open_manipulator_moveit_config)
[2.109s] DEBUG:colcon.colcon_core.event_handler.log_command:Invoking command in '/home/youn/ROS/open_manipulator_ws/build/open_manipulator_playground': AMENT_PREFIX_PATH=/home/youn/ROS/open_manipulator_ws/install/robotis_interfaces:${AMENT_PREFIX_PATH} CMAKE_PREFIX_PATH=/home/youn/ROS/open_manipulator_ws/install/robotis_interfaces:/home/youn/ROS/ros_workspace/install/user_interface:/opt/ros/jazzy/opt/gz_sim_vendor:/opt/ros/jazzy/opt/gz_sensors_vendor:/opt/ros/jazzy/opt/gz_physics_vendor:/opt/ros/jazzy/opt/sdformat_vendor:/opt/ros/jazzy/opt/gz_gui_vendor:/opt/ros/jazzy/opt/gz_transport_vendor:/opt/ros/jazzy/opt/gz_rendering_vendor:/opt/ros/jazzy/opt/gz_plugin_vendor:/opt/ros/jazzy/opt/gz_fuel_tools_vendor:/opt/ros/jazzy/opt/gz_msgs_vendor:/opt/ros/jazzy/opt/gz_common_vendor:/opt/ros/jazzy/opt/gz_math_vendor:/opt/ros/jazzy/opt/gz_utils_vendor:/opt/ros/jazzy/opt/gz_tools_vendor:/opt/ros/jazzy/opt/gz_ogre_next_vendor:/opt/ros/jazzy/opt/gz_dartsim_vendor:/opt/ros/jazzy/opt/gz_cmake_vendor:/home/youn/ROS/ros_workspace/install/ros_basic:/home/youn/ROS/ros_workspace/install/tf2_basic:/opt/ros/jazzy LD_LIBRARY_PATH=/home/youn/ROS/open_manipulator_ws/install/robotis_interfaces/lib:${LD_LIBRARY_PATH} PYTHONPATH=/home/youn/ROS/open_manipulator_ws/install/robotis_interfaces/lib/python3.12/site-packages:${PYTHONPATH} /usr/bin/cmake --build /home/youn/ROS/open_manipulator_ws/build/open_manipulator_playground
[2.170s] DEBUG:colcon.colcon_core.event_handler.log_command:Invoking command in '/home/youn/ROS/open_manipulator_ws/build/dynamixel_hardware_interface': AMENT_PREFIX_PATH=/home/youn/ROS/open_manipulator_ws/install/dynamixel_sdk:/home/youn/ROS/open_manipulator_ws/install/dynamixel_interfaces:${AMENT_PREFIX_PATH} CMAKE_PREFIX_PATH=/home/youn/ROS/open_manipulator_ws/install/dynamixel_sdk:/home/youn/ROS/open_manipulator_ws/install/dynamixel_interfaces:/home/youn/ROS/ros_workspace/install/user_interface:/opt/ros/jazzy/opt/gz_sim_vendor:/opt/ros/jazzy/opt/gz_sensors_vendor:/opt/ros/jazzy/opt/gz_physics_vendor:/opt/ros/jazzy/opt/sdformat_vendor:/opt/ros/jazzy/opt/gz_gui_vendor:/opt/ros/jazzy/opt/gz_transport_vendor:/opt/ros/jazzy/opt/gz_rendering_vendor:/opt/ros/jazzy/opt/gz_plugin_vendor:/opt/ros/jazzy/opt/gz_fuel_tools_vendor:/opt/ros/jazzy/opt/gz_msgs_vendor:/opt/ros/jazzy/opt/gz_common_vendor:/opt/ros/jazzy/opt/gz_math_vendor:/opt/ros/jazzy/opt/gz_utils_vendor:/opt/ros/jazzy/opt/gz_tools_vendor:/opt/ros/jazzy/opt/gz_ogre_next_vendor:/opt/ros/jazzy/opt/gz_dartsim_vendor:/opt/ros/jazzy/opt/gz_cmake_vendor:/home/youn/ROS/ros_workspace/install/ros_basic:/home/youn/ROS/ros_workspace/install/tf2_basic:/opt/ros/jazzy LD_LIBRARY_PATH=/home/youn/ROS/open_manipulator_ws/install/dynamixel_sdk/lib:/home/youn/ROS/open_manipulator_ws/install/dynamixel_interfaces/lib:${LD_LIBRARY_PATH} PYTHONPATH=/home/youn/ROS/open_manipulator_ws/install/dynamixel_sdk/lib/python3.12/site-packages:/home/youn/ROS/open_manipulator_ws/install/dynamixel_interfaces/lib/python3.12/site-packages:${PYTHONPATH} /usr/bin/cmake --build /home/youn/ROS/open_manipulator_ws/build/dynamixel_hardware_interface
[2.198s] DEBUG:colcon.colcon_core.event_handler.log_command:Invoking command in '/home/youn/ROS/open_manipulator_ws/build/dynamixel_sdk_examples': AMENT_PREFIX_PATH=/home/youn/ROS/open_manipulator_ws/install/dynamixel_sdk_custom_interfaces:/home/youn/ROS/open_manipulator_ws/install/dynamixel_sdk:${AMENT_PREFIX_PATH} CMAKE_PREFIX_PATH=/home/youn/ROS/open_manipulator_ws/install/dynamixel_sdk_custom_interfaces:/home/youn/ROS/open_manipulator_ws/install/dynamixel_sdk:/home/youn/ROS/ros_workspace/install/user_interface:/opt/ros/jazzy/opt/gz_sim_vendor:/opt/ros/jazzy/opt/gz_sensors_vendor:/opt/ros/jazzy/opt/gz_physics_vendor:/opt/ros/jazzy/opt/sdformat_vendor:/opt/ros/jazzy/opt/gz_gui_vendor:/opt/ros/jazzy/opt/gz_transport_vendor:/opt/ros/jazzy/opt/gz_rendering_vendor:/opt/ros/jazzy/opt/gz_plugin_vendor:/opt/ros/jazzy/opt/gz_fuel_tools_vendor:/opt/ros/jazzy/opt/gz_msgs_vendor:/opt/ros/jazzy/opt/gz_common_vendor:/opt/ros/jazzy/opt/gz_math_vendor:/opt/ros/jazzy/opt/gz_utils_vendor:/opt/ros/jazzy/opt/gz_tools_vendor:/opt/ros/jazzy/opt/gz_ogre_next_vendor:/opt/ros/jazzy/opt/gz_dartsim_vendor:/opt/ros/jazzy/opt/gz_cmake_vendor:/home/youn/ROS/ros_workspace/install/ros_basic:/home/youn/ROS/ros_workspace/install/tf2_basic:/opt/ros/jazzy LD_LIBRARY_PATH=/home/youn/ROS/open_manipulator_ws/install/dynamixel_sdk_custom_interfaces/lib:/home/youn/ROS/open_manipulator_ws/install/dynamixel_sdk/lib:${LD_LIBRARY_PATH} PYTHONPATH=/home/youn/ROS/open_manipulator_ws/install/dynamixel_sdk_custom_interfaces/lib/python3.12/site-packages:/home/youn/ROS/open_manipulator_ws/install/dynamixel_sdk/lib/python3.12/site-packages:${PYTHONPATH} /usr/bin/cmake --build /home/youn/ROS/open_manipulator_ws/build/dynamixel_sdk_examples
[2.361s] DEBUG:colcon.colcon_core.task.python.build:Available setuptools 'develop' options: --local-snapshots-ok, --script-dir, --upgrade, --version, --editable, --quiet, --no-user-cfg, --verbose, --index-url, --record, --always-unzip, --allow-hosts, --uninstall, --user, --build-directory, --zip-ok, --no-find-links, --always-copy, --exclude-scripts, --dry-run, --optimize, --force-installation-into-system-dir, --no-deps, --multi-version, --find-links, --egg-path, --prefix, --help, --site-dirs, --install-layout, --install-dir
[2.365s] DEBUG:colcon.colcon_core.event_handler.log_command:Invoking command in '/home/youn/ROS/open_manipulator_ws/build/open_manipulator_teleop': PYTHONPATH=/home/youn/ROS/open_manipulator_ws/build/open_manipulator_teleop/prefix_override:/usr/lib/python3/dist-packages/colcon_core/task/python/colcon_distutils_commands:/home/youn/ROS/open_manipulator_ws/install/open_manipulator_teleop/lib/python3.12/site-packages:${PYTHONPATH} /usr/bin/python3 -W ignore:setup.py install is deprecated -W ignore:easy_install command is deprecated setup.py develop --editable --build-directory /home/youn/ROS/open_manipulator_ws/build/open_manipulator_teleop/build --no-deps symlink_data
[3.352s] Level 1:colcon.colcon_core.shell:create_environment_hook('open_manipulator_teleop', 'pythonpath_develop')
[3.353s] INFO:colcon.colcon_core.shell:Creating environment hook '/home/youn/ROS/open_manipulator_ws/build/open_manipulator_teleop/share/open_manipulator_teleop/hook/pythonpath_develop.ps1'
[3.354s] DEBUG:colcon.colcon_core.event_handler.log_command:Invoked command in '/home/youn/ROS/open_manipulator_ws/build/open_manipulator_teleop' returned '0': PYTHONPATH=/home/youn/ROS/open_manipulator_ws/build/open_manipulator_teleop/prefix_override:/usr/lib/python3/dist-packages/colcon_core/task/python/colcon_distutils_commands:/home/youn/ROS/open_manipulator_ws/install/open_manipulator_teleop/lib/python3.12/site-packages:${PYTHONPATH} /usr/bin/python3 -W ignore:setup.py install is deprecated -W ignore:easy_install command is deprecated setup.py develop --editable --build-directory /home/youn/ROS/open_manipulator_ws/build/open_manipulator_teleop/build --no-deps symlink_data
[3.355s] INFO:colcon.colcon_core.shell:Creating environment descriptor '/home/youn/ROS/open_manipulator_ws/build/open_manipulator_teleop/share/open_manipulator_teleop/hook/pythonpath_develop.dsv'
[3.355s] INFO:colcon.colcon_core.shell:Creating environment hook '/home/youn/ROS/open_manipulator_ws/build/open_manipulator_teleop/share/open_manipulator_teleop/hook/pythonpath_develop.sh'
[3.356s] Level 1:colcon.colcon_core.environment:checking '/home/youn/ROS/open_manipulator_ws/install/open_manipulator_teleop' for CMake module files
[3.357s] Level 1:colcon.colcon_core.environment:checking '/home/youn/ROS/open_manipulator_ws/install/open_manipulator_teleop' for CMake config files
[3.357s] Level 1:colcon.colcon_core.environment:checking '/home/youn/ROS/open_manipulator_ws/install/open_manipulator_teleop/lib'
[3.358s] Level 1:colcon.colcon_core.environment:checking '/home/youn/ROS/open_manipulator_ws/install/open_manipulator_teleop/bin'
[3.358s] Level 1:colcon.colcon_core.environment:checking '/home/youn/ROS/open_manipulator_ws/install/open_manipulator_teleop/lib/pkgconfig/open_manipulator_teleop.pc'
[3.358s] Level 1:colcon.colcon_core.environment:checking '/home/youn/ROS/open_manipulator_ws/install/open_manipulator_teleop/lib/python3.12/site-packages'
[3.358s] Level 1:colcon.colcon_core.shell:create_environment_hook('open_manipulator_teleop', 'pythonpath')
[3.358s] INFO:colcon.colcon_core.shell:Creating environment hook '/home/youn/ROS/open_manipulator_ws/install/open_manipulator_teleop/share/open_manipulator_teleop/hook/pythonpath.ps1'
[3.359s] INFO:colcon.colcon_core.shell:Creating environment descriptor '/home/youn/ROS/open_manipulator_ws/install/open_manipulator_teleop/share/open_manipulator_teleop/hook/pythonpath.dsv'
[3.359s] INFO:colcon.colcon_core.shell:Creating environment hook '/home/youn/ROS/open_manipulator_ws/install/open_manipulator_teleop/share/open_manipulator_teleop/hook/pythonpath.sh'
[3.361s] Level 1:colcon.colcon_core.environment:checking '/home/youn/ROS/open_manipulator_ws/install/open_manipulator_teleop/bin'
[3.361s] Level 1:colcon.colcon_core.environment:create_environment_scripts_only(open_manipulator_teleop)
[3.361s] INFO:colcon.colcon_core.shell:Creating package script '/home/youn/ROS/open_manipulator_ws/install/open_manipulator_teleop/share/open_manipulator_teleop/package.ps1'
[3.363s] INFO:colcon.colcon_core.shell:Creating package descriptor '/home/youn/ROS/open_manipulator_ws/install/open_manipulator_teleop/share/open_manipulator_teleop/package.dsv'
[3.364s] INFO:colcon.colcon_core.shell:Creating package script '/home/youn/ROS/open_manipulator_ws/install/open_manipulator_teleop/share/open_manipulator_teleop/package.sh'
[3.365s] INFO:colcon.colcon_core.shell:Creating package script '/home/youn/ROS/open_manipulator_ws/install/open_manipulator_teleop/share/open_manipulator_teleop/package.bash'
[3.366s] INFO:colcon.colcon_core.shell:Creating package script '/home/youn/ROS/open_manipulator_ws/install/open_manipulator_teleop/share/open_manipulator_teleop/package.zsh'
[3.367s] Level 1:colcon.colcon_core.environment:create_file_with_runtime_dependencies(/home/youn/ROS/open_manipulator_ws/install/open_manipulator_teleop/share/colcon-core/packages/open_manipulator_teleop)
[12.500s] DEBUG:colcon.colcon_core.event_handler.log_command:Invoked command in '/home/youn/ROS/open_manipulator_ws/build/om_spring_actuator_controller' returned '0': CMAKE_PREFIX_PATH=${CMAKE_PREFIX_PATH}:/home/youn/ROS/ros_workspace/install/ros_basic:/home/youn/ROS/ros_workspace/install/tf2_basic:/opt/ros/jazzy /usr/bin/cmake --build /home/youn/ROS/open_manipulator_ws/build/om_spring_actuator_controller
[12.502s] DEBUG:colcon.colcon_core.event_handler.log_command:Invoking command in '/home/youn/ROS/open_manipulator_ws/build/om_spring_actuator_controller': CMAKE_PREFIX_PATH=${CMAKE_PREFIX_PATH}:/home/youn/ROS/ros_workspace/install/ros_basic:/home/youn/ROS/ros_workspace/install/tf2_basic:/opt/ros/jazzy /usr/bin/cmake --install /home/youn/ROS/open_manipulator_ws/build/om_spring_actuator_controller
[12.554s] Level 1:colcon.colcon_core.environment:create_environment_scripts_only(om_spring_actuator_controller)
[12.555s] Level 1:colcon.colcon_core.environment:checking '/home/youn/ROS/open_manipulator_ws/install/om_spring_actuator_controller' for CMake module files
[12.556s] DEBUG:colcon.colcon_core.event_handler.log_command:Invoked command in '/home/youn/ROS/open_manipulator_ws/build/om_spring_actuator_controller' returned '0': CMAKE_PREFIX_PATH=${CMAKE_PREFIX_PATH}:/home/youn/ROS/ros_workspace/install/ros_basic:/home/youn/ROS/ros_workspace/install/tf2_basic:/opt/ros/jazzy /usr/bin/cmake --install /home/youn/ROS/open_manipulator_ws/build/om_spring_actuator_controller
[12.557s] Level 1:colcon.colcon_core.environment:checking '/home/youn/ROS/open_manipulator_ws/install/om_spring_actuator_controller' for CMake config files
[12.557s] Level 1:colcon.colcon_core.shell:create_environment_hook('om_spring_actuator_controller', 'cmake_prefix_path')
[12.557s] INFO:colcon.colcon_core.shell:Creating environment hook '/home/youn/ROS/open_manipulator_ws/install/om_spring_actuator_controller/share/om_spring_actuator_controller/hook/cmake_prefix_path.ps1'
[12.558s] INFO:colcon.colcon_core.shell:Creating environment descriptor '/home/youn/ROS/open_manipulator_ws/install/om_spring_actuator_controller/share/om_spring_actuator_controller/hook/cmake_prefix_path.dsv'
[12.559s] INFO:colcon.colcon_core.shell:Creating environment hook '/home/youn/ROS/open_manipulator_ws/install/om_spring_actuator_controller/share/om_spring_actuator_controller/hook/cmake_prefix_path.sh'
[12.560s] Level 1:colcon.colcon_core.environment:checking '/home/youn/ROS/open_manipulator_ws/install/om_spring_actuator_controller/lib'
[12.560s] Level 1:colcon.colcon_core.shell:create_environment_hook('om_spring_actuator_controller', 'ld_library_path_lib')
[12.560s] INFO:colcon.colcon_core.shell:Creating environment hook '/home/youn/ROS/open_manipulator_ws/install/om_spring_actuator_controller/share/om_spring_actuator_controller/hook/ld_library_path_lib.ps1'
[12.561s] INFO:colcon.colcon_core.shell:Creating environment descriptor '/home/youn/ROS/open_manipulator_ws/install/om_spring_actuator_controller/share/om_spring_actuator_controller/hook/ld_library_path_lib.dsv'
[12.561s] INFO:colcon.colcon_core.shell:Creating environment hook '/home/youn/ROS/open_manipulator_ws/install/om_spring_actuator_controller/share/om_spring_actuator_controller/hook/ld_library_path_lib.sh'
[12.562s] Level 1:colcon.colcon_core.environment:checking '/home/youn/ROS/open_manipulator_ws/install/om_spring_actuator_controller/bin'
[12.562s] Level 1:colcon.colcon_core.environment:checking '/home/youn/ROS/open_manipulator_ws/install/om_spring_actuator_controller/lib/pkgconfig/om_spring_actuator_controller.pc'
[12.562s] Level 1:colcon.colcon_core.environment:checking '/home/youn/ROS/open_manipulator_ws/install/om_spring_actuator_controller/lib/python3.12/site-packages'
[12.563s] Level 1:colcon.colcon_core.environment:checking '/home/youn/ROS/open_manipulator_ws/install/om_spring_actuator_controller/bin'
[12.563s] INFO:colcon.colcon_core.shell:Creating package script '/home/youn/ROS/open_manipulator_ws/install/om_spring_actuator_controller/share/om_spring_actuator_controller/package.ps1'
[12.564s] INFO:colcon.colcon_core.shell:Creating package descriptor '/home/youn/ROS/open_manipulator_ws/install/om_spring_actuator_controller/share/om_spring_actuator_controller/package.dsv'
[12.564s] INFO:colcon.colcon_core.shell:Creating package script '/home/youn/ROS/open_manipulator_ws/install/om_spring_actuator_controller/share/om_spring_actuator_controller/package.sh'
[12.565s] INFO:colcon.colcon_core.shell:Creating package script '/home/youn/ROS/open_manipulator_ws/install/om_spring_actuator_controller/share/om_spring_actuator_controller/package.bash'
[12.566s] INFO:colcon.colcon_core.shell:Creating package script '/home/youn/ROS/open_manipulator_ws/install/om_spring_actuator_controller/share/om_spring_actuator_controller/package.zsh'
[12.566s] Level 1:colcon.colcon_core.environment:create_file_with_runtime_dependencies(/home/youn/ROS/open_manipulator_ws/install/om_spring_actuator_controller/share/colcon-core/packages/om_spring_actuator_controller)
[12.567s] Level 1:colcon.colcon_core.environment:create_environment_scripts_only(om_spring_actuator_controller)
[12.567s] Level 1:colcon.colcon_core.environment:checking '/home/youn/ROS/open_manipulator_ws/install/om_spring_actuator_controller' for CMake module files
[12.568s] Level 1:colcon.colcon_core.environment:checking '/home/youn/ROS/open_manipulator_ws/install/om_spring_actuator_controller' for CMake config files
[12.568s] Level 1:colcon.colcon_core.shell:create_environment_hook('om_spring_actuator_controller', 'cmake_prefix_path')
[12.569s] INFO:colcon.colcon_core.shell:Creating environment hook '/home/youn/ROS/open_manipulator_ws/install/om_spring_actuator_controller/share/om_spring_actuator_controller/hook/cmake_prefix_path.ps1'
[12.569s] INFO:colcon.colcon_core.shell:Creating environment descriptor '/home/youn/ROS/open_manipulator_ws/install/om_spring_actuator_controller/share/om_spring_actuator_controller/hook/cmake_prefix_path.dsv'
[12.570s] INFO:colcon.colcon_core.shell:Creating environment hook '/home/youn/ROS/open_manipulator_ws/install/om_spring_actuator_controller/share/om_spring_actuator_controller/hook/cmake_prefix_path.sh'
[12.571s] Level 1:colcon.colcon_core.environment:checking '/home/youn/ROS/open_manipulator_ws/install/om_spring_actuator_controller/lib'
[12.571s] Level 1:colcon.colcon_core.shell:create_environment_hook('om_spring_actuator_controller', 'ld_library_path_lib')
[12.571s] INFO:colcon.colcon_core.shell:Creating environment hook '/home/youn/ROS/open_manipulator_ws/install/om_spring_actuator_controller/share/om_spring_actuator_controller/hook/ld_library_path_lib.ps1'
[12.571s] INFO:colcon.colcon_core.shell:Creating environment descriptor '/home/youn/ROS/open_manipulator_ws/install/om_spring_actuator_controller/share/om_spring_actuator_controller/hook/ld_library_path_lib.dsv'
[12.572s] INFO:colcon.colcon_core.shell:Creating environment hook '/home/youn/ROS/open_manipulator_ws/install/om_spring_actuator_controller/share/om_spring_actuator_controller/hook/ld_library_path_lib.sh'
[12.572s] Level 1:colcon.colcon_core.environment:checking '/home/youn/ROS/open_manipulator_ws/install/om_spring_actuator_controller/bin'
[12.572s] Level 1:colcon.colcon_core.environment:checking '/home/youn/ROS/open_manipulator_ws/install/om_spring_actuator_controller/lib/pkgconfig/om_spring_actuator_controller.pc'
[12.573s] Level 1:colcon.colcon_core.environment:checking '/home/youn/ROS/open_manipulator_ws/install/om_spring_actuator_controller/lib/python3.12/site-packages'
[12.573s] Level 1:colcon.colcon_core.environment:checking '/home/youn/ROS/open_manipulator_ws/install/om_spring_actuator_controller/bin'
[12.573s] INFO:colcon.colcon_core.shell:Creating package script '/home/youn/ROS/open_manipulator_ws/install/om_spring_actuator_controller/share/om_spring_actuator_controller/package.ps1'
[12.574s] INFO:colcon.colcon_core.shell:Creating package descriptor '/home/youn/ROS/open_manipulator_ws/install/om_spring_actuator_controller/share/om_spring_actuator_controller/package.dsv'
[12.575s] INFO:colcon.colcon_core.shell:Creating package script '/home/youn/ROS/open_manipulator_ws/install/om_spring_actuator_controller/share/om_spring_actuator_controller/package.sh'
[12.575s] INFO:colcon.colcon_core.shell:Creating package script '/home/youn/ROS/open_manipulator_ws/install/om_spring_actuator_controller/share/om_spring_actuator_controller/package.bash'
[12.576s] INFO:colcon.colcon_core.shell:Creating package script '/home/youn/ROS/open_manipulator_ws/install/om_spring_actuator_controller/share/om_spring_actuator_controller/package.zsh'
[12.576s] Level 1:colcon.colcon_core.environment:create_file_with_runtime_dependencies(/home/youn/ROS/open_manipulator_ws/install/om_spring_actuator_controller/share/colcon-core/packages/om_spring_actuator_controller)
[20.192s] DEBUG:colcon.colcon_core.event_handler.log_command:Invoked command in '/home/youn/ROS/open_manipulator_ws/build/dynamixel_sdk_examples' returned '0': AMENT_PREFIX_PATH=/home/youn/ROS/open_manipulator_ws/install/dynamixel_sdk_custom_interfaces:/home/youn/ROS/open_manipulator_ws/install/dynamixel_sdk:${AMENT_PREFIX_PATH} CMAKE_PREFIX_PATH=/home/youn/ROS/open_manipulator_ws/install/dynamixel_sdk_custom_interfaces:/home/youn/ROS/open_manipulator_ws/install/dynamixel_sdk:/home/youn/ROS/ros_workspace/install/user_interface:/opt/ros/jazzy/opt/gz_sim_vendor:/opt/ros/jazzy/opt/gz_sensors_vendor:/opt/ros/jazzy/opt/gz_physics_vendor:/opt/ros/jazzy/opt/sdformat_vendor:/opt/ros/jazzy/opt/gz_gui_vendor:/opt/ros/jazzy/opt/gz_transport_vendor:/opt/ros/jazzy/opt/gz_rendering_vendor:/opt/ros/jazzy/opt/gz_plugin_vendor:/opt/ros/jazzy/opt/gz_fuel_tools_vendor:/opt/ros/jazzy/opt/gz_msgs_vendor:/opt/ros/jazzy/opt/gz_common_vendor:/opt/ros/jazzy/opt/gz_math_vendor:/opt/ros/jazzy/opt/gz_utils_vendor:/opt/ros/jazzy/opt/gz_tools_vendor:/opt/ros/jazzy/opt/gz_ogre_next_vendor:/opt/ros/jazzy/opt/gz_dartsim_vendor:/opt/ros/jazzy/opt/gz_cmake_vendor:/home/youn/ROS/ros_workspace/install/ros_basic:/home/youn/ROS/ros_workspace/install/tf2_basic:/opt/ros/jazzy LD_LIBRARY_PATH=/home/youn/ROS/open_manipulator_ws/install/dynamixel_sdk_custom_interfaces/lib:/home/youn/ROS/open_manipulator_ws/install/dynamixel_sdk/lib:${LD_LIBRARY_PATH} PYTHONPATH=/home/youn/ROS/open_manipulator_ws/install/dynamixel_sdk_custom_interfaces/lib/python3.12/site-packages:/home/youn/ROS/open_manipulator_ws/install/dynamixel_sdk/lib/python3.12/site-packages:${PYTHONPATH} /usr/bin/cmake --build /home/youn/ROS/open_manipulator_ws/build/dynamixel_sdk_examples
[20.194s] DEBUG:colcon.colcon_core.event_handler.log_command:Invoking command in '/home/youn/ROS/open_manipulator_ws/build/dynamixel_sdk_examples': AMENT_PREFIX_PATH=/home/youn/ROS/open_manipulator_ws/install/dynamixel_sdk_custom_interfaces:/home/youn/ROS/open_manipulator_ws/install/dynamixel_sdk:${AMENT_PREFIX_PATH} CMAKE_PREFIX_PATH=/home/youn/ROS/open_manipulator_ws/install/dynamixel_sdk_custom_interfaces:/home/youn/ROS/open_manipulator_ws/install/dynamixel_sdk:/home/youn/ROS/ros_workspace/install/user_interface:/opt/ros/jazzy/opt/gz_sim_vendor:/opt/ros/jazzy/opt/gz_sensors_vendor:/opt/ros/jazzy/opt/gz_physics_vendor:/opt/ros/jazzy/opt/sdformat_vendor:/opt/ros/jazzy/opt/gz_gui_vendor:/opt/ros/jazzy/opt/gz_transport_vendor:/opt/ros/jazzy/opt/gz_rendering_vendor:/opt/ros/jazzy/opt/gz_plugin_vendor:/opt/ros/jazzy/opt/gz_fuel_tools_vendor:/opt/ros/jazzy/opt/gz_msgs_vendor:/opt/ros/jazzy/opt/gz_common_vendor:/opt/ros/jazzy/opt/gz_math_vendor:/opt/ros/jazzy/opt/gz_utils_vendor:/opt/ros/jazzy/opt/gz_tools_vendor:/opt/ros/jazzy/opt/gz_ogre_next_vendor:/opt/ros/jazzy/opt/gz_dartsim_vendor:/opt/ros/jazzy/opt/gz_cmake_vendor:/home/youn/ROS/ros_workspace/install/ros_basic:/home/youn/ROS/ros_workspace/install/tf2_basic:/opt/ros/jazzy LD_LIBRARY_PATH=/home/youn/ROS/open_manipulator_ws/install/dynamixel_sdk_custom_interfaces/lib:/home/youn/ROS/open_manipulator_ws/install/dynamixel_sdk/lib:${LD_LIBRARY_PATH} PYTHONPATH=/home/youn/ROS/open_manipulator_ws/install/dynamixel_sdk_custom_interfaces/lib/python3.12/site-packages:/home/youn/ROS/open_manipulator_ws/install/dynamixel_sdk/lib/python3.12/site-packages:${PYTHONPATH} /usr/bin/cmake --install /home/youn/ROS/open_manipulator_ws/build/dynamixel_sdk_examples
[20.235s] Level 1:colcon.colcon_core.environment:create_environment_scripts_only(dynamixel_sdk_examples)
[20.235s] Level 1:colcon.colcon_core.environment:checking '/home/youn/ROS/open_manipulator_ws/install/dynamixel_sdk_examples' for CMake module files
[20.237s] DEBUG:colcon.colcon_core.event_handler.log_command:Invoked command in '/home/youn/ROS/open_manipulator_ws/build/dynamixel_sdk_examples' returned '0': AMENT_PREFIX_PATH=/home/youn/ROS/open_manipulator_ws/install/dynamixel_sdk_custom_interfaces:/home/youn/ROS/open_manipulator_ws/install/dynamixel_sdk:${AMENT_PREFIX_PATH} CMAKE_PREFIX_PATH=/home/youn/ROS/open_manipulator_ws/install/dynamixel_sdk_custom_interfaces:/home/youn/ROS/open_manipulator_ws/install/dynamixel_sdk:/home/youn/ROS/ros_workspace/install/user_interface:/opt/ros/jazzy/opt/gz_sim_vendor:/opt/ros/jazzy/opt/gz_sensors_vendor:/opt/ros/jazzy/opt/gz_physics_vendor:/opt/ros/jazzy/opt/sdformat_vendor:/opt/ros/jazzy/opt/gz_gui_vendor:/opt/ros/jazzy/opt/gz_transport_vendor:/opt/ros/jazzy/opt/gz_rendering_vendor:/opt/ros/jazzy/opt/gz_plugin_vendor:/opt/ros/jazzy/opt/gz_fuel_tools_vendor:/opt/ros/jazzy/opt/gz_msgs_vendor:/opt/ros/jazzy/opt/gz_common_vendor:/opt/ros/jazzy/opt/gz_math_vendor:/opt/ros/jazzy/opt/gz_utils_vendor:/opt/ros/jazzy/opt/gz_tools_vendor:/opt/ros/jazzy/opt/gz_ogre_next_vendor:/opt/ros/jazzy/opt/gz_dartsim_vendor:/opt/ros/jazzy/opt/gz_cmake_vendor:/home/youn/ROS/ros_workspace/install/ros_basic:/home/youn/ROS/ros_workspace/install/tf2_basic:/opt/ros/jazzy LD_LIBRARY_PATH=/home/youn/ROS/open_manipulator_ws/install/dynamixel_sdk_custom_interfaces/lib:/home/youn/ROS/open_manipulator_ws/install/dynamixel_sdk/lib:${LD_LIBRARY_PATH} PYTHONPATH=/home/youn/ROS/open_manipulator_ws/install/dynamixel_sdk_custom_interfaces/lib/python3.12/site-packages:/home/youn/ROS/open_manipulator_ws/install/dynamixel_sdk/lib/python3.12/site-packages:${PYTHONPATH} /usr/bin/cmake --install /home/youn/ROS/open_manipulator_ws/build/dynamixel_sdk_examples
[20.237s] Level 1:colcon.colcon_core.environment:checking '/home/youn/ROS/open_manipulator_ws/install/dynamixel_sdk_examples' for CMake config files
[20.238s] Level 1:colcon.colcon_core.shell:create_environment_hook('dynamixel_sdk_examples', 'cmake_prefix_path')
[20.238s] INFO:colcon.colcon_core.shell:Creating environment hook '/home/youn/ROS/open_manipulator_ws/install/dynamixel_sdk_examples/share/dynamixel_sdk_examples/hook/cmake_prefix_path.ps1'
[20.239s] INFO:colcon.colcon_core.shell:Creating environment descriptor '/home/youn/ROS/open_manipulator_ws/install/dynamixel_sdk_examples/share/dynamixel_sdk_examples/hook/cmake_prefix_path.dsv'
[20.240s] INFO:colcon.colcon_core.shell:Creating environment hook '/home/youn/ROS/open_manipulator_ws/install/dynamixel_sdk_examples/share/dynamixel_sdk_examples/hook/cmake_prefix_path.sh'
[20.241s] Level 1:colcon.colcon_core.environment:checking '/home/youn/ROS/open_manipulator_ws/install/dynamixel_sdk_examples/lib'
[20.241s] Level 1:colcon.colcon_core.environment:checking '/home/youn/ROS/open_manipulator_ws/install/dynamixel_sdk_examples/bin'
[20.241s] Level 1:colcon.colcon_core.environment:checking '/home/youn/ROS/open_manipulator_ws/install/dynamixel_sdk_examples/lib/pkgconfig/dynamixel_sdk_examples.pc'
[20.241s] Level 1:colcon.colcon_core.environment:checking '/home/youn/ROS/open_manipulator_ws/install/dynamixel_sdk_examples/lib/python3.12/site-packages'
[20.242s] Level 1:colcon.colcon_core.environment:checking '/home/youn/ROS/open_manipulator_ws/install/dynamixel_sdk_examples/bin'
[20.242s] INFO:colcon.colcon_core.shell:Creating package script '/home/youn/ROS/open_manipulator_ws/install/dynamixel_sdk_examples/share/dynamixel_sdk_examples/package.ps1'
[20.243s] INFO:colcon.colcon_core.shell:Creating package descriptor '/home/youn/ROS/open_manipulator_ws/install/dynamixel_sdk_examples/share/dynamixel_sdk_examples/package.dsv'
[20.244s] INFO:colcon.colcon_core.shell:Creating package script '/home/youn/ROS/open_manipulator_ws/install/dynamixel_sdk_examples/share/dynamixel_sdk_examples/package.sh'
[20.245s] INFO:colcon.colcon_core.shell:Creating package script '/home/youn/ROS/open_manipulator_ws/install/dynamixel_sdk_examples/share/dynamixel_sdk_examples/package.bash'
[20.245s] INFO:colcon.colcon_core.shell:Creating package script '/home/youn/ROS/open_manipulator_ws/install/dynamixel_sdk_examples/share/dynamixel_sdk_examples/package.zsh'
[20.246s] Level 1:colcon.colcon_core.environment:create_file_with_runtime_dependencies(/home/youn/ROS/open_manipulator_ws/install/dynamixel_sdk_examples/share/colcon-core/packages/dynamixel_sdk_examples)
[20.247s] Level 1:colcon.colcon_core.environment:create_environment_scripts_only(dynamixel_sdk_examples)
[20.247s] Level 1:colcon.colcon_core.environment:checking '/home/youn/ROS/open_manipulator_ws/install/dynamixel_sdk_examples' for CMake module files
[20.248s] Level 1:colcon.colcon_core.environment:checking '/home/youn/ROS/open_manipulator_ws/install/dynamixel_sdk_examples' for CMake config files
[20.248s] Level 1:colcon.colcon_core.shell:create_environment_hook('dynamixel_sdk_examples', 'cmake_prefix_path')
[20.248s] INFO:colcon.colcon_core.shell:Creating environment hook '/home/youn/ROS/open_manipulator_ws/install/dynamixel_sdk_examples/share/dynamixel_sdk_examples/hook/cmake_prefix_path.ps1'
[20.249s] INFO:colcon.colcon_core.shell:Creating environment descriptor '/home/youn/ROS/open_manipulator_ws/install/dynamixel_sdk_examples/share/dynamixel_sdk_examples/hook/cmake_prefix_path.dsv'
[20.250s] INFO:colcon.colcon_core.shell:Creating environment hook '/home/youn/ROS/open_manipulator_ws/install/dynamixel_sdk_examples/share/dynamixel_sdk_examples/hook/cmake_prefix_path.sh'
[20.251s] Level 1:colcon.colcon_core.environment:checking '/home/youn/ROS/open_manipulator_ws/install/dynamixel_sdk_examples/lib'
[20.251s] Level 1:colcon.colcon_core.environment:checking '/home/youn/ROS/open_manipulator_ws/install/dynamixel_sdk_examples/bin'
[20.251s] Level 1:colcon.colcon_core.environment:checking '/home/youn/ROS/open_manipulator_ws/install/dynamixel_sdk_examples/lib/pkgconfig/dynamixel_sdk_examples.pc'
[20.251s] Level 1:colcon.colcon_core.environment:checking '/home/youn/ROS/open_manipulator_ws/install/dynamixel_sdk_examples/lib/python3.12/site-packages'
[20.252s] Level 1:colcon.colcon_core.environment:checking '/home/youn/ROS/open_manipulator_ws/install/dynamixel_sdk_examples/bin'
[20.252s] INFO:colcon.colcon_core.shell:Creating package script '/home/youn/ROS/open_manipulator_ws/install/dynamixel_sdk_examples/share/dynamixel_sdk_examples/package.ps1'
[20.253s] INFO:colcon.colcon_core.shell:Creating package descriptor '/home/youn/ROS/open_manipulator_ws/install/dynamixel_sdk_examples/share/dynamixel_sdk_examples/package.dsv'
[20.254s] INFO:colcon.colcon_core.shell:Creating package script '/home/youn/ROS/open_manipulator_ws/install/dynamixel_sdk_examples/share/dynamixel_sdk_examples/package.sh'
[20.255s] INFO:colcon.colcon_core.shell:Creating package script '/home/youn/ROS/open_manipulator_ws/install/dynamixel_sdk_examples/share/dynamixel_sdk_examples/package.bash'
[20.256s] INFO:colcon.colcon_core.shell:Creating package script '/home/youn/ROS/open_manipulator_ws/install/dynamixel_sdk_examples/share/dynamixel_sdk_examples/package.zsh'
[20.256s] Level 1:colcon.colcon_core.environment:create_file_with_runtime_dependencies(/home/youn/ROS/open_manipulator_ws/install/dynamixel_sdk_examples/share/colcon-core/packages/dynamixel_sdk_examples)
[26.804s] DEBUG:colcon.colcon_core.event_handler.log_command:Invoked command in '/home/youn/ROS/open_manipulator_ws/build/om_joint_trajectory_command_broadcaster' returned '0': CMAKE_PREFIX_PATH=${CMAKE_PREFIX_PATH}:/home/youn/ROS/ros_workspace/install/ros_basic:/home/youn/ROS/ros_workspace/install/tf2_basic:/opt/ros/jazzy /usr/bin/cmake --build /home/youn/ROS/open_manipulator_ws/build/om_joint_trajectory_command_broadcaster
[26.807s] DEBUG:colcon.colcon_core.event_handler.log_command:Invoking command in '/home/youn/ROS/open_manipulator_ws/build/om_joint_trajectory_command_broadcaster': CMAKE_PREFIX_PATH=${CMAKE_PREFIX_PATH}:/home/youn/ROS/ros_workspace/install/ros_basic:/home/youn/ROS/ros_workspace/install/tf2_basic:/opt/ros/jazzy /usr/bin/cmake --install /home/youn/ROS/open_manipulator_ws/build/om_joint_trajectory_command_broadcaster
[26.864s] Level 1:colcon.colcon_core.environment:create_environment_scripts_only(om_joint_trajectory_command_broadcaster)
[26.865s] DEBUG:colcon.colcon_core.event_handler.log_command:Invoked command in '/home/youn/ROS/open_manipulator_ws/build/om_joint_trajectory_command_broadcaster' returned '0': CMAKE_PREFIX_PATH=${CMAKE_PREFIX_PATH}:/home/youn/ROS/ros_workspace/install/ros_basic:/home/youn/ROS/ros_workspace/install/tf2_basic:/opt/ros/jazzy /usr/bin/cmake --install /home/youn/ROS/open_manipulator_ws/build/om_joint_trajectory_command_broadcaster
[26.865s] Level 1:colcon.colcon_core.environment:checking '/home/youn/ROS/open_manipulator_ws/install/om_joint_trajectory_command_broadcaster' for CMake module files
[26.867s] Level 1:colcon.colcon_core.environment:checking '/home/youn/ROS/open_manipulator_ws/install/om_joint_trajectory_command_broadcaster' for CMake config files
[26.867s] Level 1:colcon.colcon_core.shell:create_environment_hook('om_joint_trajectory_command_broadcaster', 'cmake_prefix_path')
[26.867s] INFO:colcon.colcon_core.shell:Creating environment hook '/home/youn/ROS/open_manipulator_ws/install/om_joint_trajectory_command_broadcaster/share/om_joint_trajectory_command_broadcaster/hook/cmake_prefix_path.ps1'
[26.868s] INFO:colcon.colcon_core.shell:Creating environment descriptor '/home/youn/ROS/open_manipulator_ws/install/om_joint_trajectory_command_broadcaster/share/om_joint_trajectory_command_broadcaster/hook/cmake_prefix_path.dsv'
[26.869s] INFO:colcon.colcon_core.shell:Creating environment hook '/home/youn/ROS/open_manipulator_ws/install/om_joint_trajectory_command_broadcaster/share/om_joint_trajectory_command_broadcaster/hook/cmake_prefix_path.sh'
[26.870s] Level 1:colcon.colcon_core.environment:checking '/home/youn/ROS/open_manipulator_ws/install/om_joint_trajectory_command_broadcaster/lib'
[26.870s] Level 1:colcon.colcon_core.shell:create_environment_hook('om_joint_trajectory_command_broadcaster', 'ld_library_path_lib')
[26.870s] INFO:colcon.colcon_core.shell:Creating environment hook '/home/youn/ROS/open_manipulator_ws/install/om_joint_trajectory_command_broadcaster/share/om_joint_trajectory_command_broadcaster/hook/ld_library_path_lib.ps1'
[26.871s] INFO:colcon.colcon_core.shell:Creating environment descriptor '/home/youn/ROS/open_manipulator_ws/install/om_joint_trajectory_command_broadcaster/share/om_joint_trajectory_command_broadcaster/hook/ld_library_path_lib.dsv'
[26.871s] INFO:colcon.colcon_core.shell:Creating environment hook '/home/youn/ROS/open_manipulator_ws/install/om_joint_trajectory_command_broadcaster/share/om_joint_trajectory_command_broadcaster/hook/ld_library_path_lib.sh'
[26.872s] Level 1:colcon.colcon_core.environment:checking '/home/youn/ROS/open_manipulator_ws/install/om_joint_trajectory_command_broadcaster/bin'
[26.872s] Level 1:colcon.colcon_core.environment:checking '/home/youn/ROS/open_manipulator_ws/install/om_joint_trajectory_command_broadcaster/lib/pkgconfig/om_joint_trajectory_command_broadcaster.pc'
[26.873s] Level 1:colcon.colcon_core.environment:checking '/home/youn/ROS/open_manipulator_ws/install/om_joint_trajectory_command_broadcaster/lib/python3.12/site-packages'
[26.873s] Level 1:colcon.colcon_core.environment:checking '/home/youn/ROS/open_manipulator_ws/install/om_joint_trajectory_command_broadcaster/bin'
[26.874s] INFO:colcon.colcon_core.shell:Creating package script '/home/youn/ROS/open_manipulator_ws/install/om_joint_trajectory_command_broadcaster/share/om_joint_trajectory_command_broadcaster/package.ps1'
[26.875s] INFO:colcon.colcon_core.shell:Creating package descriptor '/home/youn/ROS/open_manipulator_ws/install/om_joint_trajectory_command_broadcaster/share/om_joint_trajectory_command_broadcaster/package.dsv'
[26.875s] INFO:colcon.colcon_core.shell:Creating package script '/home/youn/ROS/open_manipulator_ws/install/om_joint_trajectory_command_broadcaster/share/om_joint_trajectory_command_broadcaster/package.sh'
[26.876s] INFO:colcon.colcon_core.shell:Creating package script '/home/youn/ROS/open_manipulator_ws/install/om_joint_trajectory_command_broadcaster/share/om_joint_trajectory_command_broadcaster/package.bash'
[26.877s] INFO:colcon.colcon_core.shell:Creating package script '/home/youn/ROS/open_manipulator_ws/install/om_joint_trajectory_command_broadcaster/share/om_joint_trajectory_command_broadcaster/package.zsh'
[26.877s] Level 1:colcon.colcon_core.environment:create_file_with_runtime_dependencies(/home/youn/ROS/open_manipulator_ws/install/om_joint_trajectory_command_broadcaster/share/colcon-core/packages/om_joint_trajectory_command_broadcaster)
[26.878s] Level 1:colcon.colcon_core.environment:create_environment_scripts_only(om_joint_trajectory_command_broadcaster)
[26.879s] Level 1:colcon.colcon_core.environment:checking '/home/youn/ROS/open_manipulator_ws/install/om_joint_trajectory_command_broadcaster' for CMake module files
[26.879s] Level 1:colcon.colcon_core.environment:checking '/home/youn/ROS/open_manipulator_ws/install/om_joint_trajectory_command_broadcaster' for CMake config files
[26.880s] Level 1:colcon.colcon_core.shell:create_environment_hook('om_joint_trajectory_command_broadcaster', 'cmake_prefix_path')
[26.880s] INFO:colcon.colcon_core.shell:Creating environment hook '/home/youn/ROS/open_manipulator_ws/install/om_joint_trajectory_command_broadcaster/share/om_joint_trajectory_command_broadcaster/hook/cmake_prefix_path.ps1'
[26.881s] INFO:colcon.colcon_core.shell:Creating environment descriptor '/home/youn/ROS/open_manipulator_ws/install/om_joint_trajectory_command_broadcaster/share/om_joint_trajectory_command_broadcaster/hook/cmake_prefix_path.dsv'
[26.882s] INFO:colcon.colcon_core.shell:Creating environment hook '/home/youn/ROS/open_manipulator_ws/install/om_joint_trajectory_command_broadcaster/share/om_joint_trajectory_command_broadcaster/hook/cmake_prefix_path.sh'
[26.883s] Level 1:colcon.colcon_core.environment:checking '/home/youn/ROS/open_manipulator_ws/install/om_joint_trajectory_command_broadcaster/lib'
[26.883s] Level 1:colcon.colcon_core.shell:create_environment_hook('om_joint_trajectory_command_broadcaster', 'ld_library_path_lib')
[26.884s] INFO:colcon.colcon_core.shell:Creating environment hook '/home/youn/ROS/open_manipulator_ws/install/om_joint_trajectory_command_broadcaster/share/om_joint_trajectory_command_broadcaster/hook/ld_library_path_lib.ps1'
[26.885s] INFO:colcon.colcon_core.shell:Creating environment descriptor '/home/youn/ROS/open_manipulator_ws/install/om_joint_trajectory_command_broadcaster/share/om_joint_trajectory_command_broadcaster/hook/ld_library_path_lib.dsv'
[26.885s] INFO:colcon.colcon_core.shell:Creating environment hook '/home/youn/ROS/open_manipulator_ws/install/om_joint_trajectory_command_broadcaster/share/om_joint_trajectory_command_broadcaster/hook/ld_library_path_lib.sh'
[26.886s] Level 1:colcon.colcon_core.environment:checking '/home/youn/ROS/open_manipulator_ws/install/om_joint_trajectory_command_broadcaster/bin'
[26.886s] Level 1:colcon.colcon_core.environment:checking '/home/youn/ROS/open_manipulator_ws/install/om_joint_trajectory_command_broadcaster/lib/pkgconfig/om_joint_trajectory_command_broadcaster.pc'
[26.887s] Level 1:colcon.colcon_core.environment:checking '/home/youn/ROS/open_manipulator_ws/install/om_joint_trajectory_command_broadcaster/lib/python3.12/site-packages'
[26.887s] Level 1:colcon.colcon_core.environment:checking '/home/youn/ROS/open_manipulator_ws/install/om_joint_trajectory_command_broadcaster/bin'
[26.887s] INFO:colcon.colcon_core.shell:Creating package script '/home/youn/ROS/open_manipulator_ws/install/om_joint_trajectory_command_broadcaster/share/om_joint_trajectory_command_broadcaster/package.ps1'
[26.888s] INFO:colcon.colcon_core.shell:Creating package descriptor '/home/youn/ROS/open_manipulator_ws/install/om_joint_trajectory_command_broadcaster/share/om_joint_trajectory_command_broadcaster/package.dsv'
[26.889s] INFO:colcon.colcon_core.shell:Creating package script '/home/youn/ROS/open_manipulator_ws/install/om_joint_trajectory_command_broadcaster/share/om_joint_trajectory_command_broadcaster/package.sh'
[26.890s] INFO:colcon.colcon_core.shell:Creating package script '/home/youn/ROS/open_manipulator_ws/install/om_joint_trajectory_command_broadcaster/share/om_joint_trajectory_command_broadcaster/package.bash'
[26.891s] INFO:colcon.colcon_core.shell:Creating package script '/home/youn/ROS/open_manipulator_ws/install/om_joint_trajectory_command_broadcaster/share/om_joint_trajectory_command_broadcaster/package.zsh'
[26.891s] Level 1:colcon.colcon_core.environment:create_file_with_runtime_dependencies(/home/youn/ROS/open_manipulator_ws/install/om_joint_trajectory_command_broadcaster/share/colcon-core/packages/om_joint_trajectory_command_broadcaster)
[28.966s] DEBUG:colcon.colcon_core.event_handler.log_command:Invoked command in '/home/youn/ROS/open_manipulator_ws/build/open_manipulator_collision' returned '0': CMAKE_PREFIX_PATH=${CMAKE_PREFIX_PATH}:/home/youn/ROS/ros_workspace/install/ros_basic:/home/youn/ROS/ros_workspace/install/tf2_basic:/opt/ros/jazzy /usr/bin/cmake --build /home/youn/ROS/open_manipulator_ws/build/open_manipulator_collision
[28.968s] DEBUG:colcon.colcon_core.event_handler.log_command:Invoking command in '/home/youn/ROS/open_manipulator_ws/build/open_manipulator_collision': CMAKE_PREFIX_PATH=${CMAKE_PREFIX_PATH}:/home/youn/ROS/ros_workspace/install/ros_basic:/home/youn/ROS/ros_workspace/install/tf2_basic:/opt/ros/jazzy /usr/bin/cmake --install /home/youn/ROS/open_manipulator_ws/build/open_manipulator_collision
[29.026s] Level 1:colcon.colcon_core.environment:create_environment_scripts_only(open_manipulator_collision)
[29.027s] Level 1:colcon.colcon_core.environment:checking '/home/youn/ROS/open_manipulator_ws/install/open_manipulator_collision' for CMake module files
[29.029s] DEBUG:colcon.colcon_core.event_handler.log_command:Invoked command in '/home/youn/ROS/open_manipulator_ws/build/open_manipulator_collision' returned '0': CMAKE_PREFIX_PATH=${CMAKE_PREFIX_PATH}:/home/youn/ROS/ros_workspace/install/ros_basic:/home/youn/ROS/ros_workspace/install/tf2_basic:/opt/ros/jazzy /usr/bin/cmake --install /home/youn/ROS/open_manipulator_ws/build/open_manipulator_collision
[29.030s] Level 1:colcon.colcon_core.environment:checking '/home/youn/ROS/open_manipulator_ws/install/open_manipulator_collision' for CMake config files
[29.030s] Level 1:colcon.colcon_core.shell:create_environment_hook('open_manipulator_collision', 'cmake_prefix_path')
[29.030s] INFO:colcon.colcon_core.shell:Creating environment hook '/home/youn/ROS/open_manipulator_ws/install/open_manipulator_collision/share/open_manipulator_collision/hook/cmake_prefix_path.ps1'
[29.031s] INFO:colcon.colcon_core.shell:Creating environment descriptor '/home/youn/ROS/open_manipulator_ws/install/open_manipulator_collision/share/open_manipulator_collision/hook/cmake_prefix_path.dsv'
[29.032s] INFO:colcon.colcon_core.shell:Creating environment hook '/home/youn/ROS/open_manipulator_ws/install/open_manipulator_collision/share/open_manipulator_collision/hook/cmake_prefix_path.sh'
[29.033s] Level 1:colcon.colcon_core.environment:checking '/home/youn/ROS/open_manipulator_ws/install/open_manipulator_collision/lib'
[29.034s] Level 1:colcon.colcon_core.environment:checking '/home/youn/ROS/open_manipulator_ws/install/open_manipulator_collision/bin'
[29.034s] Level 1:colcon.colcon_core.environment:checking '/home/youn/ROS/open_manipulator_ws/install/open_manipulator_collision/lib/pkgconfig/open_manipulator_collision.pc'
[29.034s] Level 1:colcon.colcon_core.environment:checking '/home/youn/ROS/open_manipulator_ws/install/open_manipulator_collision/lib/python3.12/site-packages'
[29.035s] Level 1:colcon.colcon_core.environment:checking '/home/youn/ROS/open_manipulator_ws/install/open_manipulator_collision/bin'
[29.035s] INFO:colcon.colcon_core.shell:Creating package script '/home/youn/ROS/open_manipulator_ws/install/open_manipulator_collision/share/open_manipulator_collision/package.ps1'
[29.036s] INFO:colcon.colcon_core.shell:Creating package descriptor '/home/youn/ROS/open_manipulator_ws/install/open_manipulator_collision/share/open_manipulator_collision/package.dsv'
[29.037s] INFO:colcon.colcon_core.shell:Creating package script '/home/youn/ROS/open_manipulator_ws/install/open_manipulator_collision/share/open_manipulator_collision/package.sh'
[29.038s] INFO:colcon.colcon_core.shell:Creating package script '/home/youn/ROS/open_manipulator_ws/install/open_manipulator_collision/share/open_manipulator_collision/package.bash'
[29.039s] INFO:colcon.colcon_core.shell:Creating package script '/home/youn/ROS/open_manipulator_ws/install/open_manipulator_collision/share/open_manipulator_collision/package.zsh'
[29.039s] Level 1:colcon.colcon_core.environment:create_file_with_runtime_dependencies(/home/youn/ROS/open_manipulator_ws/install/open_manipulator_collision/share/colcon-core/packages/open_manipulator_collision)
[29.040s] Level 1:colcon.colcon_core.environment:create_environment_scripts_only(open_manipulator_collision)
[29.040s] Level 1:colcon.colcon_core.environment:checking '/home/youn/ROS/open_manipulator_ws/install/open_manipulator_collision' for CMake module files
[29.041s] Level 1:colcon.colcon_core.environment:checking '/home/youn/ROS/open_manipulator_ws/install/open_manipulator_collision' for CMake config files
[29.042s] Level 1:colcon.colcon_core.shell:create_environment_hook('open_manipulator_collision', 'cmake_prefix_path')
[29.042s] INFO:colcon.colcon_core.shell:Creating environment hook '/home/youn/ROS/open_manipulator_ws/install/open_manipulator_collision/share/open_manipulator_collision/hook/cmake_prefix_path.ps1'
[29.043s] INFO:colcon.colcon_core.shell:Creating environment descriptor '/home/youn/ROS/open_manipulator_ws/install/open_manipulator_collision/share/open_manipulator_collision/hook/cmake_prefix_path.dsv'
[29.043s] INFO:colcon.colcon_core.shell:Creating environment hook '/home/youn/ROS/open_manipulator_ws/install/open_manipulator_collision/share/open_manipulator_collision/hook/cmake_prefix_path.sh'
[29.045s] Level 1:colcon.colcon_core.environment:checking '/home/youn/ROS/open_manipulator_ws/install/open_manipulator_collision/lib'
[29.045s] Level 1:colcon.colcon_core.environment:checking '/home/youn/ROS/open_manipulator_ws/install/open_manipulator_collision/bin'
[29.045s] Level 1:colcon.colcon_core.environment:checking '/home/youn/ROS/open_manipulator_ws/install/open_manipulator_collision/lib/pkgconfig/open_manipulator_collision.pc'
[29.045s] Level 1:colcon.colcon_core.environment:checking '/home/youn/ROS/open_manipulator_ws/install/open_manipulator_collision/lib/python3.12/site-packages'
[29.046s] Level 1:colcon.colcon_core.environment:checking '/home/youn/ROS/open_manipulator_ws/install/open_manipulator_collision/bin'
[29.046s] INFO:colcon.colcon_core.shell:Creating package script '/home/youn/ROS/open_manipulator_ws/install/open_manipulator_collision/share/open_manipulator_collision/package.ps1'
[29.047s] INFO:colcon.colcon_core.shell:Creating package descriptor '/home/youn/ROS/open_manipulator_ws/install/open_manipulator_collision/share/open_manipulator_collision/package.dsv'
[29.048s] INFO:colcon.colcon_core.shell:Creating package script '/home/youn/ROS/open_manipulator_ws/install/open_manipulator_collision/share/open_manipulator_collision/package.sh'
[29.049s] INFO:colcon.colcon_core.shell:Creating package script '/home/youn/ROS/open_manipulator_ws/install/open_manipulator_collision/share/open_manipulator_collision/package.bash'
[29.050s] INFO:colcon.colcon_core.shell:Creating package script '/home/youn/ROS/open_manipulator_ws/install/open_manipulator_collision/share/open_manipulator_collision/package.zsh'
[29.050s] Level 1:colcon.colcon_core.environment:create_file_with_runtime_dependencies(/home/youn/ROS/open_manipulator_ws/install/open_manipulator_collision/share/colcon-core/packages/open_manipulator_collision)
[31.459s] DEBUG:colcon.colcon_core.event_handler.log_command:Invoked command in '/home/youn/ROS/open_manipulator_ws/build/om_gravity_compensation_controller' returned '0': CMAKE_PREFIX_PATH=${CMAKE_PREFIX_PATH}:/home/youn/ROS/ros_workspace/install/ros_basic:/home/youn/ROS/ros_workspace/install/tf2_basic:/opt/ros/jazzy /usr/bin/cmake --build /home/youn/ROS/open_manipulator_ws/build/om_gravity_compensation_controller
[31.461s] DEBUG:colcon.colcon_core.event_handler.log_command:Invoking command in '/home/youn/ROS/open_manipulator_ws/build/om_gravity_compensation_controller': CMAKE_PREFIX_PATH=${CMAKE_PREFIX_PATH}:/home/youn/ROS/ros_workspace/install/ros_basic:/home/youn/ROS/ros_workspace/install/tf2_basic:/opt/ros/jazzy /usr/bin/cmake --install /home/youn/ROS/open_manipulator_ws/build/om_gravity_compensation_controller
[31.516s] Level 1:colcon.colcon_core.environment:create_environment_scripts_only(om_gravity_compensation_controller)
[31.516s] Level 1:colcon.colcon_core.environment:checking '/home/youn/ROS/open_manipulator_ws/install/om_gravity_compensation_controller' for CMake module files
[31.518s] DEBUG:colcon.colcon_core.event_handler.log_command:Invoked command in '/home/youn/ROS/open_manipulator_ws/build/om_gravity_compensation_controller' returned '0': CMAKE_PREFIX_PATH=${CMAKE_PREFIX_PATH}:/home/youn/ROS/ros_workspace/install/ros_basic:/home/youn/ROS/ros_workspace/install/tf2_basic:/opt/ros/jazzy /usr/bin/cmake --install /home/youn/ROS/open_manipulator_ws/build/om_gravity_compensation_controller
[31.519s] Level 1:colcon.colcon_core.environment:checking '/home/youn/ROS/open_manipulator_ws/install/om_gravity_compensation_controller' for CMake config files
[31.519s] Level 1:colcon.colcon_core.shell:create_environment_hook('om_gravity_compensation_controller', 'cmake_prefix_path')
[31.520s] INFO:colcon.colcon_core.shell:Creating environment hook '/home/youn/ROS/open_manipulator_ws/install/om_gravity_compensation_controller/share/om_gravity_compensation_controller/hook/cmake_prefix_path.ps1'
[31.520s] INFO:colcon.colcon_core.shell:Creating environment descriptor '/home/youn/ROS/open_manipulator_ws/install/om_gravity_compensation_controller/share/om_gravity_compensation_controller/hook/cmake_prefix_path.dsv'
[31.521s] INFO:colcon.colcon_core.shell:Creating environment hook '/home/youn/ROS/open_manipulator_ws/install/om_gravity_compensation_controller/share/om_gravity_compensation_controller/hook/cmake_prefix_path.sh'
[31.522s] Level 1:colcon.colcon_core.environment:checking '/home/youn/ROS/open_manipulator_ws/install/om_gravity_compensation_controller/lib'
[31.523s] Level 1:colcon.colcon_core.shell:create_environment_hook('om_gravity_compensation_controller', 'ld_library_path_lib')
[31.523s] INFO:colcon.colcon_core.shell:Creating environment hook '/home/youn/ROS/open_manipulator_ws/install/om_gravity_compensation_controller/share/om_gravity_compensation_controller/hook/ld_library_path_lib.ps1'
[31.523s] INFO:colcon.colcon_core.shell:Creating environment descriptor '/home/youn/ROS/open_manipulator_ws/install/om_gravity_compensation_controller/share/om_gravity_compensation_controller/hook/ld_library_path_lib.dsv'
[31.524s] INFO:colcon.colcon_core.shell:Creating environment hook '/home/youn/ROS/open_manipulator_ws/install/om_gravity_compensation_controller/share/om_gravity_compensation_controller/hook/ld_library_path_lib.sh'
[31.525s] Level 1:colcon.colcon_core.environment:checking '/home/youn/ROS/open_manipulator_ws/install/om_gravity_compensation_controller/bin'
[31.525s] Level 1:colcon.colcon_core.environment:checking '/home/youn/ROS/open_manipulator_ws/install/om_gravity_compensation_controller/lib/pkgconfig/om_gravity_compensation_controller.pc'
[31.525s] Level 1:colcon.colcon_core.environment:checking '/home/youn/ROS/open_manipulator_ws/install/om_gravity_compensation_controller/lib/python3.12/site-packages'
[31.526s] Level 1:colcon.colcon_core.environment:checking '/home/youn/ROS/open_manipulator_ws/install/om_gravity_compensation_controller/bin'
[31.526s] INFO:colcon.colcon_core.shell:Creating package script '/home/youn/ROS/open_manipulator_ws/install/om_gravity_compensation_controller/share/om_gravity_compensation_controller/package.ps1'
[31.527s] INFO:colcon.colcon_core.shell:Creating package descriptor '/home/youn/ROS/open_manipulator_ws/install/om_gravity_compensation_controller/share/om_gravity_compensation_controller/package.dsv'
[31.528s] INFO:colcon.colcon_core.shell:Creating package script '/home/youn/ROS/open_manipulator_ws/install/om_gravity_compensation_controller/share/om_gravity_compensation_controller/package.sh'
[31.528s] INFO:colcon.colcon_core.shell:Creating package script '/home/youn/ROS/open_manipulator_ws/install/om_gravity_compensation_controller/share/om_gravity_compensation_controller/package.bash'
[31.529s] INFO:colcon.colcon_core.shell:Creating package script '/home/youn/ROS/open_manipulator_ws/install/om_gravity_compensation_controller/share/om_gravity_compensation_controller/package.zsh'
[31.529s] Level 1:colcon.colcon_core.environment:create_file_with_runtime_dependencies(/home/youn/ROS/open_manipulator_ws/install/om_gravity_compensation_controller/share/colcon-core/packages/om_gravity_compensation_controller)
[31.530s] Level 1:colcon.colcon_core.environment:create_environment_scripts_only(om_gravity_compensation_controller)
[31.530s] Level 1:colcon.colcon_core.environment:checking '/home/youn/ROS/open_manipulator_ws/install/om_gravity_compensation_controller' for CMake module files
[31.530s] Level 1:colcon.colcon_core.environment:checking '/home/youn/ROS/open_manipulator_ws/install/om_gravity_compensation_controller' for CMake config files
[31.530s] Level 1:colcon.colcon_core.shell:create_environment_hook('om_gravity_compensation_controller', 'cmake_prefix_path')
[31.530s] INFO:colcon.colcon_core.shell:Creating environment hook '/home/youn/ROS/open_manipulator_ws/install/om_gravity_compensation_controller/share/om_gravity_compensation_controller/hook/cmake_prefix_path.ps1'
[31.531s] INFO:colcon.colcon_core.shell:Creating environment descriptor '/home/youn/ROS/open_manipulator_ws/install/om_gravity_compensation_controller/share/om_gravity_compensation_controller/hook/cmake_prefix_path.dsv'
[31.531s] INFO:colcon.colcon_core.shell:Creating environment hook '/home/youn/ROS/open_manipulator_ws/install/om_gravity_compensation_controller/share/om_gravity_compensation_controller/hook/cmake_prefix_path.sh'
[31.532s] Level 1:colcon.colcon_core.environment:checking '/home/youn/ROS/open_manipulator_ws/install/om_gravity_compensation_controller/lib'
[31.532s] Level 1:colcon.colcon_core.shell:create_environment_hook('om_gravity_compensation_controller', 'ld_library_path_lib')
[31.532s] INFO:colcon.colcon_core.shell:Creating environment hook '/home/youn/ROS/open_manipulator_ws/install/om_gravity_compensation_controller/share/om_gravity_compensation_controller/hook/ld_library_path_lib.ps1'
[31.532s] INFO:colcon.colcon_core.shell:Creating environment descriptor '/home/youn/ROS/open_manipulator_ws/install/om_gravity_compensation_controller/share/om_gravity_compensation_controller/hook/ld_library_path_lib.dsv'
[31.532s] INFO:colcon.colcon_core.shell:Creating environment hook '/home/youn/ROS/open_manipulator_ws/install/om_gravity_compensation_controller/share/om_gravity_compensation_controller/hook/ld_library_path_lib.sh'
[31.533s] Level 1:colcon.colcon_core.environment:checking '/home/youn/ROS/open_manipulator_ws/install/om_gravity_compensation_controller/bin'
[31.533s] Level 1:colcon.colcon_core.environment:checking '/home/youn/ROS/open_manipulator_ws/install/om_gravity_compensation_controller/lib/pkgconfig/om_gravity_compensation_controller.pc'
[31.533s] Level 1:colcon.colcon_core.environment:checking '/home/youn/ROS/open_manipulator_ws/install/om_gravity_compensation_controller/lib/python3.12/site-packages'
[31.533s] Level 1:colcon.colcon_core.environment:checking '/home/youn/ROS/open_manipulator_ws/install/om_gravity_compensation_controller/bin'
[31.533s] INFO:colcon.colcon_core.shell:Creating package script '/home/youn/ROS/open_manipulator_ws/install/om_gravity_compensation_controller/share/om_gravity_compensation_controller/package.ps1'
[31.534s] INFO:colcon.colcon_core.shell:Creating package descriptor '/home/youn/ROS/open_manipulator_ws/install/om_gravity_compensation_controller/share/om_gravity_compensation_controller/package.dsv'
[31.534s] INFO:colcon.colcon_core.shell:Creating package script '/home/youn/ROS/open_manipulator_ws/install/om_gravity_compensation_controller/share/om_gravity_compensation_controller/package.sh'
[31.535s] INFO:colcon.colcon_core.shell:Creating package script '/home/youn/ROS/open_manipulator_ws/install/om_gravity_compensation_controller/share/om_gravity_compensation_controller/package.bash'
[31.535s] INFO:colcon.colcon_core.shell:Creating package script '/home/youn/ROS/open_manipulator_ws/install/om_gravity_compensation_controller/share/om_gravity_compensation_controller/package.zsh'
[31.535s] Level 1:colcon.colcon_core.environment:create_file_with_runtime_dependencies(/home/youn/ROS/open_manipulator_ws/install/om_gravity_compensation_controller/share/colcon-core/packages/om_gravity_compensation_controller)
[40.751s] DEBUG:colcon.colcon_core.event_handler.log_command:Invoked command in '/home/youn/ROS/open_manipulator_ws/build/dynamixel_hardware_interface' returned '0': AMENT_PREFIX_PATH=/home/youn/ROS/open_manipulator_ws/install/dynamixel_sdk:/home/youn/ROS/open_manipulator_ws/install/dynamixel_interfaces:${AMENT_PREFIX_PATH} CMAKE_PREFIX_PATH=/home/youn/ROS/open_manipulator_ws/install/dynamixel_sdk:/home/youn/ROS/open_manipulator_ws/install/dynamixel_interfaces:/home/youn/ROS/ros_workspace/install/user_interface:/opt/ros/jazzy/opt/gz_sim_vendor:/opt/ros/jazzy/opt/gz_sensors_vendor:/opt/ros/jazzy/opt/gz_physics_vendor:/opt/ros/jazzy/opt/sdformat_vendor:/opt/ros/jazzy/opt/gz_gui_vendor:/opt/ros/jazzy/opt/gz_transport_vendor:/opt/ros/jazzy/opt/gz_rendering_vendor:/opt/ros/jazzy/opt/gz_plugin_vendor:/opt/ros/jazzy/opt/gz_fuel_tools_vendor:/opt/ros/jazzy/opt/gz_msgs_vendor:/opt/ros/jazzy/opt/gz_common_vendor:/opt/ros/jazzy/opt/gz_math_vendor:/opt/ros/jazzy/opt/gz_utils_vendor:/opt/ros/jazzy/opt/gz_tools_vendor:/opt/ros/jazzy/opt/gz_ogre_next_vendor:/opt/ros/jazzy/opt/gz_dartsim_vendor:/opt/ros/jazzy/opt/gz_cmake_vendor:/home/youn/ROS/ros_workspace/install/ros_basic:/home/youn/ROS/ros_workspace/install/tf2_basic:/opt/ros/jazzy LD_LIBRARY_PATH=/home/youn/ROS/open_manipulator_ws/install/dynamixel_sdk/lib:/home/youn/ROS/open_manipulator_ws/install/dynamixel_interfaces/lib:${LD_LIBRARY_PATH} PYTHONPATH=/home/youn/ROS/open_manipulator_ws/install/dynamixel_sdk/lib/python3.12/site-packages:/home/youn/ROS/open_manipulator_ws/install/dynamixel_interfaces/lib/python3.12/site-packages:${PYTHONPATH} /usr/bin/cmake --build /home/youn/ROS/open_manipulator_ws/build/dynamixel_hardware_interface
[40.754s] DEBUG:colcon.colcon_core.event_handler.log_command:Invoking command in '/home/youn/ROS/open_manipulator_ws/build/dynamixel_hardware_interface': AMENT_PREFIX_PATH=/home/youn/ROS/open_manipulator_ws/install/dynamixel_sdk:/home/youn/ROS/open_manipulator_ws/install/dynamixel_interfaces:${AMENT_PREFIX_PATH} CMAKE_PREFIX_PATH=/home/youn/ROS/open_manipulator_ws/install/dynamixel_sdk:/home/youn/ROS/open_manipulator_ws/install/dynamixel_interfaces:/home/youn/ROS/ros_workspace/install/user_interface:/opt/ros/jazzy/opt/gz_sim_vendor:/opt/ros/jazzy/opt/gz_sensors_vendor:/opt/ros/jazzy/opt/gz_physics_vendor:/opt/ros/jazzy/opt/sdformat_vendor:/opt/ros/jazzy/opt/gz_gui_vendor:/opt/ros/jazzy/opt/gz_transport_vendor:/opt/ros/jazzy/opt/gz_rendering_vendor:/opt/ros/jazzy/opt/gz_plugin_vendor:/opt/ros/jazzy/opt/gz_fuel_tools_vendor:/opt/ros/jazzy/opt/gz_msgs_vendor:/opt/ros/jazzy/opt/gz_common_vendor:/opt/ros/jazzy/opt/gz_math_vendor:/opt/ros/jazzy/opt/gz_utils_vendor:/opt/ros/jazzy/opt/gz_tools_vendor:/opt/ros/jazzy/opt/gz_ogre_next_vendor:/opt/ros/jazzy/opt/gz_dartsim_vendor:/opt/ros/jazzy/opt/gz_cmake_vendor:/home/youn/ROS/ros_workspace/install/ros_basic:/home/youn/ROS/ros_workspace/install/tf2_basic:/opt/ros/jazzy LD_LIBRARY_PATH=/home/youn/ROS/open_manipulator_ws/install/dynamixel_sdk/lib:/home/youn/ROS/open_manipulator_ws/install/dynamixel_interfaces/lib:${LD_LIBRARY_PATH} PYTHONPATH=/home/youn/ROS/open_manipulator_ws/install/dynamixel_sdk/lib/python3.12/site-packages:/home/youn/ROS/open_manipulator_ws/install/dynamixel_interfaces/lib/python3.12/site-packages:${PYTHONPATH} /usr/bin/cmake --install /home/youn/ROS/open_manipulator_ws/build/dynamixel_hardware_interface
[41.054s] DEBUG:colcon.colcon_core.event_handler.log_command:Invoked command in '/home/youn/ROS/open_manipulator_ws/build/open_manipulator_playground' returned '0': AMENT_PREFIX_PATH=/home/youn/ROS/open_manipulator_ws/install/robotis_interfaces:${AMENT_PREFIX_PATH} CMAKE_PREFIX_PATH=/home/youn/ROS/open_manipulator_ws/install/robotis_interfaces:/home/youn/ROS/ros_workspace/install/user_interface:/opt/ros/jazzy/opt/gz_sim_vendor:/opt/ros/jazzy/opt/gz_sensors_vendor:/opt/ros/jazzy/opt/gz_physics_vendor:/opt/ros/jazzy/opt/sdformat_vendor:/opt/ros/jazzy/opt/gz_gui_vendor:/opt/ros/jazzy/opt/gz_transport_vendor:/opt/ros/jazzy/opt/gz_rendering_vendor:/opt/ros/jazzy/opt/gz_plugin_vendor:/opt/ros/jazzy/opt/gz_fuel_tools_vendor:/opt/ros/jazzy/opt/gz_msgs_vendor:/opt/ros/jazzy/opt/gz_common_vendor:/opt/ros/jazzy/opt/gz_math_vendor:/opt/ros/jazzy/opt/gz_utils_vendor:/opt/ros/jazzy/opt/gz_tools_vendor:/opt/ros/jazzy/opt/gz_ogre_next_vendor:/opt/ros/jazzy/opt/gz_dartsim_vendor:/opt/ros/jazzy/opt/gz_cmake_vendor:/home/youn/ROS/ros_workspace/install/ros_basic:/home/youn/ROS/ros_workspace/install/tf2_basic:/opt/ros/jazzy LD_LIBRARY_PATH=/home/youn/ROS/open_manipulator_ws/install/robotis_interfaces/lib:${LD_LIBRARY_PATH} PYTHONPATH=/home/youn/ROS/open_manipulator_ws/install/robotis_interfaces/lib/python3.12/site-packages:${PYTHONPATH} /usr/bin/cmake --build /home/youn/ROS/open_manipulator_ws/build/open_manipulator_playground
[41.057s] DEBUG:colcon.colcon_core.event_handler.log_command:Invoking command in '/home/youn/ROS/open_manipulator_ws/build/open_manipulator_playground': AMENT_PREFIX_PATH=/home/youn/ROS/open_manipulator_ws/install/robotis_interfaces:${AMENT_PREFIX_PATH} CMAKE_PREFIX_PATH=/home/youn/ROS/open_manipulator_ws/install/robotis_interfaces:/home/youn/ROS/ros_workspace/install/user_interface:/opt/ros/jazzy/opt/gz_sim_vendor:/opt/ros/jazzy/opt/gz_sensors_vendor:/opt/ros/jazzy/opt/gz_physics_vendor:/opt/ros/jazzy/opt/sdformat_vendor:/opt/ros/jazzy/opt/gz_gui_vendor:/opt/ros/jazzy/opt/gz_transport_vendor:/opt/ros/jazzy/opt/gz_rendering_vendor:/opt/ros/jazzy/opt/gz_plugin_vendor:/opt/ros/jazzy/opt/gz_fuel_tools_vendor:/opt/ros/jazzy/opt/gz_msgs_vendor:/opt/ros/jazzy/opt/gz_common_vendor:/opt/ros/jazzy/opt/gz_math_vendor:/opt/ros/jazzy/opt/gz_utils_vendor:/opt/ros/jazzy/opt/gz_tools_vendor:/opt/ros/jazzy/opt/gz_ogre_next_vendor:/opt/ros/jazzy/opt/gz_dartsim_vendor:/opt/ros/jazzy/opt/gz_cmake_vendor:/home/youn/ROS/ros_workspace/install/ros_basic:/home/youn/ROS/ros_workspace/install/tf2_basic:/opt/ros/jazzy LD_LIBRARY_PATH=/home/youn/ROS/open_manipulator_ws/install/robotis_interfaces/lib:${LD_LIBRARY_PATH} PYTHONPATH=/home/youn/ROS/open_manipulator_ws/install/robotis_interfaces/lib/python3.12/site-packages:${PYTHONPATH} /usr/bin/cmake --install /home/youn/ROS/open_manipulator_ws/build/open_manipulator_playground
[41.370s] Level 1:colcon.colcon_core.environment:create_environment_scripts_only(open_manipulator_playground)
[41.370s] DEBUG:colcon.colcon_core.event_handler.log_command:Invoked command in '/home/youn/ROS/open_manipulator_ws/build/open_manipulator_playground' returned '0': AMENT_PREFIX_PATH=/home/youn/ROS/open_manipulator_ws/install/robotis_interfaces:${AMENT_PREFIX_PATH} CMAKE_PREFIX_PATH=/home/youn/ROS/open_manipulator_ws/install/robotis_interfaces:/home/youn/ROS/ros_workspace/install/user_interface:/opt/ros/jazzy/opt/gz_sim_vendor:/opt/ros/jazzy/opt/gz_sensors_vendor:/opt/ros/jazzy/opt/gz_physics_vendor:/opt/ros/jazzy/opt/sdformat_vendor:/opt/ros/jazzy/opt/gz_gui_vendor:/opt/ros/jazzy/opt/gz_transport_vendor:/opt/ros/jazzy/opt/gz_rendering_vendor:/opt/ros/jazzy/opt/gz_plugin_vendor:/opt/ros/jazzy/opt/gz_fuel_tools_vendor:/opt/ros/jazzy/opt/gz_msgs_vendor:/opt/ros/jazzy/opt/gz_common_vendor:/opt/ros/jazzy/opt/gz_math_vendor:/opt/ros/jazzy/opt/gz_utils_vendor:/opt/ros/jazzy/opt/gz_tools_vendor:/opt/ros/jazzy/opt/gz_ogre_next_vendor:/opt/ros/jazzy/opt/gz_dartsim_vendor:/opt/ros/jazzy/opt/gz_cmake_vendor:/home/youn/ROS/ros_workspace/install/ros_basic:/home/youn/ROS/ros_workspace/install/tf2_basic:/opt/ros/jazzy LD_LIBRARY_PATH=/home/youn/ROS/open_manipulator_ws/install/robotis_interfaces/lib:${LD_LIBRARY_PATH} PYTHONPATH=/home/youn/ROS/open_manipulator_ws/install/robotis_interfaces/lib/python3.12/site-packages:${PYTHONPATH} /usr/bin/cmake --install /home/youn/ROS/open_manipulator_ws/build/open_manipulator_playground
[41.371s] Level 1:colcon.colcon_core.environment:checking '/home/youn/ROS/open_manipulator_ws/install/open_manipulator_playground' for CMake module files
[41.372s] Level 1:colcon.colcon_core.environment:checking '/home/youn/ROS/open_manipulator_ws/install/open_manipulator_playground' for CMake config files
[41.372s] Level 1:colcon.colcon_core.shell:create_environment_hook('open_manipulator_playground', 'cmake_prefix_path')
[41.372s] INFO:colcon.colcon_core.shell:Creating environment hook '/home/youn/ROS/open_manipulator_ws/install/open_manipulator_playground/share/open_manipulator_playground/hook/cmake_prefix_path.ps1'
[41.373s] INFO:colcon.colcon_core.shell:Creating environment descriptor '/home/youn/ROS/open_manipulator_ws/install/open_manipulator_playground/share/open_manipulator_playground/hook/cmake_prefix_path.dsv'
[41.374s] INFO:colcon.colcon_core.shell:Creating environment hook '/home/youn/ROS/open_manipulator_ws/install/open_manipulator_playground/share/open_manipulator_playground/hook/cmake_prefix_path.sh'
[41.375s] Level 1:colcon.colcon_core.environment:checking '/home/youn/ROS/open_manipulator_ws/install/open_manipulator_playground/lib'
[41.375s] Level 1:colcon.colcon_core.environment:checking '/home/youn/ROS/open_manipulator_ws/install/open_manipulator_playground/bin'
[41.375s] Level 1:colcon.colcon_core.environment:checking '/home/youn/ROS/open_manipulator_ws/install/open_manipulator_playground/lib/pkgconfig/open_manipulator_playground.pc'
[41.375s] Level 1:colcon.colcon_core.environment:checking '/home/youn/ROS/open_manipulator_ws/install/open_manipulator_playground/lib/python3.12/site-packages'
[41.376s] Level 1:colcon.colcon_core.environment:checking '/home/youn/ROS/open_manipulator_ws/install/open_manipulator_playground/bin'
[41.376s] INFO:colcon.colcon_core.shell:Creating package script '/home/youn/ROS/open_manipulator_ws/install/open_manipulator_playground/share/open_manipulator_playground/package.ps1'
[41.377s] INFO:colcon.colcon_core.shell:Creating package descriptor '/home/youn/ROS/open_manipulator_ws/install/open_manipulator_playground/share/open_manipulator_playground/package.dsv'
[41.379s] INFO:colcon.colcon_core.shell:Creating package script '/home/youn/ROS/open_manipulator_ws/install/open_manipulator_playground/share/open_manipulator_playground/package.sh'
[41.379s] INFO:colcon.colcon_core.shell:Creating package script '/home/youn/ROS/open_manipulator_ws/install/open_manipulator_playground/share/open_manipulator_playground/package.bash'
[41.379s] INFO:colcon.colcon_core.shell:Creating package script '/home/youn/ROS/open_manipulator_ws/install/open_manipulator_playground/share/open_manipulator_playground/package.zsh'
[41.380s] Level 1:colcon.colcon_core.environment:create_file_with_runtime_dependencies(/home/youn/ROS/open_manipulator_ws/install/open_manipulator_playground/share/colcon-core/packages/open_manipulator_playground)
[41.380s] Level 1:colcon.colcon_core.environment:create_environment_scripts_only(open_manipulator_playground)
[41.380s] Level 1:colcon.colcon_core.environment:checking '/home/youn/ROS/open_manipulator_ws/install/open_manipulator_playground' for CMake module files
[41.381s] Level 1:colcon.colcon_core.environment:checking '/home/youn/ROS/open_manipulator_ws/install/open_manipulator_playground' for CMake config files
[41.381s] Level 1:colcon.colcon_core.shell:create_environment_hook('open_manipulator_playground', 'cmake_prefix_path')
[41.381s] INFO:colcon.colcon_core.shell:Creating environment hook '/home/youn/ROS/open_manipulator_ws/install/open_manipulator_playground/share/open_manipulator_playground/hook/cmake_prefix_path.ps1'
[41.382s] INFO:colcon.colcon_core.shell:Creating environment descriptor '/home/youn/ROS/open_manipulator_ws/install/open_manipulator_playground/share/open_manipulator_playground/hook/cmake_prefix_path.dsv'
[41.382s] INFO:colcon.colcon_core.shell:Creating environment hook '/home/youn/ROS/open_manipulator_ws/install/open_manipulator_playground/share/open_manipulator_playground/hook/cmake_prefix_path.sh'
[41.382s] Level 1:colcon.colcon_core.environment:checking '/home/youn/ROS/open_manipulator_ws/install/open_manipulator_playground/lib'
[41.382s] Level 1:colcon.colcon_core.environment:checking '/home/youn/ROS/open_manipulator_ws/install/open_manipulator_playground/bin'
[41.382s] Level 1:colcon.colcon_core.environment:checking '/home/youn/ROS/open_manipulator_ws/install/open_manipulator_playground/lib/pkgconfig/open_manipulator_playground.pc'
[41.383s] Level 1:colcon.colcon_core.environment:checking '/home/youn/ROS/open_manipulator_ws/install/open_manipulator_playground/lib/python3.12/site-packages'
[41.383s] Level 1:colcon.colcon_core.environment:checking '/home/youn/ROS/open_manipulator_ws/install/open_manipulator_playground/bin'
[41.383s] INFO:colcon.colcon_core.shell:Creating package script '/home/youn/ROS/open_manipulator_ws/install/open_manipulator_playground/share/open_manipulator_playground/package.ps1'
[41.384s] INFO:colcon.colcon_core.shell:Creating package descriptor '/home/youn/ROS/open_manipulator_ws/install/open_manipulator_playground/share/open_manipulator_playground/package.dsv'
[41.384s] INFO:colcon.colcon_core.shell:Creating package script '/home/youn/ROS/open_manipulator_ws/install/open_manipulator_playground/share/open_manipulator_playground/package.sh'
[41.384s] INFO:colcon.colcon_core.shell:Creating package script '/home/youn/ROS/open_manipulator_ws/install/open_manipulator_playground/share/open_manipulator_playground/package.bash'
[41.385s] INFO:colcon.colcon_core.shell:Creating package script '/home/youn/ROS/open_manipulator_ws/install/open_manipulator_playground/share/open_manipulator_playground/package.zsh'
[41.385s] Level 1:colcon.colcon_core.environment:create_file_with_runtime_dependencies(/home/youn/ROS/open_manipulator_ws/install/open_manipulator_playground/share/colcon-core/packages/open_manipulator_playground)
[42.244s] Level 1:colcon.colcon_core.environment:create_environment_scripts_only(dynamixel_hardware_interface)
[42.244s] Level 1:colcon.colcon_core.environment:checking '/home/youn/ROS/open_manipulator_ws/install/dynamixel_hardware_interface' for CMake module files
[42.245s] DEBUG:colcon.colcon_core.event_handler.log_command:Invoked command in '/home/youn/ROS/open_manipulator_ws/build/dynamixel_hardware_interface' returned '0': AMENT_PREFIX_PATH=/home/youn/ROS/open_manipulator_ws/install/dynamixel_sdk:/home/youn/ROS/open_manipulator_ws/install/dynamixel_interfaces:${AMENT_PREFIX_PATH} CMAKE_PREFIX_PATH=/home/youn/ROS/open_manipulator_ws/install/dynamixel_sdk:/home/youn/ROS/open_manipulator_ws/install/dynamixel_interfaces:/home/youn/ROS/ros_workspace/install/user_interface:/opt/ros/jazzy/opt/gz_sim_vendor:/opt/ros/jazzy/opt/gz_sensors_vendor:/opt/ros/jazzy/opt/gz_physics_vendor:/opt/ros/jazzy/opt/sdformat_vendor:/opt/ros/jazzy/opt/gz_gui_vendor:/opt/ros/jazzy/opt/gz_transport_vendor:/opt/ros/jazzy/opt/gz_rendering_vendor:/opt/ros/jazzy/opt/gz_plugin_vendor:/opt/ros/jazzy/opt/gz_fuel_tools_vendor:/opt/ros/jazzy/opt/gz_msgs_vendor:/opt/ros/jazzy/opt/gz_common_vendor:/opt/ros/jazzy/opt/gz_math_vendor:/opt/ros/jazzy/opt/gz_utils_vendor:/opt/ros/jazzy/opt/gz_tools_vendor:/opt/ros/jazzy/opt/gz_ogre_next_vendor:/opt/ros/jazzy/opt/gz_dartsim_vendor:/opt/ros/jazzy/opt/gz_cmake_vendor:/home/youn/ROS/ros_workspace/install/ros_basic:/home/youn/ROS/ros_workspace/install/tf2_basic:/opt/ros/jazzy LD_LIBRARY_PATH=/home/youn/ROS/open_manipulator_ws/install/dynamixel_sdk/lib:/home/youn/ROS/open_manipulator_ws/install/dynamixel_interfaces/lib:${LD_LIBRARY_PATH} PYTHONPATH=/home/youn/ROS/open_manipulator_ws/install/dynamixel_sdk/lib/python3.12/site-packages:/home/youn/ROS/open_manipulator_ws/install/dynamixel_interfaces/lib/python3.12/site-packages:${PYTHONPATH} /usr/bin/cmake --install /home/youn/ROS/open_manipulator_ws/build/dynamixel_hardware_interface
[42.245s] Level 1:colcon.colcon_core.environment:checking '/home/youn/ROS/open_manipulator_ws/install/dynamixel_hardware_interface' for CMake config files
[42.246s] Level 1:colcon.colcon_core.shell:create_environment_hook('dynamixel_hardware_interface', 'cmake_prefix_path')
[42.246s] INFO:colcon.colcon_core.shell:Creating environment hook '/home/youn/ROS/open_manipulator_ws/install/dynamixel_hardware_interface/share/dynamixel_hardware_interface/hook/cmake_prefix_path.ps1'
[42.247s] INFO:colcon.colcon_core.shell:Creating environment descriptor '/home/youn/ROS/open_manipulator_ws/install/dynamixel_hardware_interface/share/dynamixel_hardware_interface/hook/cmake_prefix_path.dsv'
[42.247s] INFO:colcon.colcon_core.shell:Creating environment hook '/home/youn/ROS/open_manipulator_ws/install/dynamixel_hardware_interface/share/dynamixel_hardware_interface/hook/cmake_prefix_path.sh'
[42.247s] Level 1:colcon.colcon_core.environment:checking '/home/youn/ROS/open_manipulator_ws/install/dynamixel_hardware_interface/lib'
[42.248s] Level 1:colcon.colcon_core.shell:create_environment_hook('dynamixel_hardware_interface', 'ld_library_path_lib')
[42.248s] INFO:colcon.colcon_core.shell:Creating environment hook '/home/youn/ROS/open_manipulator_ws/install/dynamixel_hardware_interface/share/dynamixel_hardware_interface/hook/ld_library_path_lib.ps1'
[42.248s] INFO:colcon.colcon_core.shell:Creating environment descriptor '/home/youn/ROS/open_manipulator_ws/install/dynamixel_hardware_interface/share/dynamixel_hardware_interface/hook/ld_library_path_lib.dsv'
[42.248s] INFO:colcon.colcon_core.shell:Creating environment hook '/home/youn/ROS/open_manipulator_ws/install/dynamixel_hardware_interface/share/dynamixel_hardware_interface/hook/ld_library_path_lib.sh'
[42.248s] Level 1:colcon.colcon_core.environment:checking '/home/youn/ROS/open_manipulator_ws/install/dynamixel_hardware_interface/bin'
[42.248s] Level 1:colcon.colcon_core.environment:checking '/home/youn/ROS/open_manipulator_ws/install/dynamixel_hardware_interface/lib/pkgconfig/dynamixel_hardware_interface.pc'
[42.249s] Level 1:colcon.colcon_core.environment:checking '/home/youn/ROS/open_manipulator_ws/install/dynamixel_hardware_interface/lib/python3.12/site-packages'
[42.249s] Level 1:colcon.colcon_core.environment:checking '/home/youn/ROS/open_manipulator_ws/install/dynamixel_hardware_interface/bin'
[42.249s] INFO:colcon.colcon_core.shell:Creating package script '/home/youn/ROS/open_manipulator_ws/install/dynamixel_hardware_interface/share/dynamixel_hardware_interface/package.ps1'
[42.250s] INFO:colcon.colcon_core.shell:Creating package descriptor '/home/youn/ROS/open_manipulator_ws/install/dynamixel_hardware_interface/share/dynamixel_hardware_interface/package.dsv'
[42.250s] INFO:colcon.colcon_core.shell:Creating package script '/home/youn/ROS/open_manipulator_ws/install/dynamixel_hardware_interface/share/dynamixel_hardware_interface/package.sh'
[42.250s] INFO:colcon.colcon_core.shell:Creating package script '/home/youn/ROS/open_manipulator_ws/install/dynamixel_hardware_interface/share/dynamixel_hardware_interface/package.bash'
[42.251s] INFO:colcon.colcon_core.shell:Creating package script '/home/youn/ROS/open_manipulator_ws/install/dynamixel_hardware_interface/share/dynamixel_hardware_interface/package.zsh'
[42.251s] Level 1:colcon.colcon_core.environment:create_file_with_runtime_dependencies(/home/youn/ROS/open_manipulator_ws/install/dynamixel_hardware_interface/share/colcon-core/packages/dynamixel_hardware_interface)
[42.251s] Level 1:colcon.colcon_core.environment:create_environment_scripts_only(dynamixel_hardware_interface)
[42.251s] Level 1:colcon.colcon_core.environment:checking '/home/youn/ROS/open_manipulator_ws/install/dynamixel_hardware_interface' for CMake module files
[42.252s] Level 1:colcon.colcon_core.environment:checking '/home/youn/ROS/open_manipulator_ws/install/dynamixel_hardware_interface' for CMake config files
[42.252s] Level 1:colcon.colcon_core.shell:create_environment_hook('dynamixel_hardware_interface', 'cmake_prefix_path')
[42.252s] INFO:colcon.colcon_core.shell:Creating environment hook '/home/youn/ROS/open_manipulator_ws/install/dynamixel_hardware_interface/share/dynamixel_hardware_interface/hook/cmake_prefix_path.ps1'
[42.253s] INFO:colcon.colcon_core.shell:Creating environment descriptor '/home/youn/ROS/open_manipulator_ws/install/dynamixel_hardware_interface/share/dynamixel_hardware_interface/hook/cmake_prefix_path.dsv'
[42.253s] INFO:colcon.colcon_core.shell:Creating environment hook '/home/youn/ROS/open_manipulator_ws/install/dynamixel_hardware_interface/share/dynamixel_hardware_interface/hook/cmake_prefix_path.sh'
[42.253s] Level 1:colcon.colcon_core.environment:checking '/home/youn/ROS/open_manipulator_ws/install/dynamixel_hardware_interface/lib'
[42.254s] Level 1:colcon.colcon_core.shell:create_environment_hook('dynamixel_hardware_interface', 'ld_library_path_lib')
[42.254s] INFO:colcon.colcon_core.shell:Creating environment hook '/home/youn/ROS/open_manipulator_ws/install/dynamixel_hardware_interface/share/dynamixel_hardware_interface/hook/ld_library_path_lib.ps1'
[42.254s] INFO:colcon.colcon_core.shell:Creating environment descriptor '/home/youn/ROS/open_manipulator_ws/install/dynamixel_hardware_interface/share/dynamixel_hardware_interface/hook/ld_library_path_lib.dsv'
[42.254s] INFO:colcon.colcon_core.shell:Creating environment hook '/home/youn/ROS/open_manipulator_ws/install/dynamixel_hardware_interface/share/dynamixel_hardware_interface/hook/ld_library_path_lib.sh'
[42.254s] Level 1:colcon.colcon_core.environment:checking '/home/youn/ROS/open_manipulator_ws/install/dynamixel_hardware_interface/bin'
[42.254s] Level 1:colcon.colcon_core.environment:checking '/home/youn/ROS/open_manipulator_ws/install/dynamixel_hardware_interface/lib/pkgconfig/dynamixel_hardware_interface.pc'
[42.255s] Level 1:colcon.colcon_core.environment:checking '/home/youn/ROS/open_manipulator_ws/install/dynamixel_hardware_interface/lib/python3.12/site-packages'
[42.255s] Level 1:colcon.colcon_core.environment:checking '/home/youn/ROS/open_manipulator_ws/install/dynamixel_hardware_interface/bin'
[42.255s] INFO:colcon.colcon_core.shell:Creating package script '/home/youn/ROS/open_manipulator_ws/install/dynamixel_hardware_interface/share/dynamixel_hardware_interface/package.ps1'
[42.256s] INFO:colcon.colcon_core.shell:Creating package descriptor '/home/youn/ROS/open_manipulator_ws/install/dynamixel_hardware_interface/share/dynamixel_hardware_interface/package.dsv'
[42.256s] INFO:colcon.colcon_core.shell:Creating package script '/home/youn/ROS/open_manipulator_ws/install/dynamixel_hardware_interface/share/dynamixel_hardware_interface/package.sh'
[42.257s] INFO:colcon.colcon_core.shell:Creating package script '/home/youn/ROS/open_manipulator_ws/install/dynamixel_hardware_interface/share/dynamixel_hardware_interface/package.bash'
[42.257s] INFO:colcon.colcon_core.shell:Creating package script '/home/youn/ROS/open_manipulator_ws/install/dynamixel_hardware_interface/share/dynamixel_hardware_interface/package.zsh'
[42.257s] Level 1:colcon.colcon_core.environment:create_file_with_runtime_dependencies(/home/youn/ROS/open_manipulator_ws/install/dynamixel_hardware_interface/share/colcon-core/packages/dynamixel_hardware_interface)
[42.258s] INFO:colcon.colcon_ros.task.ament_python.build:Building ROS package in '/home/youn/ROS/open_manipulator_ws/src/open_manipulator/open_manipulator_bringup' with build type 'ament_python'
[42.258s] Level 1:colcon.colcon_core.shell:create_environment_hook('open_manipulator_bringup', 'ament_prefix_path')
[42.259s] INFO:colcon.colcon_core.shell:Creating environment hook '/home/youn/ROS/open_manipulator_ws/install/open_manipulator_bringup/share/open_manipulator_bringup/hook/ament_prefix_path.ps1'
[42.261s] INFO:colcon.colcon_core.shell:Creating environment descriptor '/home/youn/ROS/open_manipulator_ws/install/open_manipulator_bringup/share/open_manipulator_bringup/hook/ament_prefix_path.dsv'
[42.262s] INFO:colcon.colcon_core.shell:Creating environment hook '/home/youn/ROS/open_manipulator_ws/install/open_manipulator_bringup/share/open_manipulator_bringup/hook/ament_prefix_path.sh'
[42.262s] INFO:colcon.colcon_core.shell:Skip shell extension 'powershell' for command environment: Not usable outside of PowerShell
[42.262s] DEBUG:colcon.colcon_core.shell:Skip shell extension 'dsv' for command environment
[42.624s] INFO:colcon.colcon_core.task.python.build:Building Python package in '/home/youn/ROS/open_manipulator_ws/src/open_manipulator/open_manipulator_bringup'
[42.624s] INFO:colcon.colcon_core.shell:Skip shell extension 'powershell' for command environment: Not usable outside of PowerShell
[42.624s] DEBUG:colcon.colcon_core.shell:Skip shell extension 'dsv' for command environment
[43.245s] DEBUG:colcon.colcon_core.task.python.build:Available setuptools commands: develop, rotate, build_py, check, egg_info, build_ext, register, symlink_data, install_egg_info, install_headers, upload_docs, build_scripts, extract_messages, clean, bdist_rpm, test, update_catalog, saveopts, setopt, compile_catalog, install_data, easy_install, install_scripts, sdist, editable_wheel, build_clib, init_catalog, bdist_egg, build, alias, bdist, install, bdist_dumb, install_lib, upload, dist_info
[43.503s] DEBUG:colcon.colcon_core.task.python.build:Available setuptools 'develop' options: --local-snapshots-ok, --script-dir, --upgrade, --version, --editable, --quiet, --no-user-cfg, --verbose, --index-url, --record, --always-unzip, --allow-hosts, --uninstall, --user, --build-directory, --zip-ok, --no-find-links, --always-copy, --exclude-scripts, --dry-run, --optimize, --force-installation-into-system-dir, --no-deps, --multi-version, --find-links, --egg-path, --prefix, --help, --site-dirs, --install-layout, --install-dir
[43.513s] DEBUG:colcon.colcon_core.event_handler.log_command:Invoking command in '/home/youn/ROS/open_manipulator_ws/build/open_manipulator_bringup': AMENT_PREFIX_PATH=/home/youn/ROS/open_manipulator_ws/install/dynamixel_hardware_interface:/home/youn/ROS/open_manipulator_ws/install/open_manipulator_description:/home/youn/ROS/open_manipulator_ws/install/dynamixel_sdk:/home/youn/ROS/open_manipulator_ws/install/dynamixel_interfaces:${AMENT_PREFIX_PATH} CMAKE_PREFIX_PATH=/home/youn/ROS/open_manipulator_ws/install/dynamixel_hardware_interface:/home/youn/ROS/open_manipulator_ws/install/open_manipulator_description:/home/youn/ROS/open_manipulator_ws/install/dynamixel_sdk:/home/youn/ROS/open_manipulator_ws/install/dynamixel_interfaces:${CMAKE_PREFIX_PATH} LD_LIBRARY_PATH=/home/youn/ROS/open_manipulator_ws/install/dynamixel_hardware_interface/lib:/home/youn/ROS/open_manipulator_ws/install/dynamixel_sdk/lib:/home/youn/ROS/open_manipulator_ws/install/dynamixel_interfaces/lib:${LD_LIBRARY_PATH} PYTHONPATH=/home/youn/ROS/open_manipulator_ws/build/open_manipulator_bringup/prefix_override:/usr/lib/python3/dist-packages/colcon_core/task/python/colcon_distutils_commands:/home/youn/ROS/open_manipulator_ws/install/open_manipulator_bringup/lib/python3.12/site-packages:/home/youn/ROS/open_manipulator_ws/install/dynamixel_sdk/lib/python3.12/site-packages:/home/youn/ROS/open_manipulator_ws/install/dynamixel_interfaces/lib/python3.12/site-packages:${PYTHONPATH} /usr/bin/python3 -W ignore:setup.py install is deprecated -W ignore:easy_install command is deprecated setup.py develop --editable --build-directory /home/youn/ROS/open_manipulator_ws/build/open_manipulator_bringup/build --no-deps symlink_data
[44.003s] Level 1:colcon.colcon_core.shell:create_environment_hook('open_manipulator_bringup', 'pythonpath_develop')
[44.004s] DEBUG:colcon.colcon_core.event_handler.log_command:Invoked command in '/home/youn/ROS/open_manipulator_ws/build/open_manipulator_bringup' returned '0': AMENT_PREFIX_PATH=/home/youn/ROS/open_manipulator_ws/install/dynamixel_hardware_interface:/home/youn/ROS/open_manipulator_ws/install/open_manipulator_description:/home/youn/ROS/open_manipulator_ws/install/dynamixel_sdk:/home/youn/ROS/open_manipulator_ws/install/dynamixel_interfaces:${AMENT_PREFIX_PATH} CMAKE_PREFIX_PATH=/home/youn/ROS/open_manipulator_ws/install/dynamixel_hardware_interface:/home/youn/ROS/open_manipulator_ws/install/open_manipulator_description:/home/youn/ROS/open_manipulator_ws/install/dynamixel_sdk:/home/youn/ROS/open_manipulator_ws/install/dynamixel_interfaces:${CMAKE_PREFIX_PATH} LD_LIBRARY_PATH=/home/youn/ROS/open_manipulator_ws/install/dynamixel_hardware_interface/lib:/home/youn/ROS/open_manipulator_ws/install/dynamixel_sdk/lib:/home/youn/ROS/open_manipulator_ws/install/dynamixel_interfaces/lib:${LD_LIBRARY_PATH} PYTHONPATH=/home/youn/ROS/open_manipulator_ws/build/open_manipulator_bringup/prefix_override:/usr/lib/python3/dist-packages/colcon_core/task/python/colcon_distutils_commands:/home/youn/ROS/open_manipulator_ws/install/open_manipulator_bringup/lib/python3.12/site-packages:/home/youn/ROS/open_manipulator_ws/install/dynamixel_sdk/lib/python3.12/site-packages:/home/youn/ROS/open_manipulator_ws/install/dynamixel_interfaces/lib/python3.12/site-packages:${PYTHONPATH} /usr/bin/python3 -W ignore:setup.py install is deprecated -W ignore:easy_install command is deprecated setup.py develop --editable --build-directory /home/youn/ROS/open_manipulator_ws/build/open_manipulator_bringup/build --no-deps symlink_data
[44.005s] INFO:colcon.colcon_core.shell:Creating environment hook '/home/youn/ROS/open_manipulator_ws/build/open_manipulator_bringup/share/open_manipulator_bringup/hook/pythonpath_develop.ps1'
[44.006s] INFO:colcon.colcon_core.shell:Creating environment descriptor '/home/youn/ROS/open_manipulator_ws/build/open_manipulator_bringup/share/open_manipulator_bringup/hook/pythonpath_develop.dsv'
[44.006s] INFO:colcon.colcon_core.shell:Creating environment hook '/home/youn/ROS/open_manipulator_ws/build/open_manipulator_bringup/share/open_manipulator_bringup/hook/pythonpath_develop.sh'
[44.006s] Level 1:colcon.colcon_core.environment:checking '/home/youn/ROS/open_manipulator_ws/install/open_manipulator_bringup' for CMake module files
[44.007s] Level 1:colcon.colcon_core.environment:checking '/home/youn/ROS/open_manipulator_ws/install/open_manipulator_bringup' for CMake config files
[44.007s] Level 1:colcon.colcon_core.environment:checking '/home/youn/ROS/open_manipulator_ws/install/open_manipulator_bringup/lib'
[44.007s] Level 1:colcon.colcon_core.environment:checking '/home/youn/ROS/open_manipulator_ws/install/open_manipulator_bringup/bin'
[44.007s] Level 1:colcon.colcon_core.environment:checking '/home/youn/ROS/open_manipulator_ws/install/open_manipulator_bringup/lib/pkgconfig/open_manipulator_bringup.pc'
[44.007s] Level 1:colcon.colcon_core.environment:checking '/home/youn/ROS/open_manipulator_ws/install/open_manipulator_bringup/lib/python3.12/site-packages'
[44.008s] Level 1:colcon.colcon_core.shell:create_environment_hook('open_manipulator_bringup', 'pythonpath')
[44.008s] INFO:colcon.colcon_core.shell:Creating environment hook '/home/youn/ROS/open_manipulator_ws/install/open_manipulator_bringup/share/open_manipulator_bringup/hook/pythonpath.ps1'
[44.008s] INFO:colcon.colcon_core.shell:Creating environment descriptor '/home/youn/ROS/open_manipulator_ws/install/open_manipulator_bringup/share/open_manipulator_bringup/hook/pythonpath.dsv'
[44.008s] INFO:colcon.colcon_core.shell:Creating environment hook '/home/youn/ROS/open_manipulator_ws/install/open_manipulator_bringup/share/open_manipulator_bringup/hook/pythonpath.sh'
[44.009s] Level 1:colcon.colcon_core.environment:checking '/home/youn/ROS/open_manipulator_ws/install/open_manipulator_bringup/bin'
[44.009s] Level 1:colcon.colcon_core.environment:create_environment_scripts_only(open_manipulator_bringup)
[44.009s] INFO:colcon.colcon_core.shell:Creating package script '/home/youn/ROS/open_manipulator_ws/install/open_manipulator_bringup/share/open_manipulator_bringup/package.ps1'
[44.009s] INFO:colcon.colcon_core.shell:Creating package descriptor '/home/youn/ROS/open_manipulator_ws/install/open_manipulator_bringup/share/open_manipulator_bringup/package.dsv'
[44.009s] INFO:colcon.colcon_core.shell:Creating package script '/home/youn/ROS/open_manipulator_ws/install/open_manipulator_bringup/share/open_manipulator_bringup/package.sh'
[44.010s] INFO:colcon.colcon_core.shell:Creating package script '/home/youn/ROS/open_manipulator_ws/install/open_manipulator_bringup/share/open_manipulator_bringup/package.bash'
[44.010s] INFO:colcon.colcon_core.shell:Creating package script '/home/youn/ROS/open_manipulator_ws/install/open_manipulator_bringup/share/open_manipulator_bringup/package.zsh'
[44.010s] Level 1:colcon.colcon_core.environment:create_file_with_runtime_dependencies(/home/youn/ROS/open_manipulator_ws/install/open_manipulator_bringup/share/colcon-core/packages/open_manipulator_bringup)
[169.383s] DEBUG:colcon.colcon_core.event_handler.log_command:Invoked command in '/home/youn/ROS/open_manipulator_ws/build/open_manipulator_gui' returned '0': CMAKE_PREFIX_PATH=${CMAKE_PREFIX_PATH}:/home/youn/ROS/ros_workspace/install/ros_basic:/home/youn/ROS/ros_workspace/install/tf2_basic:/opt/ros/jazzy /usr/bin/cmake --build /home/youn/ROS/open_manipulator_ws/build/open_manipulator_gui
[169.385s] DEBUG:colcon.colcon_core.event_handler.log_command:Invoking command in '/home/youn/ROS/open_manipulator_ws/build/open_manipulator_gui': CMAKE_PREFIX_PATH=${CMAKE_PREFIX_PATH}:/home/youn/ROS/ros_workspace/install/ros_basic:/home/youn/ROS/ros_workspace/install/tf2_basic:/opt/ros/jazzy /usr/bin/cmake --install /home/youn/ROS/open_manipulator_ws/build/open_manipulator_gui
[169.656s] Level 1:colcon.colcon_core.environment:create_environment_scripts_only(open_manipulator_gui)
[169.656s] DEBUG:colcon.colcon_core.event_handler.log_command:Invoked command in '/home/youn/ROS/open_manipulator_ws/build/open_manipulator_gui' returned '0': CMAKE_PREFIX_PATH=${CMAKE_PREFIX_PATH}:/home/youn/ROS/ros_workspace/install/ros_basic:/home/youn/ROS/ros_workspace/install/tf2_basic:/opt/ros/jazzy /usr/bin/cmake --install /home/youn/ROS/open_manipulator_ws/build/open_manipulator_gui
[169.656s] Level 1:colcon.colcon_core.environment:checking '/home/youn/ROS/open_manipulator_ws/install/open_manipulator_gui' for CMake module files
[169.657s] Level 1:colcon.colcon_core.environment:checking '/home/youn/ROS/open_manipulator_ws/install/open_manipulator_gui' for CMake config files
[169.657s] Level 1:colcon.colcon_core.shell:create_environment_hook('open_manipulator_gui', 'cmake_prefix_path')
[169.657s] INFO:colcon.colcon_core.shell:Creating environment hook '/home/youn/ROS/open_manipulator_ws/install/open_manipulator_gui/share/open_manipulator_gui/hook/cmake_prefix_path.ps1'
[169.658s] INFO:colcon.colcon_core.shell:Creating environment descriptor '/home/youn/ROS/open_manipulator_ws/install/open_manipulator_gui/share/open_manipulator_gui/hook/cmake_prefix_path.dsv'
[169.658s] INFO:colcon.colcon_core.shell:Creating environment hook '/home/youn/ROS/open_manipulator_ws/install/open_manipulator_gui/share/open_manipulator_gui/hook/cmake_prefix_path.sh'
[169.658s] Level 1:colcon.colcon_core.environment:checking '/home/youn/ROS/open_manipulator_ws/install/open_manipulator_gui/lib'
[169.658s] Level 1:colcon.colcon_core.environment:checking '/home/youn/ROS/open_manipulator_ws/install/open_manipulator_gui/bin'
[169.658s] Level 1:colcon.colcon_core.environment:checking '/home/youn/ROS/open_manipulator_ws/install/open_manipulator_gui/lib/pkgconfig/open_manipulator_gui.pc'
[169.658s] Level 1:colcon.colcon_core.environment:checking '/home/youn/ROS/open_manipulator_ws/install/open_manipulator_gui/lib/python3.12/site-packages'
[169.658s] Level 1:colcon.colcon_core.environment:checking '/home/youn/ROS/open_manipulator_ws/install/open_manipulator_gui/bin'
[169.659s] INFO:colcon.colcon_core.shell:Creating package script '/home/youn/ROS/open_manipulator_ws/install/open_manipulator_gui/share/open_manipulator_gui/package.ps1'
[169.659s] INFO:colcon.colcon_core.shell:Creating package descriptor '/home/youn/ROS/open_manipulator_ws/install/open_manipulator_gui/share/open_manipulator_gui/package.dsv'
[169.659s] INFO:colcon.colcon_core.shell:Creating package script '/home/youn/ROS/open_manipulator_ws/install/open_manipulator_gui/share/open_manipulator_gui/package.sh'
[169.659s] INFO:colcon.colcon_core.shell:Creating package script '/home/youn/ROS/open_manipulator_ws/install/open_manipulator_gui/share/open_manipulator_gui/package.bash'
[169.659s] INFO:colcon.colcon_core.shell:Creating package script '/home/youn/ROS/open_manipulator_ws/install/open_manipulator_gui/share/open_manipulator_gui/package.zsh'
[169.660s] Level 1:colcon.colcon_core.environment:create_file_with_runtime_dependencies(/home/youn/ROS/open_manipulator_ws/install/open_manipulator_gui/share/colcon-core/packages/open_manipulator_gui)
[169.660s] Level 1:colcon.colcon_core.environment:create_environment_scripts_only(open_manipulator_gui)
[169.660s] Level 1:colcon.colcon_core.environment:checking '/home/youn/ROS/open_manipulator_ws/install/open_manipulator_gui' for CMake module files
[169.660s] Level 1:colcon.colcon_core.environment:checking '/home/youn/ROS/open_manipulator_ws/install/open_manipulator_gui' for CMake config files
[169.661s] Level 1:colcon.colcon_core.shell:create_environment_hook('open_manipulator_gui', 'cmake_prefix_path')
[169.661s] INFO:colcon.colcon_core.shell:Creating environment hook '/home/youn/ROS/open_manipulator_ws/install/open_manipulator_gui/share/open_manipulator_gui/hook/cmake_prefix_path.ps1'
[169.661s] INFO:colcon.colcon_core.shell:Creating environment descriptor '/home/youn/ROS/open_manipulator_ws/install/open_manipulator_gui/share/open_manipulator_gui/hook/cmake_prefix_path.dsv'
[169.661s] INFO:colcon.colcon_core.shell:Creating environment hook '/home/youn/ROS/open_manipulator_ws/install/open_manipulator_gui/share/open_manipulator_gui/hook/cmake_prefix_path.sh'
[169.661s] Level 1:colcon.colcon_core.environment:checking '/home/youn/ROS/open_manipulator_ws/install/open_manipulator_gui/lib'
[169.661s] Level 1:colcon.colcon_core.environment:checking '/home/youn/ROS/open_manipulator_ws/install/open_manipulator_gui/bin'
[169.661s] Level 1:colcon.colcon_core.environment:checking '/home/youn/ROS/open_manipulator_ws/install/open_manipulator_gui/lib/pkgconfig/open_manipulator_gui.pc'
[169.662s] Level 1:colcon.colcon_core.environment:checking '/home/youn/ROS/open_manipulator_ws/install/open_manipulator_gui/lib/python3.12/site-packages'
[169.662s] Level 1:colcon.colcon_core.environment:checking '/home/youn/ROS/open_manipulator_ws/install/open_manipulator_gui/bin'
[169.662s] INFO:colcon.colcon_core.shell:Creating package script '/home/youn/ROS/open_manipulator_ws/install/open_manipulator_gui/share/open_manipulator_gui/package.ps1'
[169.662s] INFO:colcon.colcon_core.shell:Creating package descriptor '/home/youn/ROS/open_manipulator_ws/install/open_manipulator_gui/share/open_manipulator_gui/package.dsv'
[169.662s] INFO:colcon.colcon_core.shell:Creating package script '/home/youn/ROS/open_manipulator_ws/install/open_manipulator_gui/share/open_manipulator_gui/package.sh'
[169.663s] INFO:colcon.colcon_core.shell:Creating package script '/home/youn/ROS/open_manipulator_ws/install/open_manipulator_gui/share/open_manipulator_gui/package.bash'
[169.663s] INFO:colcon.colcon_core.shell:Creating package script '/home/youn/ROS/open_manipulator_ws/install/open_manipulator_gui/share/open_manipulator_gui/package.zsh'
[169.663s] Level 1:colcon.colcon_core.environment:create_file_with_runtime_dependencies(/home/youn/ROS/open_manipulator_ws/install/open_manipulator_gui/share/colcon-core/packages/open_manipulator_gui)
[169.663s] INFO:colcon.colcon_ros.task.ament_cmake.build:Building ROS package in '/home/youn/ROS/open_manipulator_ws/src/open_manipulator/open_manipulator' with build type 'ament_cmake'
[169.663s] INFO:colcon.colcon_cmake.task.cmake.build:Building CMake package in '/home/youn/ROS/open_manipulator_ws/src/open_manipulator/open_manipulator'
[169.664s] INFO:colcon.colcon_core.shell:Skip shell extension 'powershell' for command environment: Not usable outside of PowerShell
[169.664s] DEBUG:colcon.colcon_core.shell:Skip shell extension 'dsv' for command environment
[169.934s] DEBUG:colcon.colcon_core.event_handler.log_command:Invoking command in '/home/youn/ROS/open_manipulator_ws/build/open_manipulator': AMENT_PREFIX_PATH=/home/youn/ROS/open_manipulator_ws/install/open_manipulator_bringup:/home/youn/ROS/open_manipulator_ws/install/open_manipulator_playground:/home/youn/ROS/open_manipulator_ws/install/open_manipulator_moveit_config:/home/youn/ROS/open_manipulator_ws/install/dynamixel_hardware_interface:/home/youn/ROS/open_manipulator_ws/install/robotis_interfaces:/home/youn/ROS/open_manipulator_ws/install/open_manipulator_teleop:/home/youn/ROS/open_manipulator_ws/install/open_manipulator_gui:/home/youn/ROS/open_manipulator_ws/install/open_manipulator_description:/home/youn/ROS/open_manipulator_ws/install/open_manipulator_collision:/home/youn/ROS/open_manipulator_ws/install/om_spring_actuator_controller:/home/youn/ROS/open_manipulator_ws/install/om_joint_trajectory_command_broadcaster:/home/youn/ROS/open_manipulator_ws/install/om_gravity_compensation_controller:/home/youn/ROS/open_manipulator_ws/install/dynamixel_sdk:/home/youn/ROS/open_manipulator_ws/install/dynamixel_interfaces:${AMENT_PREFIX_PATH} CMAKE_PREFIX_PATH=/home/youn/ROS/open_manipulator_ws/install/open_manipulator_playground:/home/youn/ROS/open_manipulator_ws/install/open_manipulator_moveit_config:/home/youn/ROS/open_manipulator_ws/install/dynamixel_hardware_interface:/home/youn/ROS/open_manipulator_ws/install/robotis_interfaces:/home/youn/ROS/open_manipulator_ws/install/open_manipulator_gui:/home/youn/ROS/open_manipulator_ws/install/open_manipulator_description:/home/youn/ROS/open_manipulator_ws/install/open_manipulator_collision:/home/youn/ROS/open_manipulator_ws/install/om_spring_actuator_controller:/home/youn/ROS/open_manipulator_ws/install/om_joint_trajectory_command_broadcaster:/home/youn/ROS/open_manipulator_ws/install/om_gravity_compensation_controller:/home/youn/ROS/open_manipulator_ws/install/dynamixel_sdk:/home/youn/ROS/open_manipulator_ws/install/dynamixel_interfaces:/home/youn/ROS/ros_workspace/install/user_interface:/opt/ros/jazzy/opt/gz_sim_vendor:/opt/ros/jazzy/opt/gz_sensors_vendor:/opt/ros/jazzy/opt/gz_physics_vendor:/opt/ros/jazzy/opt/sdformat_vendor:/opt/ros/jazzy/opt/gz_gui_vendor:/opt/ros/jazzy/opt/gz_transport_vendor:/opt/ros/jazzy/opt/gz_rendering_vendor:/opt/ros/jazzy/opt/gz_plugin_vendor:/opt/ros/jazzy/opt/gz_fuel_tools_vendor:/opt/ros/jazzy/opt/gz_msgs_vendor:/opt/ros/jazzy/opt/gz_common_vendor:/opt/ros/jazzy/opt/gz_math_vendor:/opt/ros/jazzy/opt/gz_utils_vendor:/opt/ros/jazzy/opt/gz_tools_vendor:/opt/ros/jazzy/opt/gz_ogre_next_vendor:/opt/ros/jazzy/opt/gz_dartsim_vendor:/opt/ros/jazzy/opt/gz_cmake_vendor:/home/youn/ROS/ros_workspace/install/ros_basic:/home/youn/ROS/ros_workspace/install/tf2_basic:/opt/ros/jazzy LD_LIBRARY_PATH=/home/youn/ROS/open_manipulator_ws/install/dynamixel_hardware_interface/lib:/home/youn/ROS/open_manipulator_ws/install/robotis_interfaces/lib:/home/youn/ROS/open_manipulator_ws/install/open_manipulator_gui/lib:/home/youn/ROS/open_manipulator_ws/install/open_manipulator_collision/lib:/home/youn/ROS/open_manipulator_ws/install/om_spring_actuator_controller/lib:/home/youn/ROS/open_manipulator_ws/install/om_joint_trajectory_command_broadcaster/lib:/home/youn/ROS/open_manipulator_ws/install/om_gravity_compensation_controller/lib:/home/youn/ROS/open_manipulator_ws/install/dynamixel_sdk/lib:/home/youn/ROS/open_manipulator_ws/install/dynamixel_interfaces/lib:${LD_LIBRARY_PATH} PYTHONPATH=/home/youn/ROS/open_manipulator_ws/build/open_manipulator_bringup:/home/youn/ROS/open_manipulator_ws/install/open_manipulator_bringup/lib/python3.12/site-packages:/home/youn/ROS/open_manipulator_ws/install/robotis_interfaces/lib/python3.12/site-packages:/home/youn/ROS/open_manipulator_ws/build/open_manipulator_teleop:/home/youn/ROS/open_manipulator_ws/install/open_manipulator_teleop/lib/python3.12/site-packages:/home/youn/ROS/open_manipulator_ws/install/dynamixel_sdk/lib/python3.12/site-packages:/home/youn/ROS/open_manipulator_ws/install/dynamixel_interfaces/lib/python3.12/site-packages:${PYTHONPATH} /usr/bin/cmake /home/youn/ROS/open_manipulator_ws/src/open_manipulator/open_manipulator -DCMAKE_BUILD_TYPE=Release -DAMENT_CMAKE_SYMLINK_INSTALL=1 -DCMAKE_INSTALL_PREFIX=/home/youn/ROS/open_manipulator_ws/install/open_manipulator
[170.885s] DEBUG:colcon.colcon_core.event_handler.log_command:Invoked command in '/home/youn/ROS/open_manipulator_ws/build/open_manipulator' returned '0': AMENT_PREFIX_PATH=/home/youn/ROS/open_manipulator_ws/install/open_manipulator_bringup:/home/youn/ROS/open_manipulator_ws/install/open_manipulator_playground:/home/youn/ROS/open_manipulator_ws/install/open_manipulator_moveit_config:/home/youn/ROS/open_manipulator_ws/install/dynamixel_hardware_interface:/home/youn/ROS/open_manipulator_ws/install/robotis_interfaces:/home/youn/ROS/open_manipulator_ws/install/open_manipulator_teleop:/home/youn/ROS/open_manipulator_ws/install/open_manipulator_gui:/home/youn/ROS/open_manipulator_ws/install/open_manipulator_description:/home/youn/ROS/open_manipulator_ws/install/open_manipulator_collision:/home/youn/ROS/open_manipulator_ws/install/om_spring_actuator_controller:/home/youn/ROS/open_manipulator_ws/install/om_joint_trajectory_command_broadcaster:/home/youn/ROS/open_manipulator_ws/install/om_gravity_compensation_controller:/home/youn/ROS/open_manipulator_ws/install/dynamixel_sdk:/home/youn/ROS/open_manipulator_ws/install/dynamixel_interfaces:${AMENT_PREFIX_PATH} CMAKE_PREFIX_PATH=/home/youn/ROS/open_manipulator_ws/install/open_manipulator_playground:/home/youn/ROS/open_manipulator_ws/install/open_manipulator_moveit_config:/home/youn/ROS/open_manipulator_ws/install/dynamixel_hardware_interface:/home/youn/ROS/open_manipulator_ws/install/robotis_interfaces:/home/youn/ROS/open_manipulator_ws/install/open_manipulator_gui:/home/youn/ROS/open_manipulator_ws/install/open_manipulator_description:/home/youn/ROS/open_manipulator_ws/install/open_manipulator_collision:/home/youn/ROS/open_manipulator_ws/install/om_spring_actuator_controller:/home/youn/ROS/open_manipulator_ws/install/om_joint_trajectory_command_broadcaster:/home/youn/ROS/open_manipulator_ws/install/om_gravity_compensation_controller:/home/youn/ROS/open_manipulator_ws/install/dynamixel_sdk:/home/youn/ROS/open_manipulator_ws/install/dynamixel_interfaces:/home/youn/ROS/ros_workspace/install/user_interface:/opt/ros/jazzy/opt/gz_sim_vendor:/opt/ros/jazzy/opt/gz_sensors_vendor:/opt/ros/jazzy/opt/gz_physics_vendor:/opt/ros/jazzy/opt/sdformat_vendor:/opt/ros/jazzy/opt/gz_gui_vendor:/opt/ros/jazzy/opt/gz_transport_vendor:/opt/ros/jazzy/opt/gz_rendering_vendor:/opt/ros/jazzy/opt/gz_plugin_vendor:/opt/ros/jazzy/opt/gz_fuel_tools_vendor:/opt/ros/jazzy/opt/gz_msgs_vendor:/opt/ros/jazzy/opt/gz_common_vendor:/opt/ros/jazzy/opt/gz_math_vendor:/opt/ros/jazzy/opt/gz_utils_vendor:/opt/ros/jazzy/opt/gz_tools_vendor:/opt/ros/jazzy/opt/gz_ogre_next_vendor:/opt/ros/jazzy/opt/gz_dartsim_vendor:/opt/ros/jazzy/opt/gz_cmake_vendor:/home/youn/ROS/ros_workspace/install/ros_basic:/home/youn/ROS/ros_workspace/install/tf2_basic:/opt/ros/jazzy LD_LIBRARY_PATH=/home/youn/ROS/open_manipulator_ws/install/dynamixel_hardware_interface/lib:/home/youn/ROS/open_manipulator_ws/install/robotis_interfaces/lib:/home/youn/ROS/open_manipulator_ws/install/open_manipulator_gui/lib:/home/youn/ROS/open_manipulator_ws/install/open_manipulator_collision/lib:/home/youn/ROS/open_manipulator_ws/install/om_spring_actuator_controller/lib:/home/youn/ROS/open_manipulator_ws/install/om_joint_trajectory_command_broadcaster/lib:/home/youn/ROS/open_manipulator_ws/install/om_gravity_compensation_controller/lib:/home/youn/ROS/open_manipulator_ws/install/dynamixel_sdk/lib:/home/youn/ROS/open_manipulator_ws/install/dynamixel_interfaces/lib:${LD_LIBRARY_PATH} PYTHONPATH=/home/youn/ROS/open_manipulator_ws/build/open_manipulator_bringup:/home/youn/ROS/open_manipulator_ws/install/open_manipulator_bringup/lib/python3.12/site-packages:/home/youn/ROS/open_manipulator_ws/install/robotis_interfaces/lib/python3.12/site-packages:/home/youn/ROS/open_manipulator_ws/build/open_manipulator_teleop:/home/youn/ROS/open_manipulator_ws/install/open_manipulator_teleop/lib/python3.12/site-packages:/home/youn/ROS/open_manipulator_ws/install/dynamixel_sdk/lib/python3.12/site-packages:/home/youn/ROS/open_manipulator_ws/install/dynamixel_interfaces/lib/python3.12/site-packages:${PYTHONPATH} /usr/bin/cmake /home/youn/ROS/open_manipulator_ws/src/open_manipulator/open_manipulator -DCMAKE_BUILD_TYPE=Release -DAMENT_CMAKE_SYMLINK_INSTALL=1 -DCMAKE_INSTALL_PREFIX=/home/youn/ROS/open_manipulator_ws/install/open_manipulator
[170.885s] DEBUG:colcon.colcon_core.event_handler.log_command:Invoking command in '/home/youn/ROS/open_manipulator_ws/build/open_manipulator': AMENT_PREFIX_PATH=/home/youn/ROS/open_manipulator_ws/install/open_manipulator_bringup:/home/youn/ROS/open_manipulator_ws/install/open_manipulator_playground:/home/youn/ROS/open_manipulator_ws/install/open_manipulator_moveit_config:/home/youn/ROS/open_manipulator_ws/install/dynamixel_hardware_interface:/home/youn/ROS/open_manipulator_ws/install/robotis_interfaces:/home/youn/ROS/open_manipulator_ws/install/open_manipulator_teleop:/home/youn/ROS/open_manipulator_ws/install/open_manipulator_gui:/home/youn/ROS/open_manipulator_ws/install/open_manipulator_description:/home/youn/ROS/open_manipulator_ws/install/open_manipulator_collision:/home/youn/ROS/open_manipulator_ws/install/om_spring_actuator_controller:/home/youn/ROS/open_manipulator_ws/install/om_joint_trajectory_command_broadcaster:/home/youn/ROS/open_manipulator_ws/install/om_gravity_compensation_controller:/home/youn/ROS/open_manipulator_ws/install/dynamixel_sdk:/home/youn/ROS/open_manipulator_ws/install/dynamixel_interfaces:${AMENT_PREFIX_PATH} CMAKE_PREFIX_PATH=/home/youn/ROS/open_manipulator_ws/install/open_manipulator_playground:/home/youn/ROS/open_manipulator_ws/install/open_manipulator_moveit_config:/home/youn/ROS/open_manipulator_ws/install/dynamixel_hardware_interface:/home/youn/ROS/open_manipulator_ws/install/robotis_interfaces:/home/youn/ROS/open_manipulator_ws/install/open_manipulator_gui:/home/youn/ROS/open_manipulator_ws/install/open_manipulator_description:/home/youn/ROS/open_manipulator_ws/install/open_manipulator_collision:/home/youn/ROS/open_manipulator_ws/install/om_spring_actuator_controller:/home/youn/ROS/open_manipulator_ws/install/om_joint_trajectory_command_broadcaster:/home/youn/ROS/open_manipulator_ws/install/om_gravity_compensation_controller:/home/youn/ROS/open_manipulator_ws/install/dynamixel_sdk:/home/youn/ROS/open_manipulator_ws/install/dynamixel_interfaces:/home/youn/ROS/ros_workspace/install/user_interface:/opt/ros/jazzy/opt/gz_sim_vendor:/opt/ros/jazzy/opt/gz_sensors_vendor:/opt/ros/jazzy/opt/gz_physics_vendor:/opt/ros/jazzy/opt/sdformat_vendor:/opt/ros/jazzy/opt/gz_gui_vendor:/opt/ros/jazzy/opt/gz_transport_vendor:/opt/ros/jazzy/opt/gz_rendering_vendor:/opt/ros/jazzy/opt/gz_plugin_vendor:/opt/ros/jazzy/opt/gz_fuel_tools_vendor:/opt/ros/jazzy/opt/gz_msgs_vendor:/opt/ros/jazzy/opt/gz_common_vendor:/opt/ros/jazzy/opt/gz_math_vendor:/opt/ros/jazzy/opt/gz_utils_vendor:/opt/ros/jazzy/opt/gz_tools_vendor:/opt/ros/jazzy/opt/gz_ogre_next_vendor:/opt/ros/jazzy/opt/gz_dartsim_vendor:/opt/ros/jazzy/opt/gz_cmake_vendor:/home/youn/ROS/ros_workspace/install/ros_basic:/home/youn/ROS/ros_workspace/install/tf2_basic:/opt/ros/jazzy LD_LIBRARY_PATH=/home/youn/ROS/open_manipulator_ws/install/dynamixel_hardware_interface/lib:/home/youn/ROS/open_manipulator_ws/install/robotis_interfaces/lib:/home/youn/ROS/open_manipulator_ws/install/open_manipulator_gui/lib:/home/youn/ROS/open_manipulator_ws/install/open_manipulator_collision/lib:/home/youn/ROS/open_manipulator_ws/install/om_spring_actuator_controller/lib:/home/youn/ROS/open_manipulator_ws/install/om_joint_trajectory_command_broadcaster/lib:/home/youn/ROS/open_manipulator_ws/install/om_gravity_compensation_controller/lib:/home/youn/ROS/open_manipulator_ws/install/dynamixel_sdk/lib:/home/youn/ROS/open_manipulator_ws/install/dynamixel_interfaces/lib:${LD_LIBRARY_PATH} PYTHONPATH=/home/youn/ROS/open_manipulator_ws/build/open_manipulator_bringup:/home/youn/ROS/open_manipulator_ws/install/open_manipulator_bringup/lib/python3.12/site-packages:/home/youn/ROS/open_manipulator_ws/install/robotis_interfaces/lib/python3.12/site-packages:/home/youn/ROS/open_manipulator_ws/build/open_manipulator_teleop:/home/youn/ROS/open_manipulator_ws/install/open_manipulator_teleop/lib/python3.12/site-packages:/home/youn/ROS/open_manipulator_ws/install/dynamixel_sdk/lib/python3.12/site-packages:/home/youn/ROS/open_manipulator_ws/install/dynamixel_interfaces/lib/python3.12/site-packages:${PYTHONPATH} /usr/bin/cmake --build /home/youn/ROS/open_manipulator_ws/build/open_manipulator
[170.916s] DEBUG:colcon.colcon_core.event_handler.log_command:Invoked command in '/home/youn/ROS/open_manipulator_ws/build/open_manipulator' returned '0': AMENT_PREFIX_PATH=/home/youn/ROS/open_manipulator_ws/install/open_manipulator_bringup:/home/youn/ROS/open_manipulator_ws/install/open_manipulator_playground:/home/youn/ROS/open_manipulator_ws/install/open_manipulator_moveit_config:/home/youn/ROS/open_manipulator_ws/install/dynamixel_hardware_interface:/home/youn/ROS/open_manipulator_ws/install/robotis_interfaces:/home/youn/ROS/open_manipulator_ws/install/open_manipulator_teleop:/home/youn/ROS/open_manipulator_ws/install/open_manipulator_gui:/home/youn/ROS/open_manipulator_ws/install/open_manipulator_description:/home/youn/ROS/open_manipulator_ws/install/open_manipulator_collision:/home/youn/ROS/open_manipulator_ws/install/om_spring_actuator_controller:/home/youn/ROS/open_manipulator_ws/install/om_joint_trajectory_command_broadcaster:/home/youn/ROS/open_manipulator_ws/install/om_gravity_compensation_controller:/home/youn/ROS/open_manipulator_ws/install/dynamixel_sdk:/home/youn/ROS/open_manipulator_ws/install/dynamixel_interfaces:${AMENT_PREFIX_PATH} CMAKE_PREFIX_PATH=/home/youn/ROS/open_manipulator_ws/install/open_manipulator_playground:/home/youn/ROS/open_manipulator_ws/install/open_manipulator_moveit_config:/home/youn/ROS/open_manipulator_ws/install/dynamixel_hardware_interface:/home/youn/ROS/open_manipulator_ws/install/robotis_interfaces:/home/youn/ROS/open_manipulator_ws/install/open_manipulator_gui:/home/youn/ROS/open_manipulator_ws/install/open_manipulator_description:/home/youn/ROS/open_manipulator_ws/install/open_manipulator_collision:/home/youn/ROS/open_manipulator_ws/install/om_spring_actuator_controller:/home/youn/ROS/open_manipulator_ws/install/om_joint_trajectory_command_broadcaster:/home/youn/ROS/open_manipulator_ws/install/om_gravity_compensation_controller:/home/youn/ROS/open_manipulator_ws/install/dynamixel_sdk:/home/youn/ROS/open_manipulator_ws/install/dynamixel_interfaces:/home/youn/ROS/ros_workspace/install/user_interface:/opt/ros/jazzy/opt/gz_sim_vendor:/opt/ros/jazzy/opt/gz_sensors_vendor:/opt/ros/jazzy/opt/gz_physics_vendor:/opt/ros/jazzy/opt/sdformat_vendor:/opt/ros/jazzy/opt/gz_gui_vendor:/opt/ros/jazzy/opt/gz_transport_vendor:/opt/ros/jazzy/opt/gz_rendering_vendor:/opt/ros/jazzy/opt/gz_plugin_vendor:/opt/ros/jazzy/opt/gz_fuel_tools_vendor:/opt/ros/jazzy/opt/gz_msgs_vendor:/opt/ros/jazzy/opt/gz_common_vendor:/opt/ros/jazzy/opt/gz_math_vendor:/opt/ros/jazzy/opt/gz_utils_vendor:/opt/ros/jazzy/opt/gz_tools_vendor:/opt/ros/jazzy/opt/gz_ogre_next_vendor:/opt/ros/jazzy/opt/gz_dartsim_vendor:/opt/ros/jazzy/opt/gz_cmake_vendor:/home/youn/ROS/ros_workspace/install/ros_basic:/home/youn/ROS/ros_workspace/install/tf2_basic:/opt/ros/jazzy LD_LIBRARY_PATH=/home/youn/ROS/open_manipulator_ws/install/dynamixel_hardware_interface/lib:/home/youn/ROS/open_manipulator_ws/install/robotis_interfaces/lib:/home/youn/ROS/open_manipulator_ws/install/open_manipulator_gui/lib:/home/youn/ROS/open_manipulator_ws/install/open_manipulator_collision/lib:/home/youn/ROS/open_manipulator_ws/install/om_spring_actuator_controller/lib:/home/youn/ROS/open_manipulator_ws/install/om_joint_trajectory_command_broadcaster/lib:/home/youn/ROS/open_manipulator_ws/install/om_gravity_compensation_controller/lib:/home/youn/ROS/open_manipulator_ws/install/dynamixel_sdk/lib:/home/youn/ROS/open_manipulator_ws/install/dynamixel_interfaces/lib:${LD_LIBRARY_PATH} PYTHONPATH=/home/youn/ROS/open_manipulator_ws/build/open_manipulator_bringup:/home/youn/ROS/open_manipulator_ws/install/open_manipulator_bringup/lib/python3.12/site-packages:/home/youn/ROS/open_manipulator_ws/install/robotis_interfaces/lib/python3.12/site-packages:/home/youn/ROS/open_manipulator_ws/build/open_manipulator_teleop:/home/youn/ROS/open_manipulator_ws/install/open_manipulator_teleop/lib/python3.12/site-packages:/home/youn/ROS/open_manipulator_ws/install/dynamixel_sdk/lib/python3.12/site-packages:/home/youn/ROS/open_manipulator_ws/install/dynamixel_interfaces/lib/python3.12/site-packages:${PYTHONPATH} /usr/bin/cmake --build /home/youn/ROS/open_manipulator_ws/build/open_manipulator
[170.916s] DEBUG:colcon.colcon_core.event_handler.log_command:Invoking command in '/home/youn/ROS/open_manipulator_ws/build/open_manipulator': AMENT_PREFIX_PATH=/home/youn/ROS/open_manipulator_ws/install/open_manipulator_bringup:/home/youn/ROS/open_manipulator_ws/install/open_manipulator_playground:/home/youn/ROS/open_manipulator_ws/install/open_manipulator_moveit_config:/home/youn/ROS/open_manipulator_ws/install/dynamixel_hardware_interface:/home/youn/ROS/open_manipulator_ws/install/robotis_interfaces:/home/youn/ROS/open_manipulator_ws/install/open_manipulator_teleop:/home/youn/ROS/open_manipulator_ws/install/open_manipulator_gui:/home/youn/ROS/open_manipulator_ws/install/open_manipulator_description:/home/youn/ROS/open_manipulator_ws/install/open_manipulator_collision:/home/youn/ROS/open_manipulator_ws/install/om_spring_actuator_controller:/home/youn/ROS/open_manipulator_ws/install/om_joint_trajectory_command_broadcaster:/home/youn/ROS/open_manipulator_ws/install/om_gravity_compensation_controller:/home/youn/ROS/open_manipulator_ws/install/dynamixel_sdk:/home/youn/ROS/open_manipulator_ws/install/dynamixel_interfaces:${AMENT_PREFIX_PATH} CMAKE_PREFIX_PATH=/home/youn/ROS/open_manipulator_ws/install/open_manipulator_playground:/home/youn/ROS/open_manipulator_ws/install/open_manipulator_moveit_config:/home/youn/ROS/open_manipulator_ws/install/dynamixel_hardware_interface:/home/youn/ROS/open_manipulator_ws/install/robotis_interfaces:/home/youn/ROS/open_manipulator_ws/install/open_manipulator_gui:/home/youn/ROS/open_manipulator_ws/install/open_manipulator_description:/home/youn/ROS/open_manipulator_ws/install/open_manipulator_collision:/home/youn/ROS/open_manipulator_ws/install/om_spring_actuator_controller:/home/youn/ROS/open_manipulator_ws/install/om_joint_trajectory_command_broadcaster:/home/youn/ROS/open_manipulator_ws/install/om_gravity_compensation_controller:/home/youn/ROS/open_manipulator_ws/install/dynamixel_sdk:/home/youn/ROS/open_manipulator_ws/install/dynamixel_interfaces:/home/youn/ROS/ros_workspace/install/user_interface:/opt/ros/jazzy/opt/gz_sim_vendor:/opt/ros/jazzy/opt/gz_sensors_vendor:/opt/ros/jazzy/opt/gz_physics_vendor:/opt/ros/jazzy/opt/sdformat_vendor:/opt/ros/jazzy/opt/gz_gui_vendor:/opt/ros/jazzy/opt/gz_transport_vendor:/opt/ros/jazzy/opt/gz_rendering_vendor:/opt/ros/jazzy/opt/gz_plugin_vendor:/opt/ros/jazzy/opt/gz_fuel_tools_vendor:/opt/ros/jazzy/opt/gz_msgs_vendor:/opt/ros/jazzy/opt/gz_common_vendor:/opt/ros/jazzy/opt/gz_math_vendor:/opt/ros/jazzy/opt/gz_utils_vendor:/opt/ros/jazzy/opt/gz_tools_vendor:/opt/ros/jazzy/opt/gz_ogre_next_vendor:/opt/ros/jazzy/opt/gz_dartsim_vendor:/opt/ros/jazzy/opt/gz_cmake_vendor:/home/youn/ROS/ros_workspace/install/ros_basic:/home/youn/ROS/ros_workspace/install/tf2_basic:/opt/ros/jazzy LD_LIBRARY_PATH=/home/youn/ROS/open_manipulator_ws/install/dynamixel_hardware_interface/lib:/home/youn/ROS/open_manipulator_ws/install/robotis_interfaces/lib:/home/youn/ROS/open_manipulator_ws/install/open_manipulator_gui/lib:/home/youn/ROS/open_manipulator_ws/install/open_manipulator_collision/lib:/home/youn/ROS/open_manipulator_ws/install/om_spring_actuator_controller/lib:/home/youn/ROS/open_manipulator_ws/install/om_joint_trajectory_command_broadcaster/lib:/home/youn/ROS/open_manipulator_ws/install/om_gravity_compensation_controller/lib:/home/youn/ROS/open_manipulator_ws/install/dynamixel_sdk/lib:/home/youn/ROS/open_manipulator_ws/install/dynamixel_interfaces/lib:${LD_LIBRARY_PATH} PYTHONPATH=/home/youn/ROS/open_manipulator_ws/build/open_manipulator_bringup:/home/youn/ROS/open_manipulator_ws/install/open_manipulator_bringup/lib/python3.12/site-packages:/home/youn/ROS/open_manipulator_ws/install/robotis_interfaces/lib/python3.12/site-packages:/home/youn/ROS/open_manipulator_ws/build/open_manipulator_teleop:/home/youn/ROS/open_manipulator_ws/install/open_manipulator_teleop/lib/python3.12/site-packages:/home/youn/ROS/open_manipulator_ws/install/dynamixel_sdk/lib/python3.12/site-packages:/home/youn/ROS/open_manipulator_ws/install/dynamixel_interfaces/lib/python3.12/site-packages:${PYTHONPATH} /usr/bin/cmake --install /home/youn/ROS/open_manipulator_ws/build/open_manipulator
[171.031s] Level 1:colcon.colcon_core.environment:create_environment_scripts_only(open_manipulator)
[171.031s] Level 1:colcon.colcon_core.environment:checking '/home/youn/ROS/open_manipulator_ws/install/open_manipulator' for CMake module files
[171.032s] DEBUG:colcon.colcon_core.event_handler.log_command:Invoked command in '/home/youn/ROS/open_manipulator_ws/build/open_manipulator' returned '0': AMENT_PREFIX_PATH=/home/youn/ROS/open_manipulator_ws/install/open_manipulator_bringup:/home/youn/ROS/open_manipulator_ws/install/open_manipulator_playground:/home/youn/ROS/open_manipulator_ws/install/open_manipulator_moveit_config:/home/youn/ROS/open_manipulator_ws/install/dynamixel_hardware_interface:/home/youn/ROS/open_manipulator_ws/install/robotis_interfaces:/home/youn/ROS/open_manipulator_ws/install/open_manipulator_teleop:/home/youn/ROS/open_manipulator_ws/install/open_manipulator_gui:/home/youn/ROS/open_manipulator_ws/install/open_manipulator_description:/home/youn/ROS/open_manipulator_ws/install/open_manipulator_collision:/home/youn/ROS/open_manipulator_ws/install/om_spring_actuator_controller:/home/youn/ROS/open_manipulator_ws/install/om_joint_trajectory_command_broadcaster:/home/youn/ROS/open_manipulator_ws/install/om_gravity_compensation_controller:/home/youn/ROS/open_manipulator_ws/install/dynamixel_sdk:/home/youn/ROS/open_manipulator_ws/install/dynamixel_interfaces:${AMENT_PREFIX_PATH} CMAKE_PREFIX_PATH=/home/youn/ROS/open_manipulator_ws/install/open_manipulator_playground:/home/youn/ROS/open_manipulator_ws/install/open_manipulator_moveit_config:/home/youn/ROS/open_manipulator_ws/install/dynamixel_hardware_interface:/home/youn/ROS/open_manipulator_ws/install/robotis_interfaces:/home/youn/ROS/open_manipulator_ws/install/open_manipulator_gui:/home/youn/ROS/open_manipulator_ws/install/open_manipulator_description:/home/youn/ROS/open_manipulator_ws/install/open_manipulator_collision:/home/youn/ROS/open_manipulator_ws/install/om_spring_actuator_controller:/home/youn/ROS/open_manipulator_ws/install/om_joint_trajectory_command_broadcaster:/home/youn/ROS/open_manipulator_ws/install/om_gravity_compensation_controller:/home/youn/ROS/open_manipulator_ws/install/dynamixel_sdk:/home/youn/ROS/open_manipulator_ws/install/dynamixel_interfaces:/home/youn/ROS/ros_workspace/install/user_interface:/opt/ros/jazzy/opt/gz_sim_vendor:/opt/ros/jazzy/opt/gz_sensors_vendor:/opt/ros/jazzy/opt/gz_physics_vendor:/opt/ros/jazzy/opt/sdformat_vendor:/opt/ros/jazzy/opt/gz_gui_vendor:/opt/ros/jazzy/opt/gz_transport_vendor:/opt/ros/jazzy/opt/gz_rendering_vendor:/opt/ros/jazzy/opt/gz_plugin_vendor:/opt/ros/jazzy/opt/gz_fuel_tools_vendor:/opt/ros/jazzy/opt/gz_msgs_vendor:/opt/ros/jazzy/opt/gz_common_vendor:/opt/ros/jazzy/opt/gz_math_vendor:/opt/ros/jazzy/opt/gz_utils_vendor:/opt/ros/jazzy/opt/gz_tools_vendor:/opt/ros/jazzy/opt/gz_ogre_next_vendor:/opt/ros/jazzy/opt/gz_dartsim_vendor:/opt/ros/jazzy/opt/gz_cmake_vendor:/home/youn/ROS/ros_workspace/install/ros_basic:/home/youn/ROS/ros_workspace/install/tf2_basic:/opt/ros/jazzy LD_LIBRARY_PATH=/home/youn/ROS/open_manipulator_ws/install/dynamixel_hardware_interface/lib:/home/youn/ROS/open_manipulator_ws/install/robotis_interfaces/lib:/home/youn/ROS/open_manipulator_ws/install/open_manipulator_gui/lib:/home/youn/ROS/open_manipulator_ws/install/open_manipulator_collision/lib:/home/youn/ROS/open_manipulator_ws/install/om_spring_actuator_controller/lib:/home/youn/ROS/open_manipulator_ws/install/om_joint_trajectory_command_broadcaster/lib:/home/youn/ROS/open_manipulator_ws/install/om_gravity_compensation_controller/lib:/home/youn/ROS/open_manipulator_ws/install/dynamixel_sdk/lib:/home/youn/ROS/open_manipulator_ws/install/dynamixel_interfaces/lib:${LD_LIBRARY_PATH} PYTHONPATH=/home/youn/ROS/open_manipulator_ws/build/open_manipulator_bringup:/home/youn/ROS/open_manipulator_ws/install/open_manipulator_bringup/lib/python3.12/site-packages:/home/youn/ROS/open_manipulator_ws/install/robotis_interfaces/lib/python3.12/site-packages:/home/youn/ROS/open_manipulator_ws/build/open_manipulator_teleop:/home/youn/ROS/open_manipulator_ws/install/open_manipulator_teleop/lib/python3.12/site-packages:/home/youn/ROS/open_manipulator_ws/install/dynamixel_sdk/lib/python3.12/site-packages:/home/youn/ROS/open_manipulator_ws/install/dynamixel_interfaces/lib/python3.12/site-packages:${PYTHONPATH} /usr/bin/cmake --install /home/youn/ROS/open_manipulator_ws/build/open_manipulator
[171.032s] Level 1:colcon.colcon_core.environment:checking '/home/youn/ROS/open_manipulator_ws/install/open_manipulator' for CMake config files
[171.032s] Level 1:colcon.colcon_core.shell:create_environment_hook('open_manipulator', 'cmake_prefix_path')
[171.032s] INFO:colcon.colcon_core.shell:Creating environment hook '/home/youn/ROS/open_manipulator_ws/install/open_manipulator/share/open_manipulator/hook/cmake_prefix_path.ps1'
[171.033s] INFO:colcon.colcon_core.shell:Creating environment descriptor '/home/youn/ROS/open_manipulator_ws/install/open_manipulator/share/open_manipulator/hook/cmake_prefix_path.dsv'
[171.033s] INFO:colcon.colcon_core.shell:Creating environment hook '/home/youn/ROS/open_manipulator_ws/install/open_manipulator/share/open_manipulator/hook/cmake_prefix_path.sh'
[171.033s] Level 1:colcon.colcon_core.environment:checking '/home/youn/ROS/open_manipulator_ws/install/open_manipulator/bin'
[171.034s] Level 1:colcon.colcon_core.environment:checking '/home/youn/ROS/open_manipulator_ws/install/open_manipulator/lib/pkgconfig/open_manipulator.pc'
[171.034s] Level 1:colcon.colcon_core.environment:checking '/home/youn/ROS/open_manipulator_ws/install/open_manipulator/lib/python3.12/site-packages'
[171.034s] Level 1:colcon.colcon_core.environment:checking '/home/youn/ROS/open_manipulator_ws/install/open_manipulator/bin'
[171.034s] INFO:colcon.colcon_core.shell:Creating package script '/home/youn/ROS/open_manipulator_ws/install/open_manipulator/share/open_manipulator/package.ps1'
[171.034s] INFO:colcon.colcon_core.shell:Creating package descriptor '/home/youn/ROS/open_manipulator_ws/install/open_manipulator/share/open_manipulator/package.dsv'
[171.035s] INFO:colcon.colcon_core.shell:Creating package script '/home/youn/ROS/open_manipulator_ws/install/open_manipulator/share/open_manipulator/package.sh'
[171.035s] INFO:colcon.colcon_core.shell:Creating package script '/home/youn/ROS/open_manipulator_ws/install/open_manipulator/share/open_manipulator/package.bash'
[171.035s] INFO:colcon.colcon_core.shell:Creating package script '/home/youn/ROS/open_manipulator_ws/install/open_manipulator/share/open_manipulator/package.zsh'
[171.035s] Level 1:colcon.colcon_core.environment:create_file_with_runtime_dependencies(/home/youn/ROS/open_manipulator_ws/install/open_manipulator/share/colcon-core/packages/open_manipulator)
[171.035s] Level 1:colcon.colcon_core.environment:create_environment_scripts_only(open_manipulator)
[171.036s] Level 1:colcon.colcon_core.environment:checking '/home/youn/ROS/open_manipulator_ws/install/open_manipulator' for CMake module files
[171.036s] Level 1:colcon.colcon_core.environment:checking '/home/youn/ROS/open_manipulator_ws/install/open_manipulator' for CMake config files
[171.036s] Level 1:colcon.colcon_core.shell:create_environment_hook('open_manipulator', 'cmake_prefix_path')
[171.036s] INFO:colcon.colcon_core.shell:Creating environment hook '/home/youn/ROS/open_manipulator_ws/install/open_manipulator/share/open_manipulator/hook/cmake_prefix_path.ps1'
[171.036s] INFO:colcon.colcon_core.shell:Creating environment descriptor '/home/youn/ROS/open_manipulator_ws/install/open_manipulator/share/open_manipulator/hook/cmake_prefix_path.dsv'
[171.036s] INFO:colcon.colcon_core.shell:Creating environment hook '/home/youn/ROS/open_manipulator_ws/install/open_manipulator/share/open_manipulator/hook/cmake_prefix_path.sh'
[171.037s] Level 1:colcon.colcon_core.environment:checking '/home/youn/ROS/open_manipulator_ws/install/open_manipulator/bin'
[171.037s] Level 1:colcon.colcon_core.environment:checking '/home/youn/ROS/open_manipulator_ws/install/open_manipulator/lib/pkgconfig/open_manipulator.pc'
[171.037s] Level 1:colcon.colcon_core.environment:checking '/home/youn/ROS/open_manipulator_ws/install/open_manipulator/lib/python3.12/site-packages'
[171.037s] Level 1:colcon.colcon_core.environment:checking '/home/youn/ROS/open_manipulator_ws/install/open_manipulator/bin'
[171.037s] INFO:colcon.colcon_core.shell:Creating package script '/home/youn/ROS/open_manipulator_ws/install/open_manipulator/share/open_manipulator/package.ps1'
[171.038s] INFO:colcon.colcon_core.shell:Creating package descriptor '/home/youn/ROS/open_manipulator_ws/install/open_manipulator/share/open_manipulator/package.dsv'
[171.038s] INFO:colcon.colcon_core.shell:Creating package script '/home/youn/ROS/open_manipulator_ws/install/open_manipulator/share/open_manipulator/package.sh'
[171.038s] INFO:colcon.colcon_core.shell:Creating package script '/home/youn/ROS/open_manipulator_ws/install/open_manipulator/share/open_manipulator/package.bash'
[171.038s] INFO:colcon.colcon_core.shell:Creating package script '/home/youn/ROS/open_manipulator_ws/install/open_manipulator/share/open_manipulator/package.zsh'
[171.038s] Level 1:colcon.colcon_core.environment:create_file_with_runtime_dependencies(/home/youn/ROS/open_manipulator_ws/install/open_manipulator/share/colcon-core/packages/open_manipulator)
[171.039s] DEBUG:colcon.colcon_parallel_executor.executor.parallel:closing loop
[171.039s] DEBUG:colcon.colcon_parallel_executor.executor.parallel:loop closed
[171.039s] DEBUG:colcon.colcon_parallel_executor.executor.parallel:run_until_complete finished with '0'
[171.039s] DEBUG:colcon.colcon_core.event_reactor:joining thread
[171.056s] INFO:colcon.colcon_core.plugin_system:Skipping extension 'colcon_notification.desktop_notification.notify_send': Could not find 'notify-send'
[171.057s] INFO:colcon.colcon_core.plugin_system:Skipping extension 'colcon_notification.desktop_notification.terminal_notifier': Not used on non-Darwin systems
[171.057s] INFO:colcon.colcon_core.plugin_system:Skipping extension 'colcon_notification.desktop_notification.win32': Not used on non-Windows systems
[171.057s] INFO:colcon.colcon_notification.desktop_notification:Sending desktop notification using 'notify2'
[171.058s] DEBUG:colcon.colcon_notification.desktop_notification.notify2:Failed to initialize notify2: org.freedesktop.DBus.Error.ServiceUnknown: The name org.freedesktop.Notifications was not provided by any .service files
[171.058s] DEBUG:colcon.colcon_core.event_reactor:joined thread
[171.058s] INFO:colcon.colcon_core.shell:Creating prefix script '/home/youn/ROS/open_manipulator_ws/install/local_setup.ps1'
[171.059s] INFO:colcon.colcon_core.shell:Creating prefix util module '/home/youn/ROS/open_manipulator_ws/install/_local_setup_util_ps1.py'
[171.059s] INFO:colcon.colcon_core.shell:Creating prefix chain script '/home/youn/ROS/open_manipulator_ws/install/setup.ps1'
[171.060s] INFO:colcon.colcon_core.shell:Creating prefix script '/home/youn/ROS/open_manipulator_ws/install/local_setup.sh'
[171.060s] INFO:colcon.colcon_core.shell:Creating prefix util module '/home/youn/ROS/open_manipulator_ws/install/_local_setup_util_sh.py'
[171.060s] INFO:colcon.colcon_core.shell:Creating prefix chain script '/home/youn/ROS/open_manipulator_ws/install/setup.sh'
[171.061s] INFO:colcon.colcon_core.shell:Creating prefix script '/home/youn/ROS/open_manipulator_ws/install/local_setup.bash'
[171.061s] INFO:colcon.colcon_core.shell:Creating prefix chain script '/home/youn/ROS/open_manipulator_ws/install/setup.bash'
[171.062s] INFO:colcon.colcon_core.shell:Creating prefix script '/home/youn/ROS/open_manipulator_ws/install/local_setup.zsh'
[171.062s] INFO:colcon.colcon_core.shell:Creating prefix chain script '/home/youn/ROS/open_manipulator_ws/install/setup.zsh'
